month,intercept,slope,R2,N,BM_p01,BM_p99,BM_CZ_p01,BM_CZ_p99,date
1963-06,-0.0011220593105460974,0.9993804333887084,0.9985838407674488,461.0,0.15660040387883012,3.341773258167623,0.15660040387883015,3.341773258167623,1963-06-30
1963-07,0.0005948185953108531,0.9988640868081374,0.9986818123081918,464.0,0.15708784643247986,3.339960512625302,0.15708784643247986,3.339960512625302,1963-07-31
1963-08,0.0005848033129542962,0.9994341808451244,0.998877763613749,464.0,0.15708784643247986,3.339960512625302,0.15708784643247986,3.339960512625302,1963-08-31
1963-09,0.0018261576374276611,0.9995409963704966,0.9991683430640977,464.0,0.15708784643247986,3.339960512625302,0.15708784643247986,3.339960512625302,1963-09-30
1963-10,0.002873184242228377,0.9992501890601945,0.9992332502272095,464.0,0.15708784643247986,3.339960512625302,0.15708784643247986,3.339960512625302,1963-10-31
1963-11,0.0029739345303750886,0.999121367945629,0.9992743856944619,466.0,0.157412808134913,3.338752015597087,0.157412808134913,3.3387520155970876,1963-11-30
1963-12,0.005840709104065422,0.9989140069797068,0.9971003408765371,465.0,0.15725032728369642,3.3393562641111947,0.15725032728369642,3.3393562641111947,1963-12-31
1964-01,0.0066172805912696475,0.9980090418104408,0.9963085050515027,464.0,0.15708784643247986,3.339960512625302,0.15708784643247986,3.339960512625302,1964-01-31
1964-02,0.0072017545062497135,0.9980036598556151,0.9952499542761551,461.0,0.15660040387883012,3.2967075486701645,0.15660040387883015,3.296707548670165,1964-02-29
1964-03,0.009413684461069716,0.9975900203892819,0.9946047774318612,461.0,0.15660040387883012,3.2967075486701645,0.15660040387883015,3.296707548670165,1964-03-31
1964-04,0.013205252587291216,0.9961601212471427,0.991065171806666,459.0,0.15627544217639697,3.297404074301271,0.15627544217639697,3.297404074301271,1964-04-30
1964-05,0.014246057655417088,0.9951580578426125,0.9908861185805214,459.0,0.15627544217639697,3.297404074301271,0.15627544217639697,3.297404074301271,1964-05-31
1964-06,-0.001278462368868527,1.0030058046109813,0.9955127421706826,472.0,0.15377382934378683,2.7494670313999183,0.15386115172859124,2.7494670313999183,1964-06-30
1964-07,0.0006392993164947569,1.002539711899081,0.9958451745903047,473.0,0.15381094626911754,2.748916345265337,0.15389525753720457,2.748916345265337,1964-07-31
1964-08,0.002359036606428,1.000621769928568,0.9963870760042197,473.0,0.15381094626911754,2.748916345265337,0.15389525753720457,2.748916345265337,1964-08-31
1964-09,0.004041194830128325,0.9999911871966213,0.9967285473664546,473.0,0.15381094626911754,2.748916345265337,0.15389525753720457,2.748916345265337,1964-09-30
1964-10,0.005850713886000891,0.9989446472504502,0.9968733943913994,473.0,0.15381094626911754,2.748916345265337,0.15389525753720457,2.748916345265337,1964-10-31
1964-11,0.006201199966758941,0.9989216570691261,0.9969354164573409,473.0,0.15381094626911754,2.748916345265337,0.15389525753720457,2.748916345265337,1964-11-30
1964-12,0.008378557964124678,0.9993905507834724,0.9959807580854028,473.0,0.15381094626911754,2.748916345265337,0.15389525753720457,2.748916345265337,1964-12-31
1965-01,0.010109412976666898,0.9988806185070503,0.9956647983431377,472.0,0.15377382934378683,2.7494670313999183,0.15386115172859124,2.7494670313999183,1965-01-31
1965-02,0.01142808150788488,0.998343067514697,0.9952987327627131,472.0,0.15377382934378683,2.7494670313999183,0.15386115172859124,2.7494670313999183,1965-02-28
1965-03,0.012396196215313182,0.9991365435659321,0.9948803194855822,472.0,0.15377382934378683,2.7494670313999183,0.15386115172859124,2.7494670313999183,1965-03-31
1965-04,0.015675076116476894,0.9998013820318672,0.9880076091219374,472.0,0.15377382934378683,2.7494670313999183,0.15386115172859124,2.7494670313999183,1965-04-30
1965-05,0.01659048338850011,1.0000774784613204,0.9874092082590133,472.0,0.15377382934378683,2.7494670313999183,0.15386115172859124,2.76886283884047,1965-05-31
1965-06,0.007198131488789783,0.9926837318183968,0.9819920075975513,752.0,0.1447516681204782,2.5626073581887545,0.14376497407386446,2.5171221379407225,1965-06-30
1965-07,0.007121241423711289,0.9959155511294433,0.9821573072054209,756.0,0.1449257092963934,2.5588875860421734,0.14403383330257488,2.5588875860421734,1965-07-31
1965-08,0.008298808483507614,0.9924203715293426,0.9919162028447654,756.0,0.1449257092963934,2.5588875860421734,0.14403383330257488,2.5588875860421734,1965-08-31
1965-09,0.007651192835765541,0.9961352864505465,0.9932896502865105,756.0,0.1449257092963934,2.5588875860421734,0.14403383330257488,2.5588875860421734,1965-09-30
1965-10,0.00722301510957446,0.9970324993274816,0.9952586990601962,758.0,0.14501272988435102,2.6335745054995288,0.14924947757327037,2.633574505499529,1965-10-31
1965-11,0.0077543191848145065,0.9968332141139079,0.9954244676223705,759.0,0.1450562401783298,2.633027062419487,0.1492879157828792,2.633027062419487,1965-11-30
1965-12,0.00973714695753225,0.9984464904278118,0.9931281457965943,755.0,0.1448821990024146,2.6352168347396607,0.14913416294444387,2.635216834739661,1965-12-31
1966-01,0.012441002643987842,0.9974549374352026,0.992360450136359,752.0,0.1447516681204782,2.6368591639797865,0.14901884831561737,2.6368591639797865,1966-01-31
1966-02,0.009137883046352213,1.003910291274121,0.9915562473438312,749.0,0.1446211372385418,2.6385014932199122,0.1489035336867909,2.699861740863895,1966-02-28
1966-03,0.012934940236545511,1.0041145245864742,0.9888838334694058,753.0,0.144795178414457,2.6363117208997444,0.1490572865252262,2.6971630501099018,1966-03-31
1966-04,0.014571440194491858,1.0030232932453034,0.9816134542470407,754.0,0.1448386887084358,2.635764277819703,0.14389940368821966,2.696488377421403,1966-04-30
1966-05,0.01552358974938095,1.0038460185282077,0.9810092733795329,754.0,0.1448386887084358,2.635764277819703,0.14389940368821966,2.696488377421403,1966-05-31
1966-06,0.003038586437064561,0.990000578518994,0.9853271080619003,819.0,0.1033226924520946,2.450748519292329,0.10392391678948734,2.4869445595389994,1966-06-30
1966-07,0.00368815333021566,0.9943100195467801,0.9881494541507929,822.0,0.10334052036454654,2.4488483697196,0.10394290480010511,2.4837201645913933,1966-07-31
1966-08,0.004255115743682092,0.9953025445042427,0.9885862602222392,822.0,0.10334052036454654,2.4488483697196,0.10394290480010511,2.4837201645913933,1966-08-31
1966-09,0.005766152408877567,0.9955696214811036,0.9893733031614622,822.0,0.10334052036454654,2.4488483697196,0.10394290480010511,2.4837201645913933,1966-09-30
1966-10,0.007128563890146933,0.9958764303927587,0.9919115757112833,825.0,0.10335834827699847,2.6027295667476245,0.1051371484715666,2.6133235297466504,1966-10-31
1966-11,0.008056521231327496,0.9960610603682444,0.9947388554207408,826.0,0.10336429091448245,2.6008798279315877,0.10516607455733855,2.6008798279315872,1966-11-30
1966-12,0.012619872634256235,0.995082347326811,0.990627376978393,824.0,0.10335240563951449,2.604579305563661,0.1039555634738503,2.6045793055636604,1966-12-31
1967-01,0.015904332624535167,0.9933547127128317,0.9887172058877749,819.0,0.1033226924520946,2.450748519292329,0.10392391678948734,2.450748519292329,1967-01-31
1967-02,0.017015847371176118,0.9928900637197857,0.9857458583768479,819.0,0.1033226924520946,2.450748519292329,0.10392391678948734,2.450748519292329,1967-02-28
1967-03,0.023027104239335405,0.9900834451365296,0.9844001887316544,821.0,0.10333457772706256,2.6101285220117707,0.10393657546323253,2.6101285220117703,1967-03-31
1967-04,0.03340055446637191,0.9755945514748736,0.9723003755071572,822.0,0.10334052036454654,2.608278783195734,0.10394290480010511,2.6082787831957335,1967-04-30
1967-05,0.034057547812957556,0.9766853448747427,0.9717794518111539,822.0,0.10334052036454654,2.608278783195734,0.10394290480010511,2.6082787831957335,1967-05-31
1967-06,0.014509662919633737,0.9896660569764262,0.9765900587602434,933.0,0.0735324157617224,2.9665734429307626,0.09142211248640386,2.94983787487143,1967-06-30
1967-07,0.017072171470512543,0.9899956828792766,0.978386108252192,937.0,0.07364840804922843,2.9649963196004245,0.09157591938824156,2.949245196721052,1967-07-31
1967-08,0.01618068136403139,0.9915604297125494,0.9797565474058745,936.0,0.07361940997735192,2.9653906004330093,0.09153746766278213,2.9493933662586462,1967-08-31
1967-09,0.017328089798392288,0.9920886390233153,0.9803858994818943,936.0,0.07361940997735192,2.9653906004330093,0.09153746766278213,2.9493933662586462,1967-09-30
1967-10,0.01787348201228811,0.9939891473102751,0.9813403016970438,936.0,0.07361940997735192,2.9653906004330093,0.09153746766278213,2.9493933662586462,1967-10-31
1967-11,0.020323767701194484,0.9926893228193425,0.9839827881802509,935.0,0.07359041190547541,2.9657848812655936,0.09149901593732271,2.9664961967501773,1967-11-30
1967-12,0.03129230833374741,0.9879605048854663,0.9778372766622534,934.0,0.0735614138335989,2.9661791620981783,0.09913739681781626,2.9669012550901037,1967-12-31
1968-01,0.03691092734648771,0.9854214681489791,0.9747180623532778,932.0,0.07350341768984589,2.9669677237633474,0.0988282715450786,2.967711371769957,1968-01-31
1968-02,0.03765526844743727,0.9875218341206177,0.9716310224156596,929.0,0.07341642347421636,2.968150566261105,0.09836458363597207,2.9689265467897417,1968-02-29
1968-03,0.046481873704160015,0.9843880855548901,0.9644110370379959,929.0,0.07341642347421636,2.968150566261105,0.09836458363597207,2.9689265467897417,1968-03-31
1968-04,0.05356136497643227,0.9816201141652762,0.9566122765996542,927.0,0.07335842733046334,2.9689391279262742,0.09805545836323441,2.969736663469595,1968-04-30
1968-05,0.05537227608710327,0.9822318901372612,0.9534719401887575,928.0,0.07338742540233985,2.96854484709369,0.09821002099960324,2.9693316051296685,1968-05-31
1968-06,0.015281994418282818,0.9906022714341922,0.9638764160315713,1026.0,0.06866693871609618,2.2216723870585957,0.06416558381512866,2.240694354191231,1968-06-30
1968-07,0.018229361082133577,0.9913262327751479,0.9646154202656521,1032.0,0.06877168187301966,2.2209915882160387,0.06419874211598665,2.2393995297681375,1968-07-31
1968-08,0.01944491550060845,0.9914825495526032,0.9652468515724086,1031.0,0.06875422468019908,2.2211050546897995,0.06567519647177211,2.2396153338386555,1968-08-31
1968-09,0.021822183461539746,0.9897750588207613,0.9658457437959536,1033.0,0.06878913906584024,2.2208781217422797,0.06884354191155648,2.2208781217422793,1968-09-30
1968-10,0.023358919919045817,0.9902071742726805,0.9671580445476086,1033.0,0.06878913906584024,2.2208781217422797,0.06884354191155648,2.2208781217422793,1968-10-31
1968-11,0.024306383169894308,0.9899649753474419,0.9678844246570474,1034.0,0.06880659625866081,2.2207646552685203,0.06886269919330569,2.22076465526852,1968-11-30
1968-12,0.03333727085274296,0.9853404393911158,0.9632123182211807,1032.0,0.06877168187301966,2.2209915882160387,0.08187660392800117,2.2209915882160387,1968-12-31
1969-01,0.03842828295159262,0.9817652422953637,0.9593839706896181,1031.0,0.07002723084549861,2.2211050546897995,0.0869794097453411,2.221105054689799,1969-01-31
1969-02,0.04023420235663566,0.9818451502870038,0.9578434446837516,1030.0,0.07002553075656998,2.2212185211635584,0.08691235614760903,2.2212185211635584,1969-02-28
1969-03,0.047056256178865774,0.9784669366054999,0.9516928352448196,1030.0,0.07002553075656998,2.2212185211635584,0.08691235614760903,2.2212185211635584,1969-03-31
1969-04,0.04997771657033212,0.9772877568465449,0.9430401175784408,1028.0,0.07002213057871272,2.2214454541110773,0.08677824895214489,2.2402627460502007,1969-04-30
1969-05,0.052768610039124364,0.9746947162789206,0.9381086632102459,1027.0,0.07002043048978408,2.20393112808637,0.08671119535441282,2.2215589205848363,1969-05-31
1969-06,0.02784699437895316,0.9684962603873569,0.9248322236880542,1234.0,0.03498828932877476,1.5662535185816173,0.05117564310438288,1.5662535185816173,1969-06-30
1969-07,0.02949499444315329,0.9709353624294752,0.9278730685409872,1239.0,0.03236263649237322,1.5646036141004385,0.04650642343690166,1.5783995295673046,1969-07-31
1969-08,0.030205384732454543,0.972546138185968,0.9317890585884835,1239.0,0.03236263649237322,1.5646036141004385,0.04650642343690166,1.5783995295673046,1969-08-31
1969-09,0.031413353057777815,0.9736873915260544,0.9336971155930652,1241.0,0.03238655831069377,1.5639436523079702,0.04876202094988568,1.578358992747629,1969-09-30
1969-10,0.03330125298952091,0.9724755817346536,0.9358061388121875,1240.0,0.03237459740153349,1.5642736332042044,0.048652206018132756,1.5783792611574667,1969-10-31
1969-11,0.03211490315794008,0.9791483078651224,0.9379289900032963,1241.0,0.03238655831069377,1.5639436523079702,0.055651604599822956,1.6137751343379136,1969-11-30
1969-12,0.0388939456986383,0.9732294044413988,0.9247026763962515,1239.0,0.03236263649237322,1.5646036141004385,0.05563657021258489,1.6149286478444718,1969-12-31
1970-01,0.041235501112726225,0.9713239927997488,0.9222270669955771,1234.0,0.03230283194657183,1.5662535185816173,0.05559898424448972,1.61781243161088,1970-01-31
1970-02,0.04563116667807843,0.9669336675104847,0.9144589617010459,1237.0,0.032338714674052665,1.5652635758929145,0.056390953891037224,1.616082161351043,1970-02-28
1970-03,0.05117358886618817,0.9637692138382723,0.9058332912164854,1236.0,0.032326753764892385,1.5655935567891488,0.06009708805173814,1.616658918104322,1970-03-31
1970-04,0.054856973702050116,0.9606577446588965,0.9030401979252793,1237.0,0.032338714674052665,1.5652635758929145,0.061192450651806125,1.616082161351043,1970-04-30
1970-05,0.05750574523082008,0.9562328009532987,0.9037725258828222,1236.0,0.032326753764892385,1.5655935567891488,0.06132763556839962,1.616658918104322,1970-05-31
1970-06,0.0282964016025139,1.001218711717909,0.9288204196070319,1338.0,0.07200786494760414,2.8041024661591516,0.07777576665240025,2.9654636375882992,1970-06-30
1970-07,0.03293628108410673,0.9979364631346291,0.9389195674262656,1342.0,0.07203073033613559,2.798333249287156,0.07804143489617829,2.9464163701978574,1970-07-31
1970-08,0.03276394129193383,0.9997056009787598,0.940095260836986,1339.0,0.072013581294737,2.8026601619411524,0.07784218371334477,2.947694263559015,1970-08-31
1970-09,0.03326564015842137,1.001795347293003,0.9418670099605014,1339.0,0.072013581294737,2.8026601619411524,0.08272578473119194,2.947694263559015,1970-09-30
1970-10,0.03471059974984403,1.001638734315068,0.9442561475211187,1340.0,0.07201929764186986,2.8012178577231537,0.08274593586906792,2.947268299105296,1970-10-31
1970-11,0.0331469336225404,1.0056343558393583,0.9458615461135069,1343.0,0.07203644668326845,2.796890945069157,0.08280638928269587,2.9459904057441384,1970-11-30
1970-12,0.0373959046152853,1.0046890216251716,0.9433003795330065,1342.0,0.07203073033613559,2.798333249287156,0.08955394978253073,2.9464163701978574,1970-12-31
1971-01,0.03873545220039887,1.0031963447682948,0.9423370219840265,1335.0,0.07199071590620555,2.8084293788131807,0.09793295449549773,2.949398121373901,1971-01-31
1971-02,0.0402742282721239,1.0020863826142956,0.9421854503156227,1335.0,0.07199071590620555,2.8084293788131807,0.09793295449549773,2.949398121373901,1971-02-28
1971-03,0.04422031422380912,1.0000620799620936,0.9412510377262986,1331.0,0.07237186751662053,2.814198595685176,0.09784485366542882,2.932310443370383,1971-03-31
1971-04,0.04676341676584905,0.9994710593095398,0.9379486771041649,1331.0,0.07237186751662053,2.814198595685176,0.10028758334306613,2.932310443370383,1971-04-30
1971-05,0.04962299487166222,0.9970472351927268,0.9352623721418055,1329.0,0.07253838710169166,2.817083204121174,0.10264478040134173,2.917996530423927,1971-05-31
1971-06,0.057654958974709625,0.9809435861760318,0.9206167418130208,1486.0,0.10905785470954843,3.2152217454089134,0.1130753041086089,3.2269129241161143,1971-06-30
1971-07,0.058385608655653676,0.9784188216173902,0.929088249091997,1487.0,0.10907911579609002,3.2151972364753747,0.11311881626273758,3.2263621355304606,1971-07-31
1971-08,0.05769123033632029,0.978990508047181,0.9309718742119799,1487.0,0.10907911579609002,3.2151972364753747,0.11311881626273758,3.2263621355304606,1971-08-31
1971-09,0.058102860793901256,0.9783783189562542,0.9324937162774454,1488.0,0.1091003768826316,3.215172727541836,0.11316232841686624,3.2258113469447944,1971-09-30
1971-10,0.05781431017553096,0.9804165576844269,0.9369880584461238,1490.0,0.1091428990557148,3.2151237096747587,0.11324935272512357,3.224709769773487,1971-10-31
1971-11,0.05533155341178764,0.9851489648250135,0.9442657829070261,1489.0,0.10912163796917321,3.2151482186082974,0.11885411434017928,3.2252605583591407,1971-11-30
1971-12,0.0633542967062356,0.9791661565952284,0.9383980497361787,1485.0,0.10903659362300684,3.215246254342452,0.12223217373450361,3.227463712701768,1971-12-31
1972-01,0.07750740235394049,0.9609787682933888,0.9192568170218504,1474.0,0.10880272167104933,3.215515852611375,0.12778461612124034,3.215515852611375,1972-01-31
1972-02,0.07963144779474285,0.9585360887909565,0.9178772195207939,1474.0,0.10880272167104933,3.215515852611375,0.1313488875454381,3.215515852611375,1972-02-29
1972-03,0.08474939316013763,0.9575997639773497,0.9138983994341905,1474.0,0.10880272167104933,3.215515852611375,0.1313488875454381,3.215515852611375,1972-03-31
1972-04,0.08524117865025682,0.9582298574027603,0.9107352620022126,1474.0,0.10880272167104933,3.215515852611375,0.1313488875454381,3.215515852611375,1972-04-30
1972-05,0.08127689879714228,0.9640195969808371,0.9187043934346321,1470.0,0.11116013550452088,3.211423598065221,0.13211511991376798,3.217722292836885,1972-05-31
1972-06,0.027592250133707696,1.008676588018011,0.9355267760464187,1593.0,0.09838163969044761,2.9094109183435624,0.0984320762419481,3.1187944227054185,1972-06-30
1972-07,0.028629061644906306,1.0088730820526879,0.9404948694656385,1595.0,0.09840526111169795,2.90874800975687,0.09912653757244369,3.1180692410734117,1972-07-31
1972-08,0.0290532190731968,1.0094873649799927,0.9413608401510389,1596.0,0.09841707182232312,2.9084165554635244,0.10246400500777968,3.117706650257408,1972-08-31
1972-09,0.03045589781585256,1.0087520201912452,0.9447264398323414,1592.0,0.09836982897982244,2.909742372636908,0.10101615406588066,3.119157013521422,1972-09-30
1972-10,0.0312810628510789,1.00947036503209,0.945983001981762,1593.0,0.09838163969044761,2.9094109183435624,0.10268561623393432,3.1187944227054185,1972-10-31
1972-11,0.029265827478592632,1.0123191093840316,0.9475298472403644,1591.0,0.09835801826919727,2.910073826930254,0.10265329703902241,3.1603353265721226,1972-11-30
1972-12,0.03543156021603966,1.0104705818880424,0.9437866742153767,1589.0,0.09833439684794693,2.9107367355169464,0.10480462632737061,3.1650369412918478,1972-12-31
1973-01,0.040015820232593646,1.0068784186585265,0.939687709765039,1582.0,0.09825172187357072,2.913056915570376,0.10474620441742002,3.172552703341746,1973-01-31
1973-02,0.04274494999103118,1.0046350621627183,0.935026873473871,1582.0,0.09825172187357072,2.913056915570376,0.10474620441742002,3.172552703341746,1973-02-28
1973-03,0.04868711452650343,1.001920395152441,0.9303111213728551,1582.0,0.09825172187357072,2.913056915570376,0.10386247313526219,3.172552703341746,1973-03-31
1973-04,0.051142001310776064,1.000938684236953,0.9296171803013884,1576.0,0.09818085760981969,2.915045641330452,0.10469612849460523,3.178994785098781,1973-04-30
1973-05,0.05271600606335669,1.000077790682997,0.9276686935369564,1572.0,0.09813361476731901,2.916371458503836,0.10466274454606203,3.1832895062701376,1973-05-31
1973-06,0.03670672233759875,0.996425240999402,0.9208966385943704,1665.0,0.09708164202486064,3.0039016220291823,0.09219972604896526,3.117050522031737,1973-06-30
1973-07,0.03789272629684515,0.9967378267379783,0.9253231097486542,1666.0,0.09708355069628304,3.003808255533522,0.09474116866945095,3.1170084502557445,1973-07-31
1973-08,0.038570633611496485,0.9963885264473438,0.926644509417306,1666.0,0.09708355069628304,3.003808255533522,0.09679279885404528,3.1170084502557445,1973-08-31
1973-09,0.041084906542176,0.9964409094327202,0.9281739308890722,1664.0,0.09707973335343822,3.003994988524843,0.0973822502274674,3.117092593807729,1973-09-30
1973-10,0.042222357059332305,0.9963523427670342,0.9299486516133774,1662.0,0.09707591601059341,3.0041817215161637,0.09744326735980978,3.1171767373597135,1973-10-31
1973-11,0.04342518644543503,0.9963612449332607,0.932365797068533,1663.0,0.09707782468201583,3.004088355020503,0.10053893848791735,3.114127763078545,1973-11-30
1973-12,0.05070400551365306,0.9919556618209456,0.9248053451511293,1661.0,0.09761584937296829,3.004275088011826,0.10443559281015764,3.1172188091357067,1973-12-31
1974-01,0.05358576799181214,0.9894673292540088,0.92190796608323,1651.0,0.09753826684348478,3.0052087529684295,0.10511143638164394,3.117639526895629,1974-01-31
1974-02,0.05584757837843968,0.9885373078724636,0.9195026763392076,1644.0,0.09748395907284632,3.0058623184380515,0.10541788953982549,3.1179340293275746,1974-02-28
1974-03,0.059202079201089,0.991144238322933,0.9162044436117571,1638.0,0.09743740955515622,3.0064225174120134,0.10527059248980675,3.1444691114939656,1974-03-31
1974-04,0.06334086893335122,0.9892489094076394,0.911611940705224,1641.0,0.09746068431400128,3.0061424179250325,0.10534424101481613,3.1432916831225985,1974-04-30
1974-05,0.06302736625632976,0.9914008378917781,0.9115719037281169,1637.0,0.09742965130220786,3.006515883907674,0.10524604298147029,3.1908572452970914,1974-05-31
1974-06,0.035762630158790776,1.006340562696024,0.9479595580192423,1738.0,0.14523857285416536,6.645454340500867,0.13782790193913044,6.859742437727034,1974-06-30
1974-07,0.034444879264307726,1.0111213358907296,0.9505415911096904,1747.0,0.14553014872665151,6.635231359481941,0.1379192297988836,6.9550703857422915,1974-07-31
1974-08,0.038229294524299684,1.0085134662010473,0.9568123998738431,1744.0,0.14543295676915613,6.638639019821583,0.1408634472450934,6.87469774399197,1974-08-31
1974-09,0.03526343683392841,1.0103622505806313,0.9649322907186931,1740.0,0.14530336749249562,6.643182566941105,0.13784819701907558,6.880081806803314,1974-09-30
1974-10,0.0404209438975367,1.0075141882725975,0.9683601025517269,1735.0,0.14514138089666997,6.648862000840534,0.14514138089666995,6.760407331755192,1974-10-31
1974-11,0.033986908615675215,1.0138264559160697,0.9690506199031599,1729.0,0.14494699698167923,6.655677321519817,0.1482323078689984,6.894887979534539,1974-11-30
1974-12,0.0460517945887593,1.0129327275062976,0.9648368942160651,1726.0,0.14484980502418382,6.659084981859459,0.15232854634895185,6.898926026643046,1974-12-31
1975-01,0.05002896489698072,1.0112887179834955,0.9627746147662344,1716.0,0.14452583183253256,6.670443849658263,0.14778998105483448,6.912386183671405,1975-01-31
1975-02,0.0552364544761037,1.0097430155506113,0.9610732429087293,1712.0,0.14439624255587205,6.6749873967777855,0.15831060172351677,6.917770246482749,1975-02-28
1975-03,0.0852735819621131,0.9957785527211579,0.9521286804341177,1710.0,0.1443314479175418,6.677259170337573,0.15812100716392838,6.788030506148634,1975-03-31
1975-04,0.09103650853966117,0.9946833506255834,0.9488584062159751,1702.0,0.14407226936422077,6.686346264576617,0.1573759913037809,6.796869921954527,1975-04-30
1975-05,0.09628936998661586,0.9935470331415103,0.9442024201374328,1701.0,0.14403987204505564,6.687482151356497,0.1572678316457806,6.797974848930264,1975-05-31
1975-06,0.023778585461635693,1.0164539086902227,0.9346106806003925,2497.0,0.2570615503076541,9.47789388899266,0.26412591739944113,9.699028781508078,1975-06-30
1975-07,0.03849561663322598,1.0107156235989687,0.9486300986239171,2500.0,0.25712134646967005,9.476121009311758,0.2643441873643088,9.535109938771788,1975-07-31
1975-08,0.047601693623546826,1.006612173681099,0.9513525948447119,2496.0,0.25479251078840537,9.478484848886303,0.2551422989819131,9.478484848886303,1975-08-31
1975-09,0.05056998540015689,1.0046413645114383,0.9618312328301538,2497.0,0.25350680578687707,9.47789388899266,0.2550915390619571,9.47789388899266,1975-09-30
1975-10,0.049032194069833945,1.005475775784833,0.9662098442897272,2496.0,0.25344982683522604,9.478484848886303,0.2550774055466605,9.478484848886303,1975-10-31
1975-11,0.0511875792756058,1.0060381332807542,0.9676954040372191,2494.0,0.253335868931924,9.479666768673562,0.2570017541456381,9.53801333871562,1975-11-30
1975-12,0.06965907631173485,1.0002643173349572,0.9618540783554624,2485.0,0.2528230583670647,9.441357387239687,0.2568223656595902,9.484985407716216,1975-12-31
1976-01,0.08505233324629424,0.994581137029332,0.960401205533066,2471.0,0.25301469911471397,9.447052830936109,0.26223424437058784,9.38306589354863,1976-01-31
1976-02,0.08725081187015826,0.9942844806916717,0.958342799161012,2468.0,0.2518544161889972,9.448273283156757,0.26135821662354475,9.387028643085863,1976-02-29
1976-03,0.1079223427611562,0.9877191765867777,0.9522726548096376,2461.0,0.25145556352744,9.451121005004968,0.26070939566081625,9.385472686133802,1976-03-31
1976-04,0.11910580272008708,0.9835516065197,0.949209193476083,2450.0,0.2544272638430158,9.455595996480705,0.26683904913535583,9.397032115322174,1976-04-30
1976-05,0.11613886529583395,0.985580830147016,0.9479680110499193,2440.0,0.25428592869004957,9.459664170549582,0.26634474196880664,9.42626553640713,1976-05-31
1976-06,0.00532148827170853,1.0096751840363385,0.9478110077680194,2872.0,0.19843383247430793,5.471569928243593,0.1859021489335559,5.771394444444439,1976-06-30
1976-07,0.013683980214394653,1.0066171710696876,0.9549092462703607,2872.0,0.19843383247430793,5.471569928243593,0.19524158623539897,5.687296964097419,1976-07-31
1976-08,0.016355909213062514,1.004425253421952,0.9632756811676054,2868.0,0.198293343837344,5.4738562859638265,0.1951452313481163,5.6732201036727465,1976-08-31
1976-09,0.020484346535967868,1.0055157011047857,0.9662864184267365,2858.0,0.19490434412990965,5.479572180264411,0.1979421222449342,5.648180106653747,1976-09-30
1976-10,0.022139713075084888,1.0065369447423296,0.9682435153503836,2853.0,0.1947839005208063,5.482430127414715,0.1999653770596643,5.650017925232136,1976-10-31
1976-11,0.024927692891957065,1.0069406344103042,0.9704752885572225,2848.0,0.19466345691170295,5.4852880745650205,0.20550159670680138,5.651855743810526,1976-11-30
1976-12,0.04200205774327315,1.0044660061856416,0.9630228293425599,2841.0,0.19449483585895827,5.489289200575416,0.20527377472540748,5.724447551175482,1976-12-31
1977-01,0.052109367394886696,1.0001803446825972,0.9589288281431576,2826.0,0.19413350503164822,5.450232717851066,0.22200649052011587,5.6784241139596565,1977-01-31
1977-02,0.05690993075219186,0.9987185816061412,0.9545421350343042,2810.0,0.19374808548251754,5.5070084729072395,0.22177746122105216,5.746625887398756,1977-02-28
1977-03,0.07283340399604943,0.9944671582885715,0.949639702995861,2805.0,0.1936276418734142,5.509866420057544,0.22170588956509474,5.750203038402524,1977-03-31
1977-04,0.08401251406778587,0.9904730171628155,0.9476274238415519,2795.0,0.19330559428249444,5.5165055473566795,0.2213192028870935,5.685814320334937,1977-04-30
1977-05,0.09040205949553526,0.9882200813735379,0.9444543159719146,2791.0,0.19315513248006974,5.519407393742615,0.22109958331826998,5.688676041137938,1977-05-31
1977-06,0.005508304990569979,1.0029206015546943,0.9622234751130843,2889.0,0.17882270336020625,4.301741449205119,0.19221454186102307,4.508259547444894,1977-06-30
1977-07,0.0066886481921430985,1.0059826583340241,0.9672214397234135,2892.0,0.1789185258989341,4.300742761340522,0.19236940169294156,4.508124993893713,1977-07-31
1977-08,0.014640052570993767,0.9999727211436591,0.9707310625819894,2885.0,0.17869493997523583,4.303073033024593,0.19200806208513177,4.368216156270858,1977-08-31
1977-09,0.02348940627834062,0.9963813962282234,0.9750256780468141,2881.0,0.18956456921296477,4.304404616844067,0.2035594202847561,4.3113686313686195,1977-09-30
1977-10,0.02518226979746685,0.9977641349172166,0.9775703351547265,2868.0,0.1878813006620646,4.308732264257365,0.2039403266207182,4.320222888222884,1977-10-31
1977-11,0.02643790172767102,0.9978878343389959,0.9796459304290428,2862.0,0.18710440748472604,4.296405133095137,0.208026471761031,4.296405133095137,1977-11-30
1977-12,0.05457906351734754,0.982173787292531,0.9640976471965789,2852.0,0.18580958552249516,4.29662506172654,0.21373139366365704,4.285556907560189,1977-12-31
1978-01,0.06325709095285315,0.97690187996731,0.9606355200893579,2825.0,0.18231356622447173,4.2972188690313295,0.21125146981363993,4.2339268685946685,1978-01-31
1978-02,0.0668801521078799,0.9753389558404831,0.9570981603320993,2810.0,0.18037133328112534,4.297548761978434,0.2122875018466978,4.26019644331881,1978-02-28
1978-03,0.0846585521822194,0.9663381167971766,0.9504960637619063,2799.0,0.17914211182263232,4.298412489656434,0.2119589747035676,4.104330299955689,1978-03-31
1978-04,0.0926906439717774,0.962432765344905,0.9450077766562236,2792.0,0.1789185258989341,4.295745347200928,0.20999484070871569,4.1165894348269765,1978-04-30
1978-05,0.0948451337582743,0.9635465962807214,0.9411958990355604,2780.0,0.1785352357440228,4.296009261558611,0.20397079751042266,4.137605094606257,1978-05-31
1978-06,0.010791223806185801,0.9953553854124367,0.9569342818205947,2790.0,0.1868936770089577,4.202536153816783,0.17818934511977352,4.244705164272592,1978-06-30
1978-07,0.011593323003294076,0.9979501127271105,0.967787128466309,2792.0,0.18694495791232613,4.201595193497309,0.1782179661603918,4.189559985721474,1978-07-31
1978-08,0.011614061992220703,0.9995215456030999,0.9706337523077953,2786.0,0.1867911152022208,4.204418074455731,0.17813210303853697,4.190074329875641,1978-08-31
1978-09,0.014200004357020068,1.0010135645641784,0.9753882323200511,2772.0,0.18279485117895442,4.2110047966920465,0.18377860657838485,4.2110047966920465,1978-09-30
1978-10,0.017633792683833027,1.0010925341027521,0.9777078634365549,2761.0,0.18615010391011524,4.216180078449163,0.1925758002684605,4.216180078449163,1978-10-31
1978-11,0.018232326860734727,1.0023491936825593,0.9817958752107031,2755.0,0.18238366690998087,4.219002959407584,0.189542336926893,4.219002959407584,1978-11-30
1978-12,0.04083362450559047,0.9924894419711289,0.9723074645490996,2743.0,0.18568857577979922,4.224648721324426,0.20033491191961406,4.224648721324427,1978-12-31
1979-01,0.0486977093583687,0.9897296582223918,0.9688906670776865,2713.0,0.1936920843498659,4.196332183751335,0.22181808485878932,4.196332183751335,1979-01-31
1979-02,0.05511385480902664,0.9874994064751371,0.9651146648512237,2697.0,0.18707316017074724,4.199242792698614,0.2005734625852494,4.199242792698614,1979-02-28
1979-03,0.06892407691059255,0.9837117306649785,0.9532492596099963,2681.0,0.1866629129437997,4.206770475254404,0.1998646773682248,4.206770475254404,1979-03-31
1979-04,0.07880819792147808,0.9801662140874366,0.9496073331435179,2672.0,0.18502753394226454,4.2110047966920465,0.20466890718872457,4.2110047966920465,1979-04-30
1979-05,0.07897819769728298,0.9843296299088358,0.9423093998698575,2662.0,0.18428677944736122,4.215709598289416,0.20409457279664026,4.281017116819129,1979-05-31
1979-06,-0.009274301539509588,1.0059680036024963,0.9678213490496279,2722.0,0.17903584745039364,4.050656131791509,0.16202502781130593,4.124446724560269,1979-06-30
1979-07,-0.004497538804962398,1.0070048293808,0.9710231205721876,2729.0,0.18008169116193365,4.050030538369018,0.16532173744543607,4.124012167765455,1979-07-31
1979-08,0.00040609561674820327,1.0055226340953431,0.9735686157921313,2720.0,0.1787370349613822,4.0508348727693635,0.16717643535925725,4.124570883644501,1979-08-31
1979-09,0.004535833679495838,1.0061382657705915,0.9794053807006615,2710.0,0.17724297251632506,4.051728577658634,0.17337798913960098,4.125191679065662,1979-09-30
1979-10,0.008996984305496225,1.0054779526345412,0.9821623048775544,2700.0,0.17589194318542153,4.052694550260326,0.173144081700573,4.11960452027521,1979-10-31
1979-11,0.012860629663762557,1.0055642009841588,0.9836323648842419,2692.0,0.17584095814260473,4.053987655871142,0.18949428456579356,4.120101156612141,1979-11-30
1979-12,0.03529642493652552,0.9964899941716853,0.9740846059040029,2676.0,0.17474369170337606,4.076421607019059,0.17573898805697108,4.129403843249502,1979-12-31
1980-01,0.0350018253159432,1.0005275062605814,0.9714358047415131,2638.0,0.1754968091035913,4.062716118744105,0.17549680910359122,4.206841179878589,1980-01-31
1980-02,0.04447666227194946,0.9950900266465645,0.9628834499334843,2618.0,0.1753693464965493,4.065948882771126,0.17732322900123607,4.21221965288798,1980-02-29
1980-03,0.05474618275683607,0.9938372240334354,0.9575518866643724,2610.0,0.1753183614537325,4.067241988381935,0.18487044630321225,4.214371042091736,1980-03-31
1980-04,0.0630250937032304,0.99005421039581,0.9530536582006903,2597.0,0.1751782334282136,4.100394079863508,0.17517823342821348,4.2168460488073345,1980-04-30
1980-05,0.06639860976546319,0.9897242305067265,0.9496376745546629,2596.0,0.1729533806156109,4.100593541955904,0.17515754096512598,4.216859722272676,1980-05-31
1980-06,-0.012347180727900753,1.0079846479490582,0.9769254903880977,2699.0,0.10536524710540628,4.058721538885344,0.09402723376141153,4.120115262808416,1980-06-30
1980-07,-0.009022657616688301,1.0104158690496168,0.9807876262366098,2712.0,0.10543332174988669,4.057430451906811,0.09946012586741199,4.1119429792323325,1980-07-31
1980-08,-0.008460632658708445,1.0116217330363377,0.983015616101638,2712.0,0.10543332174988669,4.057430451906811,0.09946012586741199,4.1119429792323325,1980-08-31
1980-09,-0.0024170314047124997,1.0101389891061416,0.9874814187352905,2710.0,0.10429838401454834,4.0574427438324925,0.1054253035329775,4.1131664606196185,1980-09-30
1980-10,0.0028703826048293024,1.00678214012529,0.989693432620241,2695.0,0.10531729820244637,4.05692033699104,0.10576607775161748,4.061168501659916,1980-10-31
1980-11,0.006799065466519538,1.0056941496121186,0.9910656954438981,2694.0,0.10530531097670638,4.056926482953881,0.10576206864316288,4.061780242353573,1980-11-30
1980-12,0.024004420837698826,0.9985564015478593,0.9799404855320677,2698.0,0.10373182224001296,4.0593332795790005,0.10649320311481542,4.12083683078143,1980-12-31
1981-01,0.027183591199942292,0.9978926155088075,0.9759079051614435,2646.0,0.10556963143734269,4.057221489170231,0.10694035860956164,4.148658189010497,1981-01-31
1981-02,0.02998217008399018,0.9978567569436959,0.9754768685084857,2634.0,0.10458607743230779,4.057295240724318,0.10576480291164563,4.15520060257007,1981-02-28
1981-03,0.04330936511848771,0.9928021934150264,0.9688052682287945,2622.0,0.10444223072342806,4.057368992278405,0.11235864763752043,4.161743016129642,1981-03-31
1981-04,0.056651725447181445,0.9838607600890396,0.9556827753883094,2613.0,0.10433434569176828,4.0015057953020605,0.10766170713858247,4.1048340571322015,1981-04-30
1981-05,0.061401834233248964,0.981926243176529,0.954186308761544,2618.0,0.10545737640061423,4.0480745312066,0.10668337352986755,4.117759008193315,1981-05-31
1981-06,-0.0008771449603026671,0.9990856003260388,0.9659495742954629,2730.0,0.05757758398096484,4.0389040673861185,0.05725467732968371,3.999093152105093,1981-06-30
1981-07,-0.00021477887043519495,1.0004616670475612,0.978300661126842,2738.0,0.05766114649410698,4.0347171528297245,0.05766114649410692,3.9685663298674676,1981-07-31
1981-08,0.0016625205765774531,1.0011738916731665,0.9793663076920474,2733.0,0.058990811302232424,4.037333974427459,0.0591858756404847,3.97181415090561,1981-08-31
1981-09,0.0010367397773212161,1.004462653926203,0.9894098608256499,2743.0,0.0562260602872351,4.032100331231965,0.058439682199904204,4.032100331231965,1981-09-30
1981-10,0.0023488223782488493,1.0051639349280228,0.9911962205577846,2739.0,0.0561556843510323,4.034193788510163,0.05929459095943921,4.034193788510163,1981-10-31
1981-11,0.005810535292506858,1.0037571060145252,0.994148526268006,2735.0,0.055038517202706264,4.03628724578836,0.05841673345422746,4.03628724578836,1981-11-30
1981-12,0.026278043377857996,0.992099965936421,0.983975672629313,2728.0,0.05499093886511844,4.0399507960252174,0.06245198916121571,4.0399507960252174,1981-12-31
1982-01,0.03399573336266459,0.9870311586455762,0.9788587566644087,2652.0,0.06256913497111587,4.02739005235601,0.08214500867955579,4.014424671272453,1982-01-31
1982-02,0.04023929783561986,0.9842490701012624,0.976957700804579,2662.0,0.05919209062868949,3.9565433369920933,0.06943937853285484,3.910425526231416,1982-02-28
1982-03,0.04316206798084976,0.9887468329350284,0.9711180283651508,2658.0,0.05726256171210551,3.9595073936285483,0.06415028779678807,4.003713354658868,1982-03-31
1982-04,0.05516378432755631,0.981692965265978,0.9564583181415957,2648.0,0.057259745861240614,3.9669175352197192,0.06199333373335036,4.004171064882309,1982-04-30
1982-05,0.057438890960757716,0.9811809821575425,0.9557711516750264,2641.0,0.057257774765635185,4.033147059871064,0.06304347516583482,4.045013396769749,1982-05-31
1982-06,-0.00017052336722334083,1.0009009692443787,0.9639276587211081,2801.0,0.09128069083132563,4.401165871754107,0.0881945467943994,4.462505236698785,1982-06-30
1982-07,0.0020104555508637656,1.0006417529108846,0.97284192389794,2792.0,0.09100794227493546,4.403589413514032,0.08786992256415124,4.432477848880675,1982-07-31
1982-08,0.0028352707136554134,1.0020017171703992,0.9783864813664093,2785.0,0.09079580450885422,4.405474390438407,0.09112525602087772,4.435887420819286,1982-08-31
1982-09,0.005177234899583105,1.00243626112254,0.9806525140797859,2783.0,0.09073519371854528,4.406012955273944,0.09216578717151559,4.436861584230321,1982-09-30
1982-10,-0.0024460455853412277,1.0116785587147887,0.9886672178140162,2767.0,0.0919930854466005,4.287738226892142,0.09414041841003884,4.410321473958256,1982-10-31
1982-11,0.006754540566595857,1.0034797385733154,0.9925184866346627,2756.0,0.09384369477703991,4.3895318743735,0.09545874471586249,4.3895318743735,1982-11-30
1982-12,0.02524836566057287,0.9898316222498873,0.9767064023983744,2739.0,0.09534971969789573,4.318938802329947,0.09507597614684511,4.318938802329947,1982-12-31
1983-01,0.039450324991027186,0.9762400393793749,0.9709165988257735,2701.0,0.09574734035165688,4.3800131492439185,0.0950575641847629,4.219291183680881,1983-01-31
1983-02,0.04014492085167243,0.9765201590996327,0.9682700771901833,2687.0,0.09565755504274308,4.382974530395342,0.09452880191528168,4.241792258859686,1983-02-28
1983-03,0.04886620913646089,0.9695439150484803,0.9536955120280621,2678.0,0.0955998359155842,4.384878275421262,0.09058366674277295,4.2562572357603825,1983-03-31
1983-04,0.056972774500386514,0.9605534733489903,0.9417257352264643,2668.0,0.09654047541967163,4.3869935476722794,0.08823180182379094,4.258585470424673,1983-04-30
1983-05,0.054064186359933375,0.9648411897605763,0.9448813077459036,2659.0,0.09643393488814726,4.388897292698199,0.08822679741685774,4.269302094082089,1983-05-31
1983-06,0.0009789055374144207,1.0048771379123094,0.9554744280067522,2843.0,0.05875572305999056,3.8086090374091452,0.0587557230599905,3.8212528339251546,1983-06-30
1983-07,0.003197331576102247,1.0038234471775334,0.9656354676761556,2838.0,0.05866130822284646,3.80861219707279,0.061197036696825115,3.8221686372838883,1983-07-31
1983-08,0.005252702018677002,1.0013806782655439,0.9706442068271909,2823.0,0.05837806371141417,3.808621676063726,0.06089780477431425,3.810176946440217,1983-08-31
1983-09,0.008933935014074912,0.9978343421877492,0.9779340586400136,2814.0,0.058208117004554805,3.802767863511714,0.06247452683654428,3.7636764563180125,1983-09-30
1983-10,0.004039986067894019,1.0051127343079962,0.9830231397648801,2811.0,0.0606584192363056,3.8086292592564748,0.06592729418161133,3.8086292592564748,1983-10-31
1983-11,0.006983179429542852,1.0031976348417568,0.9858008790057988,2805.0,0.06053872646730125,3.8067863786034337,0.06937378768790246,3.806786378603434,1983-11-30
1983-12,0.029169927447197597,0.9824316822785303,0.9683720162470271,2793.0,0.06041029159859678,3.8085774407726927,0.06903977075911996,3.7592378671350914,1983-12-31
1984-01,0.03322950736315111,0.9798532893399382,0.9629772539089708,2751.0,0.0614563710296679,3.786247301468008,0.07026919585395786,3.73893372105364,1984-01-31
1984-02,0.03924621909499226,0.9769646508673463,0.960393753338574,2743.0,0.0625207395973162,3.7631282195559232,0.07018247228014743,3.713871730823496,1984-02-29
1984-03,0.05958435248887628,0.9566528708057626,0.940117188536719,2724.0,0.062490462271293276,3.798302846743147,0.06091775356914831,3.6786033221108947,1984-03-31
1984-04,0.06275164607629236,0.9560056971416857,0.9351257068590597,2711.0,0.0624697462061197,3.763429487977048,0.0582122677139786,3.675177014786277,1984-04-30
1984-05,0.06406970249935973,0.9576738173521169,0.929478584794012,2697.0,0.06237401559203456,3.759192013003322,0.06035907957356561,3.6760018585011784,1984-05-31
1984-06,-0.0026115653396482363,1.0072878500388367,0.92545126871075,3025.0,0.04574175810864942,2.5258013818057794,0.04086653565593116,2.7219633533616667,1984-06-30
1984-07,0.0012833745659892593,1.0026308542510567,0.9503901550905179,3024.0,0.04573486453880442,2.5261091679012018,0.0426303584530787,2.6463597846537317,1984-07-31
1984-08,0.0007373933880245875,1.0046698799695737,0.9555672730782162,3007.0,0.04629451685017325,2.5007848587170445,0.04298181458500678,2.6439976812511023,1984-08-31
1984-09,0.00021133703104891932,1.007433638087925,0.967829721010908,2987.0,0.04616915943903994,2.4717703679841456,0.04461591482849037,2.6183148669911365,1984-09-30
1984-10,0.001114318727779784,1.008100968368349,0.973911835043885,2964.0,0.04656856746655365,2.4416283031744825,0.04656856746655358,2.5630221348637074,1984-10-31
1984-11,0.003258271505726662,1.008500800464849,0.9785143411310467,2942.0,0.04675138505577861,2.4519517486860822,0.0507409574263432,2.5807612026717037,1984-11-30
1984-12,0.027654188370381805,0.9737483144343326,0.9518207760246217,2911.0,0.05009236113519203,2.466498421906954,0.046747661211888,2.464980143066643,1984-12-31
1985-01,0.0352134223812659,0.9637157970756501,0.947234607063207,2879.0,0.05016691678050054,2.472101494181092,0.04665005572153623,2.422747015371229,1985-01-31
1985-02,0.04157427812347336,0.955860131502554,0.9418321436518456,2859.0,0.05131314702081547,2.4729293096734604,0.05014498864952739,2.3695706992985457,1985-02-28
1985-03,0.05066018791167626,0.9425314965476138,0.9263425257703785,2840.0,0.05094555949273537,2.473715734391209,0.0456659569151523,2.3775321370460496,1985-03-31
1985-04,0.0512064554388626,0.9436755939750036,0.9225681502656379,2829.0,0.05073274566068899,2.4741710329120092,0.039573714056676645,2.3821413904788,1985-04-30
1985-05,0.056561997657027296,0.93546891280541,0.9177308972610626,2810.0,0.05223388453776279,2.4669676694301965,0.038942465997321506,2.3064124470370255,1985-05-31
1985-06,-0.009025655664081755,1.0316170181160396,0.9166081139094803,2918.0,0.05252872422301077,3.122324323474477,0.055075358077546356,3.610186233105785,1985-06-30
1985-07,-0.005919439781256086,1.0265158618458343,0.9325913564144478,2916.0,0.052873137754431,3.1228437003654617,0.05331730977536803,3.556467503022673,1985-07-31
1985-08,0.00031758364839273856,1.0195422201968132,0.9379410819239982,2905.0,0.05303657540035442,3.1692475256835126,0.05482514339314458,3.519440936803307,1985-08-31
1985-09,0.0018134517335860467,1.0138520774388098,0.960568826183013,2884.0,0.05406290927608956,3.1750881638888284,0.06849465772724403,3.4240898381293308,1985-09-30
1985-10,0.001407034456123002,1.013068355490699,0.970776040132098,2867.0,0.05457854692269027,3.1791576146509932,0.07094318830517621,3.369417596156072,1985-10-31
1985-11,-0.0018474890008531863,1.0171455257861972,0.9765810897456487,2851.0,0.059980913582419956,3.1829876859565545,0.06719016978601194,3.381076296868158,1985-11-30
1985-12,0.0367821690412502,0.9691168596934456,0.9336140305952177,2828.0,0.05757384429386875,3.1590631978853856,0.05344888615784829,3.227327984056307,1985-12-31
1986-01,0.03309948203679669,0.975279745157003,0.9380416878930411,2796.0,0.06676506300037617,3.1289530113518014,0.056425165612900445,3.2401870460189692,1986-01-31
1986-02,0.040439774489851255,0.9651753193832654,0.9250639393767979,2780.0,0.06650377624753089,3.1360377611244044,0.05276509098784151,3.2430225853499444,1986-02-28
1986-03,0.05896830415043797,0.9399767954101808,0.89682144518239,2764.0,0.06624248949468561,3.110378654981818,0.052792105553442555,3.1798757530207804,1986-03-31
1986-04,0.06438685782674591,0.9326993488665997,0.8834794552633386,2781.0,0.0687026763554614,3.1355949642636065,0.0528806651840906,3.1758063022586156,1986-04-30
1986-05,0.05917341389388597,0.9381644275232501,0.8875502004167565,2761.0,0.06823868604425613,3.111157720318301,0.0504412168862243,3.1805938913905787,1986-05-31
1986-06,0.00441002923720335,1.024345116231582,0.8873535817129352,3093.0,0.057893693445188125,3.2964879573989387,0.051017224730070136,3.5846385620888617,1986-06-30
1986-07,0.005736391330967372,1.0247569289764875,0.8939699802421283,3090.0,0.05780507514786385,3.2968409819093734,0.05049735021665899,3.567085469224077,1986-07-31
1986-08,0.003001153537282031,1.0259971331847562,0.9039429793271904,3073.0,0.05475358606358416,3.298841454135152,0.04863772911765687,3.570153683532687,1986-08-31
1986-09,0.001404392154659373,1.017524594545727,0.9519715403929314,3063.0,0.05460270049322951,3.281210199271483,0.05254617069300145,3.4846543366980662,1986-09-30
1986-10,0.0006225533573520625,1.0157798500116106,0.9660348851157577,3041.0,0.059171107392761005,3.286297294554146,0.05545232953610617,3.4556353932713657,1986-10-31
1986-11,0.005517670720555645,1.0055156637547003,0.9787743148112431,3014.0,0.05846836591333299,3.223592325869263,0.061644016447613456,3.2925405478556016,1986-11-30
1986-12,0.02017805932137684,0.9853523641854516,0.9605154192291013,2989.0,0.057775535715422426,3.1784495605056917,0.048636561463061494,3.2137572808553942,1986-12-31
1987-01,0.0313565345154635,0.9705746480399495,0.9403141242286586,2914.0,0.05556007828231568,3.1650996233890543,0.048979033174621475,3.2000061196438647,1987-01-31
1987-02,0.03856382281748749,0.9588366184489303,0.9354128920210562,2896.0,0.05798231174251239,3.1742362357384426,0.050617217351556686,3.1284579160177697,1987-02-28
1987-03,0.06788371579872887,0.9174322226353057,0.8823802630798543,2889.0,0.057775535715422426,3.129751000359432,0.04152006226851723,3.0269587317731275,1987-03-31
1987-04,0.06223702727309621,0.9264412705695936,0.8857811938051103,2870.0,0.05992590379659109,2.985240878955954,0.047539100316673216,2.9685517395837695,1987-04-30
1987-05,0.06921427859827567,0.917508564018762,0.8755606644424201,2858.0,0.05961357425017864,2.987606565205729,0.04090988014113284,2.9547365252666005,1987-05-31
1987-06,-0.01342205696386023,1.037203583547828,0.9040708802377962,3093.0,0.04482170579653357,3.4390189966686964,0.041485586478086256,3.857414957404335,1987-06-30
1987-07,-0.0034126842259267764,1.022527434971739,0.9173750196743765,3089.0,0.044792738213364214,3.3877809019252996,0.042332895677341616,3.6610485227835268,1987-07-31
1987-08,-0.0027513520646524903,1.0228171677332447,0.9251816659711415,3082.0,0.04474204494281783,3.358429264093708,0.044742044942817825,3.6513900845257212,1987-08-31
1987-09,-0.006558508688816578,1.0260591162785269,0.9418501037389018,3074.0,0.04468410977647911,3.2354813918483294,0.04602124745262627,3.607398738368819,1987-09-30
1987-10,-0.009990166254500332,1.0298097100192825,0.9531007947024498,3052.0,0.04452478806904763,3.13305146942172,0.04684062357654805,3.546653280895942,1987-10-31
1987-11,-0.0076322728136511975,1.0268514181352626,0.9677093646899979,3026.0,0.04599385384842808,3.163110846034458,0.047629847381413404,3.4729609517790245,1987-11-30
1987-12,0.03585985356964749,0.9625180805457362,0.9302021940486167,3003.0,0.04598072774641641,3.074350054887993,0.047701379166950914,3.0764630593898046,1987-12-31
1988-01,0.03617620959330392,0.9647823360057424,0.9231056643496262,2957.0,0.04679864841128347,3.018971680115841,0.047650660421367994,3.076428921700482,1988-01-31
1988-02,0.03687284948895131,0.9652705657549743,0.9245286584851312,2939.0,0.0460012729495651,3.0374311383732095,0.046001272949565034,3.0764403009302566,1988-02-29
1988-03,0.06706909247610648,0.9246393379800609,0.8795732071701817,2914.0,0.045987005447378514,3.0630692748418005,0.029857701566857558,2.9294297308191544,1988-03-31
1988-04,0.07277111315224183,0.9196402413536838,0.8711104184173998,2898.0,0.047400030952023026,3.0798694954146613,0.02804109965386543,2.93391244784724,1988-04-30
1988-05,0.08066957844860889,0.9089453803170782,0.8625052165183033,2871.0,0.046019535352363944,3.1110850018970915,0.03064623782488152,2.9290971519632807,1988-05-31
1988-06,-0.010176265738823242,1.0343155601222058,0.91872559803579,3067.0,0.04713343129228417,3.5705258619866718,0.0409379129693596,3.980205555585412,1988-06-30
1988-07,-0.009166035929037308,1.0325587639114893,0.9284411094323792,3057.0,0.047126070794802695,3.5721468280829036,0.045111896024765556,3.9808159929517863,1988-07-31
1988-08,-0.006305566854557965,1.0291478074343603,0.9366408025059602,3034.0,0.0471091416505953,3.575875050104241,0.04688159619149066,3.9758969741003187,1988-08-31
1988-09,0.002040373845570209,1.0160510132000433,0.9569385726111416,3018.0,0.047097364854624936,3.538210349264243,0.04839103304540105,3.764121036093533,1988-09-30
1988-10,0.003429922812235753,1.0135589386122905,0.9674954395385448,3000.0,0.04708145580802427,3.5404049432139537,0.047154324733090794,3.743444797313316,1988-10-31
1988-11,-0.0010713925772261046,1.0159513812285557,0.9811242020220687,2982.0,0.04702032419214543,3.5680944128423198,0.04734794369298235,3.789369332084684,1988-11-30
1988-12,0.023905961135919807,0.9831119446161245,0.9499461311457151,2948.0,0.04785655268322708,3.5347762108154703,0.03554888279040454,3.6537593629670977,1988-12-31
1989-01,0.02535042218473882,0.9817317529966364,0.9434270831083996,2899.0,0.0471569848842249,3.540653525376035,0.03445010896845266,3.7185851578343345,1989-01-31
1989-02,0.029778268564734756,0.9760585385754768,0.9349342042770062,2882.0,0.04734794369298243,3.544879422131327,0.03254351268947044,3.722853804097956,1989-02-28
1989-03,0.04932579906041401,0.9526174484132172,0.909516435527084,2858.0,0.04729179948283096,3.550845394021144,0.02409983903929929,3.6400734903736027,1989-03-31
1989-04,0.05410301842002563,0.9480436287501247,0.9060710770767897,2841.0,0.04840600227511348,3.555071290776436,0.026412170589271165,3.6368017297849917,1989-04-30
1989-05,0.0565341707527397,0.9441917500413075,0.8977839922341895,2826.0,0.04839623973399672,3.558800023207577,0.02475091386051425,3.6506961026757976,1989-05-31
1989-06,0.005447242460014823,1.0138146812407658,0.9143081583936143,3134.0,0.0399019430298308,3.2823686070338938,0.04275690020270583,3.4513393212328034,1989-06-30
1989-07,0.012913979010650278,1.0061650733344545,0.9228750707344734,3130.0,0.03970629119632933,3.373108575961813,0.043616497481650945,3.4521007147614164,1989-07-31
1989-08,0.01631615566877187,1.0013620447490776,0.931529958730839,3109.0,0.04289207761675198,3.3995042838601175,0.04350449629488339,3.438165767924905,1989-08-31
1989-09,0.01745145866016473,0.9965133551944245,0.9511514756223437,3105.0,0.04295874619006001,3.4045320377455033,0.047220509680412505,3.4178228669748645,1989-09-30
1989-10,0.014803961408871524,0.997209700999583,0.9639008080102015,3087.0,0.04293082901907098,3.4100009284367125,0.04807602367769022,3.420177515782431,1989-10-31
1989-11,0.006637533974443666,1.0076252370733256,0.9736379933807717,3072.0,0.042923376826317326,3.3203171601652044,0.04860457545516214,3.422472135122706,1989-11-30
1989-12,0.03236749824680529,0.9696707475701631,0.9347062866281917,3049.0,0.044554078479014055,3.349226745006202,0.031889862505535285,3.4111982997668067,1989-12-31
1990-01,0.03918722313182399,0.9592643501654176,0.927249671032835,2998.0,0.047135534428307056,3.4096543209464234,0.0404473726085499,3.4096543209464234,1990-01-31
1990-02,0.03866207444436731,0.9613483352918468,0.9212363383979071,2989.0,0.047005805842323854,3.298949206152286,0.040671647594999895,3.394502750061552,1990-02-28
1990-03,0.045832621489182435,0.9509245039656297,0.9044350220480432,2980.0,0.04687607725634066,3.310261652394433,0.026104337149084486,3.3960426747675094,1990-03-31
1990-04,0.062067548570571174,0.9299595974092456,0.8874978166370722,2965.0,0.04665986294636867,3.2817263017434506,0.024724757381346787,3.2868274552483325,1990-04-30
1990-05,0.06420848387351608,0.9282268752890322,0.886253258745956,2950.0,0.04457683367282446,3.2820370946259225,0.02455189262343618,3.2892637287578324,1990-05-31
1990-06,0.010685642856503752,1.0154816301687761,0.9109129929622599,3239.0,0.030634491839938573,3.5829140991121466,0.03135144778305028,3.79843799851132,1990-06-30
1990-07,0.01117656744215012,1.011982497883636,0.9235626038747857,3239.0,0.030634491839938573,3.5829140991121466,0.031903253171760924,3.7571419449624166,1990-07-31
1990-08,0.0116164192095366,1.0108536202888538,0.927939162930279,3222.0,0.030579934091123726,3.586692768280875,0.03255907737112695,3.766839326023142,1990-08-31
1990-09,0.01055922806593923,1.0079399637368,0.9548608885578633,3207.0,0.03053179490099298,3.5900268881356365,0.038554752621848355,3.7212112783417206,1990-09-30
1990-10,0.008599718355555841,1.0083298444038773,0.9685723598417006,3199.0,0.030508803478349056,3.591806435041549,0.038680670789344986,3.712567150651252,1990-10-31
1990-11,0.005419529357763242,1.0091756159260479,0.9769718580818366,3178.0,0.030469578139137005,3.5964883741636577,0.03883596744947444,3.7059915551976284,1990-11-30
1990-12,0.02671392685007956,0.9800754303447387,0.9356731945524718,3174.0,0.03164967205960263,3.597380172091677,0.038646453896003505,3.6764734554139986,1990-12-31
1991-01,0.032362736245766244,0.9705799965097732,0.9325688362701934,3146.0,0.03197138231687682,3.6036227575878255,0.03860813097546106,3.653927780840219,1991-01-31
1991-02,0.03734080701417253,0.9640920795769294,0.9269721445682608,3129.0,0.031936758405676426,3.607412898781904,0.03873888425305308,3.6317978616568993,1991-02-28
1991-03,0.04634795495144617,0.9504185609010718,0.9029153375760178,3114.0,0.03237786726902656,3.6107571410119834,0.031164907551220762,3.685801002738557,1991-03-31
1991-04,0.05989450125404017,0.9319596805474598,0.8841886185692178,3094.0,0.03206914394850147,3.615419326523223,0.030978527758530217,3.640771809754274,1991-04-30
1991-05,0.05598694948606353,0.9377745122183171,0.889346541952966,3090.0,0.03534928393017648,3.5938129803795986,0.03271844612449375,3.6418681406781017,1991-05-31
1991-06,-0.022236247505600826,1.0616701449642478,0.9112169836756888,3204.0,0.03909109648560592,6.118245479368215,0.04620417097952907,7.105810442405439,1991-06-30
1991-07,-0.020305423119274746,1.0524091303329677,0.928418103010173,3211.0,0.03921216471498691,6.116494720412187,0.046363679496595506,7.097666173956627,1991-07-31
1991-08,-0.011657440939368824,1.0385964476591796,0.9437576494193368,3189.0,0.04056121069951794,6.123357084777907,0.04936770803473648,6.89768909507973,1991-08-31
1991-09,-0.011064995396383948,1.0346977132344186,0.9601711769663787,3180.0,0.041196405436474424,6.126628044885026,0.04927022118558214,6.814927998213048,1991-09-30
1991-10,-0.016703964169349605,1.0380086408796667,0.9710135494304875,3171.0,0.04114768590726084,6.1298990049921445,0.049172734336427805,6.818142344614046,1991-10-31
1991-11,0.0051182869575516765,1.011646078599272,0.9847775156399393,3151.0,0.04103942028678621,6.106490383520554,0.0474544438801221,6.303848682016309,1991-11-30
1991-12,0.044727026483998955,0.9641618245455854,0.9461893588697529,3133.0,0.04094198122835904,6.091946784184505,0.033935064939763365,6.143709725444389,1991-12-31
1992-01,0.039571967972957145,0.9701179218802787,0.9388711342206547,3098.0,0.04071686985157921,6.120086124670788,0.03050143831035197,6.435481449383409,1992-01-31
1992-02,0.05983949072712935,0.9504225528698725,0.9293384514578505,3088.0,0.0405439152381778,6.097236371895798,0.027551549847366442,6.123720524789817,1992-02-29
1992-03,0.0786585754358684,0.9293857207741879,0.9054862370183416,3075.0,0.04031907424075596,6.089271675268774,0.018293870377446123,6.089271675268774,1992-03-31
1992-04,0.09517971161365968,0.9158368447496671,0.8865213747254075,3064.0,0.0401288241660144,6.034774436090215,0.01806536661849529,5.9790941986693085,1992-04-30
1992-05,0.10549198999224929,0.9064394310683634,0.8759604699896598,3045.0,0.03980021040055172,6.052631578947364,0.016602287952376893,5.958724757791524,1992-05-31
1992-06,0.008771177884342674,1.012752509699219,0.9369092779250805,3172.0,0.024782261325385385,5.297094294536935,0.01809845117323756,5.338307589854549,1992-06-30
1992-07,0.010288740683539466,1.006825774869455,0.9505550138544593,3154.0,0.02518024591563078,5.304133172360221,0.019960449035699754,5.346655141242929,1992-07-31
1992-08,0.010136969414184072,1.0051447866932028,0.9593682751924051,3129.0,0.025089595489323532,5.272380596524619,0.02036911664346426,5.313909391559239,1992-08-31
1992-09,0.009321524632682654,1.0085577116916473,0.9733310286706817,3110.0,0.025020701165330023,5.281455324777746,0.02128308485013895,5.321339318150495,1992-09-30
1992-10,0.009702578744545165,1.0059537489521007,0.9784731486307494,3097.0,0.025336164648879243,5.287318075337917,0.02005540842227373,5.326713768481787,1992-10-31
1992-11,0.01219832649528374,1.0028114609725955,0.984092823246112,3079.0,0.028869049792405815,5.248499732700606,0.029168096289713938,5.248499732700606,1992-11-30
1992-12,0.028261357745770654,0.9878027913201095,0.9617524369103644,3068.0,0.02912687238355636,5.253753522741895,0.029424812822719852,5.253753522741895,1992-12-31
1993-01,0.035820914013969585,0.9768116656103146,0.9579836344282595,3046.0,0.029458116717710314,5.264261102824473,0.030406804107670098,5.223361561233828,1993-01-31
1993-02,0.04027426099413356,0.9737323180154182,0.9538706108050261,3041.0,0.02945334126748178,5.266649189206861,0.03170517417611044,5.224987182498733,1993-02-28
1993-03,0.04898346750297877,0.9646277537835449,0.9422877679613445,3022.0,0.02992885347436564,5.275723917459988,0.03160871757256293,5.231164543305408,1993-03-31
1993-04,0.05023069645790146,0.9654369154998451,0.9334187785758286,3004.0,0.03151733763236008,5.284321028436626,0.029383478932599436,5.246776042330075,1993-04-30
1993-05,0.053530013512013475,0.9619738440816799,0.9307776466612603,3001.0,0.03150210764232626,5.285753880266076,0.0295106466702242,5.247047709022201,1993-05-31
1993-06,0.0023392578918749463,1.0182646951588332,0.949206083429814,3213.0,0.031617375304353365,3.8081916795212347,0.024223898065760963,4.050030886789432,1993-06-30
1993-07,0.01011864945435359,1.0062459271230277,0.9559803510087501,3209.0,0.031551838545343054,3.8102108634309317,0.02441221066953954,3.9443229737780587,1993-07-31
1993-08,0.009225284762117592,1.0066768485827426,0.9625561987041684,3200.0,0.031414000686785376,3.816735771195828,0.024720459306017597,3.956706428915911,1993-08-31
1993-09,0.013312729558085712,1.0000622061952158,0.968342255792119,3197.0,0.0313937076651742,3.765788817417551,0.027879924161578355,3.8199046113602217,1993-09-30
1993-10,0.013685186225855794,0.9986973221013091,0.9723119353326637,3185.0,0.032797036966538975,3.771846369146642,0.03491418928507036,3.836870751689909,1993-10-31
1993-11,0.009633678680759816,1.0059686708179338,0.9811225203482253,3178.0,0.03386635233973867,3.7753799409886235,0.037255667629463814,3.8714396499982393,1993-11-30
1993-12,0.031078494258529488,0.976121427117165,0.9533071466070487,3162.0,0.03369862904890055,3.56683283548631,0.034206074318702644,3.589456289707523,1993-12-31
1994-01,0.03312969825766132,0.9726509335120423,0.9448953697157823,3125.0,0.03445343000214954,3.5270549400170004,0.03216555796799118,3.57780070435253,1994-01-31
1994-02,0.03357798538991075,0.9741459767111571,0.9368608042574715,3113.0,0.03436127814556537,3.4296744581259504,0.03185894271499214,3.5491987214772744,1994-02-28
1994-03,0.04211340889743609,0.9655243600690679,0.9197770951418187,3094.0,0.03403407563057679,3.4199133223826426,0.028862106371665915,3.548758197435137,1994-03-31
1994-04,0.04865813259660268,0.9591086918377848,0.9018686894151211,3086.0,0.03424487553118179,3.420877385172104,0.027909557074965112,3.5488017059825085,1994-04-30
1994-05,0.05091136787848771,0.9577322861907833,0.899931742188347,3079.0,0.033876835045416054,3.4217209401128805,0.02572148194803402,3.5488397759614587,1994-05-31
1994-06,0.01534758410646797,0.9893710871058194,0.9139469861158596,3355.0,0.03535219849153158,2.842778205399438,0.02611888485801136,2.9716869394007563,1994-06-30
1994-07,0.018447816203054246,0.9820034799634512,0.9316525941320393,3351.0,0.03529547757848581,2.8430926040564417,0.02690805257908345,2.8917832699980046,1994-07-31
1994-08,0.01402450836350666,0.9917194417436829,0.9456235644561509,3346.0,0.03522457643717858,2.8434856023776987,0.03144092527432401,2.8948795725650065,1994-08-31
1994-09,0.01676156705916676,0.9925064449268237,0.9551568909831257,3343.0,0.036110231641064174,2.8437214013704497,0.03611023164106411,2.859133658374658,1994-09-30
1994-10,0.016234880926166873,0.9956276015153558,0.9588953985709379,3328.0,0.03496933232847256,2.8183633739875003,0.036472889464979404,2.8550090800098045,1994-10-31
1994-11,0.015149619737116149,0.9963978828087859,0.9698179377802364,3319.0,0.03484171027411955,2.825296456272975,0.037310184323679205,2.849590857949072,1994-11-30
1994-12,0.025446700516239762,0.9862302725009646,0.9544291781429481,3302.0,0.0362613132772055,2.8383922783677105,0.03877588648272815,2.8501233043095744,1994-12-31
1995-01,0.025532420376115028,0.9876643831697398,0.9541090852636829,3253.0,0.03764296868055655,2.84293540472794,0.03741662652134343,2.8533465953090915,1995-01-31
1995-02,0.025651267878316397,0.989872555239754,0.9528344231829746,3253.0,0.03764296868055655,2.799104812083434,0.03698689594366454,2.8485259652280637,1995-02-28
1995-03,0.032121553961789506,0.9831656630114115,0.9426492811731001,3238.0,0.03738880400109812,2.810659949225881,0.03696448876683296,2.844114399691706,1995-03-31
1995-04,0.0362530683441733,0.9810219914594718,0.9368203943229652,3206.0,0.03845712567275726,2.7608082310175637,0.03691668678959226,2.7931793364266526,1995-04-30
1995-05,0.038618285032443134,0.9763244459951921,0.9327813858825391,3200.0,0.038439351342859585,2.752891863036679,0.03579561188356734,2.753232611514662,1995-05-31
1995-06,0.00203844553375232,1.0171647194797317,0.9266861474712534,3563.0,0.04375722358280281,2.9658187083504757,0.04916544264204893,3.176167606965324,1995-06-30
1995-07,0.006084248559585337,1.0075770043464378,0.9563394246313759,3557.0,0.04374244481923428,2.9673453887289196,0.050638447370406334,3.064934968815706,1995-07-31
1995-08,0.004819132990364405,1.0103324245302516,0.959722966273405,3534.0,0.043685792892221596,2.9731976635129596,0.05338604498616204,3.1292554224443947,1995-08-31
1995-09,0.004732120448316723,1.0095159763869257,0.9729932322478883,3530.0,0.04367594038317591,3.011692790930134,0.053357614148500994,3.1415345580928973,1995-09-30
1995-10,0.006811050896598392,1.0065082378935577,0.9760184063108261,3508.0,0.043873058614364184,3.0210190511749984,0.054018585303259724,3.1299806595345,1995-10-31
1995-11,0.007031152060887225,1.0081590548841788,0.9787202187231789,3493.0,0.044143069561267984,3.0248195001058953,0.05380539984166251,3.1457309971476426,1995-11-30
1995-12,0.022716104818477745,0.9885200422680406,0.9642128788911535,3471.0,0.04377692860089418,2.9637831345125507,0.05316868756905524,2.995725339707423,1995-12-31
1996-01,0.02859396454795826,0.9804292403791917,0.9586319958708791,3422.0,0.04391753100561893,2.9762510242698466,0.05358283712663468,2.983189422937303,1996-01-31
1996-02,0.03591115298824232,0.9721145621701107,0.9490589225721643,3411.0,0.0438825884124902,2.9790499382969995,0.05354392993304166,2.9790499382969995,1996-02-29
1996-03,0.04444908268036385,0.968542493677917,0.9330798977078365,3387.0,0.044124009965015955,2.9875292984775013,0.052293780073063734,2.9892656464710354,1996-03-31
1996-04,0.04198430582475543,0.9762360284467887,0.927675266657412,3371.0,0.04407318437501053,2.994312033201058,0.050835963898018886,3.103832866945056,1996-04-30
1996-05,0.049194472544197176,0.9650842760712492,0.9225985007976538,3365.0,0.044054124778758495,2.9653098148909947,0.04997725859549833,2.998147724671061,1996-05-31
1996-06,-0.004584619264649148,1.026543269171009,0.9390784264970954,3786.0,0.030059628870537036,2.9965926937108276,0.031079922472643098,3.262666571221345,1996-06-30
1996-07,0.0031020758670928794,1.0078837495329778,0.964207498170274,3795.0,0.030065328437920716,2.9951639955423484,0.03292261952717055,3.065638536077188,1996-07-31
1996-08,0.005548258121730099,1.003390942078937,0.9685080702341339,3774.0,0.030115636941565306,2.9984976246021287,0.03360195901936968,3.0249367110563887,1996-08-31
1996-09,0.008488930154836538,0.9990691316424917,0.9799978525419827,3773.0,0.030051396162093943,2.952773728636358,0.03442055263842025,2.952773728636358,1996-09-30
1996-10,0.006084632267620793,1.0026262631634242,0.9861718654167695,3753.0,0.030102257700015102,2.9220577735841244,0.0349155108217975,2.954136387639558,1996-10-31
1996-11,0.006658154124692173,1.0027338598003017,0.9907247233724232,3742.0,0.03009524952586976,2.8915909633449126,0.03546253140983769,2.9324991450958278,1996-11-30
1996-12,0.021486002966855655,0.9839745477156353,0.9704907367038942,3722.0,0.03022075375446476,2.893481010014203,0.0351704152039709,2.902300574764711,1996-12-31
1997-01,0.025253016113204296,0.9780407299457049,0.9633661741690549,3637.0,0.030801887822347513,2.886804976141083,0.036298857357072625,2.9010027869645043,1997-01-31
1997-02,0.02910590616589248,0.974659894189921,0.958935883604622,3641.0,0.030300295834808585,2.8561436460334564,0.03546247495353248,2.870577950826579,1997-02-28
1997-03,0.04636743511728314,0.9510705783700392,0.9278924661366025,3617.0,0.030662773116423247,2.865302489030441,0.03262803001082783,2.8293074510098886,1997-03-31
1997-04,0.05014800535286468,0.948990576241941,0.9215765513564564,3604.0,0.03057234855757247,2.8311562193078528,0.032470905828224594,2.8071442130317665,1997-04-30
1997-05,0.04990235891501105,0.9529801737876732,0.917986784931522,3584.0,0.03048031212190251,2.839734052330548,0.03238590605276978,2.848791525420302,1997-05-31
1997-06,0.0028497503090668674,1.0036123630251608,0.94741438936976,3960.0,0.04384803443733158,2.751206038107017,0.04104075798941809,2.868866170323471,1997-06-30
1997-07,0.004734124054810662,1.002798102113549,0.9599917001837733,3957.0,0.04605284469506867,2.7525901968554964,0.04193790749235942,2.849984079665509,1997-07-31
1997-08,0.008068064792137952,0.9952070008096658,0.9673720048490578,3931.0,0.04583774844209661,2.764586239342225,0.04192585146103432,2.7994123504994963,1997-08-31
1997-09,0.006746753895843893,0.9995389639146708,0.9821907597164168,3908.0,0.045647470987544396,2.731179373995882,0.04908412436701082,2.7751981230804956,1997-09-30
1997-10,0.006113088720102633,1.002188096744074,0.983512385088106,3888.0,0.04320563749702269,2.718495626772462,0.0491358649730213,2.779186889052503,1997-10-31
1997-11,0.008538431490855203,0.9997304138314638,0.9869206210269142,3860.0,0.04298655502003384,2.712178354256089,0.048549926482882144,2.7229349383006562,1997-11-30
1997-12,0.016352146314525196,0.991119066273459,0.9754439196216195,3830.0,0.04275182379468862,2.71434250523536,0.0491157521782385,2.727691343509443,1997-12-31
1998-01,0.019307416016651757,0.9873327397160125,0.9694946057664814,3758.0,0.04297090627167749,2.7123226309880404,0.04868580248336125,2.71232263098804,1998-01-31
1998-02,0.02273558527014441,0.9820598289186043,0.9592690635325762,3734.0,0.04278312129140132,2.6926420004401423,0.0470313725203365,2.6886586386478695,1998-02-28
1998-03,0.03173998107398002,0.9694296403476733,0.9370852108039988,3704.0,0.04337582054423573,2.6996862045854626,0.04453048990459753,2.7089557795635537,1998-03-31
1998-04,0.03059993686959639,0.9759940909036056,0.9318201197810005,3662.0,0.04469950008024001,2.6543389029140827,0.043406558099183486,2.7038343469379233,1998-04-30
1998-05,0.031014933428676894,0.976511218474868,0.9303548035241432,3642.0,0.0442430588609282,2.655129777420578,0.042106804385335136,2.713476844843653,1998-05-31
1998-06,0.002127871466110043,1.0097405158717327,0.9366502825997202,3969.0,0.027641552738209858,2.518109968119343,0.0342731479458828,2.707152569860977,1998-06-30
1998-07,0.008268447107706023,0.9994906744842917,0.9531956495012611,3944.0,0.027427493772206372,2.5234491654307982,0.03535135236442925,2.608848443846214,1998-07-31
1998-08,0.009463830889699931,0.9967466607376202,0.9566123728726984,3904.0,0.027976764406066564,2.510068708695503,0.03509221283193332,2.548543275349235,1998-08-31
1998-09,0.007224095854885371,0.9994507819437494,0.9781784025804384,3884.0,0.029609196175993037,2.514906449732468,0.03525722950497371,2.5416474112938174,1998-09-30
1998-10,0.006544532315957863,1.002008102828126,0.980722047966063,3842.0,0.03129771364189522,2.494778941736755,0.037336570029024414,2.5452677399229136,1998-10-31
1998-11,0.00658282169208213,1.0016522752438757,0.9863132337641634,3788.0,0.032472350554076705,2.476270276470884,0.03792857855301029,2.5140521781626357,1998-11-30
1998-12,0.024460754951666108,0.9728515341880535,0.9519822558261355,3741.0,0.03127217805684779,2.4494963762023145,0.0372351525897816,2.463038115860093,1998-12-31
1999-01,0.027213224526636326,0.9711995528453525,0.9488603064372565,3668.0,0.031961638853128235,2.4407996492470385,0.038443786582151106,2.4407996492470385,1999-01-31
1999-02,0.029666295220277528,0.9691640813248077,0.9416760479596421,3631.0,0.033714700131873554,2.4226462957186135,0.04237906098657964,2.4149954335374697,1999-02-28
1999-03,0.03671927752573956,0.9545840096473248,0.9227911452565849,3599.0,0.03508313610692309,2.4243703734952464,0.036941482761965884,2.399537829535519,1999-03-31
1999-04,0.0393300974046531,0.9520975801759864,0.9150936476560848,3548.0,0.0350094768127558,2.421736392480365,0.03505701368152387,2.412399289400617,1999-04-30
1999-05,0.03961833990410735,0.953829327826599,0.9138660302648747,3515.0,0.0349618149165299,2.4235026752369664,0.03631311531427661,2.420721410489812,1999-05-31
1999-06,-0.004501581539938293,1.0259354411737043,0.960397229799469,3963.0,0.030240458721804146,3.4765776398817927,0.028544385595239762,3.714564541723854,1999-06-30
1999-07,0.002377814288687441,1.014486119208741,0.9674731508749977,3939.0,0.030082334437160827,3.4688763034836114,0.02926347834366301,3.5828310393378953,1999-07-31
1999-08,0.004773159285014983,1.010346928528219,0.9682727535510756,3902.0,0.030070359308747123,3.4700595371048,0.028782145753667887,3.5414809442268966,1999-08-31
1999-09,0.004832982519345941,1.0083346364449026,0.9762786731244455,3865.0,0.03009074939226235,3.502485167394498,0.030458391952969628,3.5655404551441285,1999-09-30
1999-10,0.007854774489352345,1.003116898770558,0.9777165506124343,3824.0,0.030077479655371487,3.464848062518177,0.033873696702472623,3.469355992789499,1999-10-31
1999-11,0.008419482612073259,1.0015726993147134,0.9792366692708989,3794.0,0.0300544479040511,3.4671174426953586,0.035232305448820965,3.471286328613692,1999-11-30
1999-12,0.02026499638539625,0.9835494791573315,0.9600735310240731,3731.0,0.030079745220206514,3.4642255113801594,0.030269271689375262,3.454735616129757,1999-12-31
2000-01,0.022097910108277663,0.9819183388302535,0.9575372916054639,3679.0,0.030021045577100954,3.384571962038511,0.030536265002684956,3.385419997635674,2000-01-31
2000-02,0.022742809713038548,0.9807655363274489,0.9613511065523658,3654.0,0.029965375032184043,3.4140256976224377,0.032126026604319506,3.4158106963849213,2000-02-29
2000-03,0.03295009263108073,0.9676894038566503,0.9439174634830416,3616.0,0.029880755803910336,3.437752770580615,0.028964271598530905,3.4563678080648783,2000-03-31
2000-04,0.03609108453692811,0.9655176342107024,0.9390744469958108,3582.0,0.0296424923016401,3.44918616355035,0.028656761179994435,3.4602973881144536,2000-04-30
2000-05,0.028246286792757425,0.9791203461882714,0.9475463961891628,3553.0,0.02932980945509891,3.4146500942792453,0.024313207673373485,3.4638039278680925,2000-05-31
2000-06,-9.874052596359206e-05,1.0033893823789584,0.9700184737265218,3853.0,0.01950074302172806,4.121027688039675,0.01915035515906458,4.169858591901469,2000-06-30
2000-07,0.002876625049019421,1.0007350078401587,0.9767754993224963,3831.0,0.019384298540643954,4.136670049893521,0.01985886347115337,4.144862343873267,2000-07-31
2000-08,0.0033991386297600457,0.9989301212636117,0.9803109491016397,3802.0,0.019230803542851258,4.175849194800012,0.01975827236651049,4.168875771225481,2000-08-31
2000-09,0.005354320394432066,1.0019273749660491,0.9864190199019256,3755.0,0.019511328883644798,4.166293856134581,0.022064136876258033,4.172787743665143,2000-09-30
2000-10,0.006286054892070014,1.0006036753108105,0.9896323480875754,3709.0,0.01926785405955984,4.1523124117474,0.02191918487676056,4.163376071984656,2000-10-31
2000-11,0.005917203845603902,1.00089628866869,0.9908578821123851,3652.0,0.01949545009076969,3.9687218986608817,0.022324586171927518,3.9838176695827956,2000-11-30
2000-12,0.016974273584133392,0.9925585358315759,0.9788938849731988,3598.0,0.019220813396091125,3.9281835347111014,0.0226204604714791,3.9745466149261857,2000-12-31
2001-01,0.019723649005230937,0.9910269509282119,0.9754795708986429,3541.0,0.01913156629585759,3.7569956235741038,0.0229663102797511,3.8282063451682125,2001-01-31
2001-02,0.021829580952375638,0.9884272993616798,0.9717452539281259,3497.0,0.019733631983896282,3.7876574281761606,0.022426495550902828,3.852336282350676,2001-02-28
2001-03,0.029150467502381927,0.9809121726944274,0.9646603592015106,3461.0,0.01954308646939501,3.789960108533262,0.021119115375394543,3.863055100754089,2001-03-31
2001-04,0.03162587112533399,0.9790041626150118,0.9624609094084503,3424.0,0.019347248023935372,3.7077502608564314,0.0209222998272945,3.7748433302769158,2001-04-30
2001-05,0.03416946006839605,0.9743657783212184,0.9605578873478006,3381.0,0.0198625719863781,3.6903738657313534,0.02214606626727834,3.6935359838827586,2001-05-31
2001-06,-0.009199931313015108,1.026354393512578,0.972096900891993,3538.0,0.03781922636999946,7.87646499574685,0.03430910617863913,8.197517019614592,2001-06-30
2001-07,-0.003949213046530398,1.0182839299316724,0.9782016652850837,3543.0,0.03782910181062636,7.874451521630564,0.03430993433930504,8.131333094257645,2001-07-31
2001-08,0.0006829462679722731,1.0126438468909233,0.9789517397016146,3516.0,0.037991660207800364,8.069270952855357,0.03461452278396139,8.212874012965107,2001-08-31
2001-09,0.0012093586209296348,1.011069433409821,0.9856598433999629,3466.0,0.03815167116080673,7.734777256763576,0.03888680706312948,7.865189540695683,2001-09-30
2001-10,0.0010417534404494333,1.0084772743448538,0.9875713926127946,3442.0,0.038074865903363675,7.777725428499549,0.03859090805061354,7.874854216453828,2001-10-31
2001-11,-0.000534408551318144,1.0078060991596103,0.9938202087832674,3414.0,0.03798525976968011,7.53572878245358,0.03908266892312824,7.658870021320753,2001-11-30
2001-12,0.025334440719945617,0.970190033117353,0.968536744434072,3376.0,0.03789427971876393,7.372123655435387,0.03553128757615415,7.372123655435387,2001-12-31
2002-01,0.04431447370398156,0.9464461685814981,0.9578584268858822,3331.0,0.038039663493702275,7.490869312142113,0.03583341943548114,7.214212778046409,2002-01-31
2002-02,0.038964911265619184,0.9519424486835386,0.9584607486190116,3310.0,0.0379724588934396,7.254943073534659,0.03545074216665773,7.083504091931312,2002-02-28
2002-03,0.05265864187073188,0.9325718621863794,0.9437946498012608,3279.0,0.038193274008588386,7.093175586858489,0.034526597739446635,6.8770987701326565,2002-03-31
2002-04,0.053795877293141725,0.9300548991317469,0.9469191155079574,3250.0,0.03810046765584469,7.06821797171388,0.0340648324699476,6.812348015388734,2002-04-30
2002-05,0.05764742054759264,0.9256504303280051,0.9457133486056675,3224.0,0.03844724644064669,6.9659159010377705,0.03436891700565897,6.621387316639641,2002-05-31
2002-06,-0.004430602616812718,1.0380358754259138,0.931367666077621,3434.0,0.03956146674604554,5.659208606050893,0.03857644948559164,6.2862488598596515,2002-06-30
2002-07,0.002931276224391155,1.0160284350105304,0.9625187813618015,3437.0,0.03963357377681188,5.656775373721003,0.03858503933284645,5.985204743034264,2002-07-31
2002-08,0.017441001411289014,0.9944281146783748,0.9640111635491797,3413.0,0.0390567175306812,5.581364493042137,0.03851632055480795,5.581364493042136,2002-08-31
2002-09,0.008564017309438787,0.9971429139252275,0.9828322792970139,3391.0,0.03873965658343316,5.61297719178329,0.04171692540336819,5.612977191783289,2002-09-30
2002-10,0.006842976567060455,0.9975618014310468,0.9863172488214978,3372.0,0.03868525421748601,5.4658133651931085,0.04357400418437845,5.465813365193108,2002-10-31
2002-11,0.007829324040474206,0.9941309796389644,0.9910121677261201,3340.0,0.03859362918010135,5.39115443975407,0.044420443411769255,5.361258126612625,2002-11-30
2002-12,0.03716870173723619,0.9446772933316633,0.9593033103657179,3312.0,0.03851345727238976,5.355399052407931,0.04205582195662717,5.007882290840607,2002-12-31
2003-01,0.03490661197036238,0.946496610383433,0.956431430576297,3271.0,0.03868239093506774,5.359702275082144,0.043548701147249264,5.102708884726924,2003-01-31
2003-02,0.04666688602882285,0.9299007202851715,0.9531647468696999,3248.0,0.038616535439447514,5.317103067873424,0.04444355134010656,4.849893301063933,2003-02-28
2003-03,0.04461951285883625,0.9323464398601573,0.943545079489604,3216.0,0.03888544555589451,5.01387786629643,0.04215703410514392,4.669535554610431,2003-03-31
2003-04,0.04789825685698523,0.9294310559813046,0.9422832931776828,3181.0,0.04063387791301936,4.994306041917719,0.04453887154449794,4.610076706968409,2003-04-30
2003-05,0.0468135520459837,0.9300915237991195,0.9444155294133626,3161.0,0.03847165354246976,5.000328141726561,0.04448110172365468,4.656107167635712,2003-05-31
2003-06,-0.03088131713757991,1.0639789087575329,0.9465795091141171,3402.0,0.05083319736945878,5.730514439279301,0.05083319736945871,6.539037791711307,2003-06-30
2003-07,-0.022914812134001705,1.052708821694735,0.9506160435257773,3386.0,0.05071996967024935,5.768485580111379,0.053056288526121466,6.48249136140928,2003-07-31
2003-08,-0.02229988436155872,1.051283650115845,0.9510224200391216,3368.0,0.05236206342044787,5.684504986481494,0.05365953969422026,6.39042086947714,2003-08-31
2003-09,-0.025687986044228728,1.0422830119209796,0.9816392506754319,3342.0,0.053174283191317964,5.702629922432164,0.054655551159252115,6.345065251919717,2003-09-30
2003-10,-0.01169545369539371,1.0206277829140222,0.9920441028043173,3317.0,0.053143763973645605,5.571252378557544,0.05469276471686822,5.9287923017624955,2003-10-31
2003-11,0.0025132698500757167,1.0013767846012975,0.9938476487976539,3296.0,0.053240204701490275,5.521141890195934,0.05521931838079802,5.585406284318568,2003-11-30
2003-12,0.0273203350083725,0.968127923077267,0.9633865615691298,3267.0,0.05320480240899033,5.539536879594499,0.0541491430453309,5.497120628585379,2003-12-31
2004-01,0.031677202794698545,0.9623055124370021,0.9580259693895204,3238.0,0.053169400116490385,5.477297321583219,0.05440366809973905,5.385104186731224,2004-01-31
2004-02,0.037507358734466645,0.9537118514803259,0.9553295020090228,3219.0,0.05314620551105939,5.481961331908078,0.0539410909791061,5.3078616048686955,2004-02-29
2004-03,0.046402867003120796,0.9405983162102957,0.9463226445390596,3199.0,0.05324386700761096,5.486397547334882,0.05385496303512807,5.308746017344833,2004-03-31
2004-04,0.0511473368002332,0.9354797441081114,0.9414372510685819,3180.0,0.05322067240217996,5.486565500965824,0.05377793305326266,5.311353076409402,2004-04-30
2004-05,0.05486780060462371,0.9308121545388038,0.9363403823968511,3162.0,0.05319869856545586,5.471405940120233,0.05370495728096911,5.306404417987254,2004-05-31
2004-06,0.0011370299278132823,0.9953436093030601,0.9623931242004847,3234.0,0.039242683844868224,2.329556392344555,0.03322734710090687,2.3460003811187895,2004-06-30
2004-07,0.0022980036302890916,0.9944874737131979,0.9731222700023171,3222.0,0.03923541279234741,2.3307120037262274,0.036718912503538675,2.3226575424996527,2004-07-31
2004-08,0.0009033067028461073,0.9982278126034051,0.9763524873921182,3203.0,0.039223900292522776,2.3230616872447585,0.03733408498148472,2.323061687244759,2004-08-31
2004-09,0.003424024223783295,0.9971186913065553,0.9794141072109805,3195.0,0.03921275097443695,2.321104775847404,0.03949504140299001,2.321104775847404,2004-09-30
2004-10,0.004326721835895997,0.9962305630179319,0.9805941572258722,3180.0,0.0392705562128647,2.3148044221850164,0.042559177441055224,2.3148044221850164,2004-10-31
2004-11,0.0046063350375643575,0.9969808801201595,0.9826658618376557,3165.0,0.03916306359444184,2.3159764593380623,0.04097983091933914,2.3159764593380627,2004-11-30
2004-12,0.015709806467907206,0.9840846451171399,0.9666730419283263,3143.0,0.039126626182445425,2.2639148108781177,0.042964404139887384,2.2639148108781177,2004-12-31
2005-01,0.01634500785621451,0.9819990218400425,0.9726162729029744,3113.0,0.03907693880245032,2.191937243455836,0.04191976756429683,2.1810507890640625,2005-01-31
2005-02,0.019777555119312118,0.9761801605589872,0.9626486060944095,3102.0,0.03905872009645211,2.140617652914736,0.03953535384158747,2.1041488611756827,2005-02-28
2005-03,0.025974464203469716,0.9733720985434816,0.9481681941392995,3088.0,0.03900695883935458,2.146903475642747,0.04431777648575655,2.144955459118416,2005-03-31
2005-04,0.02658226402837205,0.9739135529787784,0.945687391147945,3069.0,0.038933728438519485,2.1555541283761492,0.04386320522152474,2.150759010777797,2005-04-30
2005-05,0.027937807853400054,0.9717689884299238,0.9407225899314011,3050.0,0.0388604980376844,2.164204781109531,0.04452932158522651,2.156562562437164,2005-05-31
2005-06,-0.004779574603260228,1.0125176252476844,0.9626433952105069,3097.0,0.03285699233440166,1.900138711949693,0.03285539217135751,2.005163418119967,2005-06-30
2005-07,0.00013109743477307534,0.9999436498082063,0.9771175489526193,3091.0,0.03429453205895897,2.003633281384099,0.03686505707181132,2.0072831246228264,2005-07-31
2005-08,-0.00015185336727024934,1.0000437128553767,0.9819258990585058,3065.0,0.03471584790133206,2.0138730753876946,0.037290286780383354,2.0164685194685665,2005-08-31
2005-09,0.002925559975871961,0.996411438061069,0.9873081966043006,3048.0,0.03464458233482299,2.0205683253131195,0.0372486850559792,2.0205683253131195,2005-09-30
2005-10,0.0031524895376885964,0.9978404840382848,0.9910917279711168,3027.0,0.03455654839972356,1.9766974617064021,0.03911133280205829,1.9766974617064021,2005-10-31
2005-11,0.0032468410229797295,0.9982261348939473,0.9947375556629398,3007.0,0.03447270655677172,2.0367156927803087,0.04050342587203655,2.0367156927803087,2005-11-30
2005-12,0.01310406120316987,0.9784191482357573,0.9850488897991904,2985.0,0.03479968974428389,2.00599631076954,0.03266956502158774,1.925395486037973,2005-12-31
2006-01,0.015998779175169398,0.9725151628593908,0.9829309077735711,2948.0,0.03572324849226261,2.0205683253131195,0.03582504436042323,1.9058066363453268,2006-01-31
2006-02,0.017700780594377852,0.9708570035426822,0.9757243257250063,2931.0,0.034573316768313926,2.027263575238527,0.03775834252888675,1.907773059094827,2006-02-28
2006-03,0.021190071763022122,0.9683951505787638,0.9575913956589435,2913.0,0.034497859109657275,1.9890806972126052,0.034799253669384946,1.9098551537707764,2006-03-31
2006-04,0.022985972353632977,0.9659345303866897,0.9517100048931673,2893.0,0.03432513644794441,2.0028456049222854,0.03272081951039142,1.9159983885968568,2006-04-30
2006-05,0.024602791717143246,0.9615879751383609,0.9520253756364421,2878.0,0.034770345099250755,2.0087531783858967,0.030280351939773614,1.902336478552081,2006-05-31
2006-06,-0.0024562107267848132,1.0065683023355234,0.9682434193817532,2944.0,0.04148722914494805,2.1113525445316403,0.04430297300110155,2.161266848400622,2006-06-30
2006-07,0.0025709257512532835,0.9974686904197195,0.9753566640450717,2925.0,0.04108523214779235,2.068656959193546,0.04389160702804273,2.068656959193546,2006-07-31
2006-08,0.0028406166093252194,0.9973390698897067,0.9770527798819375,2911.0,0.040789023834098666,2.0687584086195834,0.04657595586060766,2.0687584086195834,2006-08-31
2006-09,0.004395914980694915,0.9948244393418084,0.9913255928057845,2900.0,0.04057271172348595,2.1434598958050035,0.04636817174646373,2.1434598958050044,2006-09-30
2006-10,0.005086361656970295,0.9940085846972474,0.9916299463873658,2888.0,0.04051589479922206,2.068200436776381,0.043087217656477036,2.0682004367763813,2006-10-31
2006-11,0.004387392347190433,0.996516372065526,0.9952047205439182,2870.0,0.040430669412826234,2.068330871752714,0.04307075643262493,2.068330871752714,2006-11-30
2006-12,0.014715435334336169,0.9807732897559066,0.9844035604625685,2845.0,0.0403123008206098,2.0538497255063115,0.03782176891255894,2.0057623686866766,2006-12-31
2007-01,0.014275706960227064,0.9832381653954144,0.980576550309059,2811.0,0.04015131953519545,2.011286636674068,0.03643614554978223,2.0000526348972723,2007-01-31
2007-02,0.01632338617270257,0.9799054180979754,0.975368360227169,2783.0,0.03959220397150255,2.0161386671308477,0.0348738899326937,2.001952845630765,2007-02-28
2007-03,0.021830475400738347,0.9738423487764343,0.9655461259259218,2770.0,0.039222593657697986,2.0192406592035095,0.03403992596930783,2.002453569456387,2007-03-31
2007-04,0.025002087623213654,0.9671382766589827,0.9564970248508934,2749.0,0.03862553084309061,2.0242515694747296,0.03798478342582678,2.0032624310208527,2007-04-30
2007-05,0.02479474956168992,0.9694403162027688,0.9577280662829318,2728.0,0.03802846802848323,2.0292624797459498,0.0408030690685975,2.004071292585319,2007-05-31
2007-06,0.002633250004824339,0.9980119600012164,0.9657961839558205,2855.0,0.03557624384586054,1.881359721564187,0.03886688251447451,1.902979110137685,2007-06-30
2007-07,0.002397800852121268,0.9998421763913847,0.9712612716577294,2859.0,0.035610516800798395,1.8807441736136312,0.036942229402359895,1.925528860565764,2007-07-31
2007-08,0.002452168311442071,0.9992036922680916,0.9738624003125347,2841.0,0.03545628850357807,1.883514139391132,0.036640621844690004,1.9284969598764288,2007-08-31
2007-09,0.0013457546104279627,1.0010633998865393,0.9856783936387904,2814.0,0.03522494605774759,1.8688815583283631,0.03995457449945085,1.9148419175481264,2007-09-30
2007-10,0.0039059070306855515,0.9951571509644632,0.990562284638366,2792.0,0.035095863651795206,1.875665903021543,0.03970342657625366,1.875665903021543,2007-10-31
2007-11,0.0032783650976961898,0.9974272194360859,0.9935937266281221,2766.0,0.03504474388929368,1.847284111110678,0.040145231429427455,1.847284111110678,2007-11-30
2007-12,0.0081482875038561,0.9883772562908334,0.9837504046108027,2737.0,0.03498772569265735,1.827241214752936,0.03845991513306844,1.822179299354236,2007-12-31
2008-01,0.008686443708636526,0.9879788767871696,0.982375268435371,2700.0,0.03511159280948799,1.8331627033144926,0.0398843009679897,1.8333165903021282,2008-01-31
2008-02,0.009069421791174648,0.9881588782735496,0.9815381678293049,2697.0,0.03510569437535319,1.8344087098847521,0.03754468351361403,1.8350242578353078,2008-02-29
2008-03,0.009351536151997408,0.9925360071899264,0.9612805241344391,2684.0,0.037215468729526684,1.839808071689178,0.03952255218451763,1.9360213834867237,2008-03-31
2008-04,0.014927528706534854,0.9798923916248287,0.9567730228540768,2668.0,0.036810281302957604,1.8080317112486528,0.03681028130295756,1.813079018200287,2008-04-30
2008-05,0.016049697291151577,0.9782078582904269,0.9495149762832009,2644.0,0.04006456888212971,1.8114063215144551,0.03861818022583747,1.820124397158191,2008-05-31
2008-06,0.0021812900682199876,1.0129352027999188,0.945005910804172,2784.0,0.03559079105553945,2.6733076951927157,0.037675306804757065,2.796975607218636,2008-06-30
2008-07,0.007274135221997047,0.9979656627307854,0.9528496735275299,2785.0,0.03560267091655361,2.6732291427078203,0.03959369401389201,2.696694956480479,2008-07-31
2008-08,0.007320412090134343,0.9964966506836288,0.9552400918261955,2770.0,0.03542447300134124,2.649130550342977,0.03934366606016199,2.681114773792509,2008-08-31
2008-09,0.004827976378180665,0.9985595984208908,0.9775887455363178,2746.0,0.037351300512324305,2.6525814836533677,0.04088665666580563,2.6762926896186703,2008-09-30
2008-10,0.0009488304870197695,1.0042532566444446,0.9902709326480288,2729.0,0.03866025631996666,2.6244793253117322,0.041599379906136484,2.6599069042763475,2008-10-31
2008-11,0.000609623345985133,1.0031475787122164,0.9961310316254369,2702.0,0.03821020600325261,2.6131014854312458,0.04074109539514015,2.6287243695421036,2008-11-30
2008-12,0.018435414869668487,0.9631203692498134,0.9722732741468807,2689.0,0.03800977668158293,2.608079677274992,0.03352429716736371,2.4793562510946363,2008-12-31
2009-01,0.02006114267488668,0.9593088345883539,0.9689180113787337,2663.0,0.037611628300170744,2.6095804475285864,0.03335234197077024,2.4826583242352576,2009-01-31
2009-02,0.02057470895062108,0.9582503684561127,0.967834434130892,2648.0,0.03738192731089447,2.6104462765210448,0.032662456110971405,2.484563366431769,2009-02-28
2009-03,0.029741005995370662,0.9412395815190476,0.9451417757666934,2630.0,0.03710628612376296,2.5734992046053082,0.031430956276987845,2.4741928101310946,2009-03-31
2009-04,0.032148564110332956,0.9340943012886803,0.9336602221001784,2611.0,0.03681533153734636,2.477743644738922,0.031187954474094923,2.40906586605743,2009-04-30
2009-05,0.0329970497123907,0.9316286922977333,0.9328908718753077,2592.0,0.038055716879438185,2.4789752426553373,0.03240752179507694,2.4108227222545406,2009-05-31
2009-06,-0.017425400685750825,1.0544432644540866,0.9488945009581872,2666.0,0.05188273108558287,8.343642743571653,0.052155037134217555,9.203403878452932,2009-06-30
2009-07,-0.001963038857956567,1.030365307274269,0.9601773046079897,2662.0,0.052144735649077324,8.34554566520918,0.05356582480711923,8.808128398882287,2009-07-31
2009-08,0.011575788770225914,1.011038459849058,0.9707003929171278,2646.0,0.05210352970851625,8.353157351759306,0.053219424891598095,8.514632410286177,2009-08-31
2009-09,0.007239978075608056,1.0016554584783184,0.9946506083589758,2643.0,0.052095803594661046,8.354584542987439,0.05315447490743789,8.354584542987437,2009-09-30
2009-10,0.006131522319116733,0.9997405275400149,0.9970414029885987,2634.0,0.05207262525309544,8.317098636936024,0.05281426913481373,8.317098636936024,2009-10-31
2009-11,0.005414797020663942,0.9995223541108428,0.9976736651919941,2615.0,0.05202369319867916,8.286055357751902,0.05248660894976046,8.286055357751902,2009-11-30
2009-12,0.007916504876608554,0.9853136487893556,0.979654107199562,2591.0,0.051957664596372403,8.300009791132558,0.048349065108728446,8.300009791132558,2009-12-31
2010-01,0.009426069855102082,0.9824158440999913,0.9775941606768725,2570.0,0.051894720447309195,8.306305681691729,0.04390201591726861,8.306305681691729,2010-01-31
2010-02,0.006753897816295096,0.9823040374624726,0.976004439837391,2559.0,0.0518617497025618,8.207816717083707,0.039128351980763316,8.251620988371954,2010-02-28
2010-03,0.029645854532043714,0.9520610534738272,0.9619596102505136,2542.0,0.052093228223375976,8.040675083890712,0.03492889245400716,7.809706109989665,2010-03-31
2010-04,0.03435406529758045,0.9450408357435924,0.9586764317476228,2526.0,0.05235865837315979,8.101687132492215,0.037764655293816375,7.76693713343163,2010-04-30
2010-05,0.036189521042225836,0.943389139770918,0.9582770673331104,2512.0,0.05229510775653948,8.156685328067752,0.03718611730541464,7.789402546178776,2010-05-31
2010-06,-0.007703789252549109,1.013597250763094,0.9771346336922981,2645.0,0.035653997654902486,3.1399896585851717,0.03503995929907783,3.2824736566083357,2010-06-30
2010-07,-0.0005717108855379793,1.0041748814859919,0.9800974045591394,2642.0,0.03562729818278566,3.1445402452528293,0.0353889656379726,3.187020346539474,2010-07-31
2010-08,9.454149227072772e-05,1.0038233977619475,0.9803532846165022,2619.0,0.03542260222989003,3.0531944526484858,0.035317968429728196,3.0836369020475387,2010-08-31
2010-09,-4.158936912279643e-05,1.0041977033167577,0.9895234229656158,2605.0,0.03529800469334486,3.0546340582396208,0.03384722336408557,3.0885183824249274,2010-09-30
2010-10,0.001981725294562642,1.0017207642327004,0.9915076509116035,2591.0,0.03606338956069376,3.04579076675121,0.03522268287966923,3.0702139963482127,2010-10-31
2010-11,0.0021678589893064926,1.0021472622058556,0.9918611229612295,2571.0,0.03797441125366041,3.016073178164683,0.03797441125366033,3.0478473461671216,2010-11-30
2010-12,0.005900455483579314,0.9982445817307244,0.9877346192807075,2548.0,0.03737574640495645,3.025499662081932,0.03959031551882822,3.0502124124954175,2010-12-31
2011-01,0.00642860500284137,0.9986717644362522,0.9860434164403065,2520.0,0.03664693702392556,2.996887662295317,0.039092846625343666,3.0369753816333533,2011-01-31
2011-02,0.007279910114164401,0.9988156126814818,0.9850247570666494,2507.0,0.0363085612398755,3.0016019426550713,0.04066542837925014,3.042303394282237,2011-02-28
2011-03,0.01666028196427205,0.9877120430292728,0.9772110475253958,2490.0,0.036054489736654816,3.0082860827547804,0.04033651885905505,3.008286082754781,2011-03-31
2011-04,0.01758210050720921,0.9870279617225339,0.9738178266045884,2475.0,0.03592099237607071,3.0144337896573186,0.03784713145450945,3.014433789657319,2011-04-30
2011-05,0.018279737599222412,0.9865337107487565,0.9734330663317218,2464.0,0.03779220890840268,3.018942108052529,0.03987458345796225,3.0189421080525296,2011-05-31
2011-06,-0.006153038578637804,1.0147635880009893,0.9678242672929152,2527.0,0.03824539642379943,2.4212659295828294,0.03579319935332084,2.5838240137104345,2011-06-30
2011-07,-0.005747466546479063,1.015133191304247,0.9706783347427212,2514.0,0.038139265543740045,2.4226377456386494,0.03907810032530665,2.5968542326685604,2011-07-31
2011-08,-0.006202675646187705,1.0158327025136709,0.9719183927626562,2505.0,0.038065790319083546,2.423587464446525,0.03891985659538475,2.605875153485732,2011-08-31
2011-09,-0.001899508945269468,1.0095337730701295,0.9806788115675472,2493.0,0.037654737362346195,2.414301324991752,0.037768032277682925,2.507924806476702,2011-09-30
2011-10,0.0020821384660939524,0.9997385463514573,0.9946496633327441,2485.0,0.03727634006101171,2.41514551948764,0.03871890342714125,2.4321898250806067,2011-10-31
2011-11,0.0019463727211380677,1.0009551587889256,0.9955818762557068,2468.0,0.03647224579567595,2.4169394327914033,0.03858011689167898,2.44088135492839,2011-11-30
2011-12,0.01699401508486198,0.976977075355741,0.9704004136183311,2456.0,0.035904649843674225,2.4110112485615423,0.03848214992547031,2.3686958242093907,2011-12-31
2012-01,0.018512606564605627,0.9741620553299345,0.9678829536319014,2436.0,0.03495865659033803,2.393316199591916,0.038934263931485455,2.3589557330912108,2012-01-31
2012-02,0.01512689708517867,0.9829702632151035,0.9767826272445682,2424.0,0.03439106063833631,2.3636491919003793,0.04093090545577587,2.359966621688048,2012-02-29
2012-03,0.0262663420234176,0.9654527775089528,0.9567542076210457,2408.0,0.033634266035667354,2.3640117963128584,0.03821336051724157,2.3309073165109067,2012-03-31
2012-04,0.027487591081634566,0.963782021079514,0.955817778473948,2394.0,0.03318270467372583,2.3620627975957817,0.03316706510559723,2.312727801893886,2012-04-30
2012-05,0.02627099472844796,0.9667056140426419,0.9554770838509532,2385.0,0.03302782274380232,2.362266762577801,0.03298527672682811,2.3371097826401246,2012-05-31
2012-06,0.007790685615131521,1.0021206279473178,0.9664268517857042,2458.0,0.04396184898565897,4.162238160181953,0.0474091664605901,4.162238160181953,2012-06-30
2012-07,0.007117493251094675,1.0006191508955484,0.9720793166118196,2451.0,0.043934370875713974,4.105584931473413,0.04531775520325415,4.129729518171214,2012-07-31
2012-08,0.007427767119535633,0.9992116713917158,0.9732758190255054,2432.0,0.04486665260006821,4.120240585610006,0.04486665260006813,4.135210229362639,2012-08-31
2012-09,0.003795924251392857,1.0012767423613194,0.9863989940810816,2422.0,0.04462923017733872,4.127954087787151,0.04462923017733863,4.138094814200228,2012-09-30
2012-10,0.0024653072049353186,0.9996180399012556,0.9971226297854516,2405.0,0.044225612058698585,4.0635303882709914,0.044225612058698495,4.063530388270992,2012-10-31
2012-11,0.0027926088446964537,0.9990231397785486,0.9979687827663482,2385.0,0.04406783598116109,3.9937897419376402,0.044067835981161006,3.9937897419376402,2012-11-30
2012-12,0.005937405352916869,0.9934878274561293,0.9908552051152487,2374.0,0.04402465609410467,3.9281086085137122,0.04321869382951049,3.8924018245379384,2012-12-31
2013-01,0.006785300787300552,0.9914759071876119,0.9891117297498014,2352.0,0.04393829631999183,3.9436993768898625,0.04279547507725741,3.8973963245558876,2013-01-31
2013-02,0.007491357471491322,0.9907834441403186,0.9886711999735439,2346.0,0.04391474365432469,3.9479514046288444,0.042680051781188375,3.8987584609244292,2013-02-28
2013-03,0.01281753803831287,0.9846685364836386,0.9808694202902224,2335.0,0.04387156376726827,3.9557467888169033,0.03969182028258597,3.9012557109333987,2013-03-31
2013-04,0.014274635615459719,0.982728766857362,0.9791229383577064,2321.0,0.04381660754737828,3.9656681868744856,0.03926744060337076,3.9044340291266493,2013-04-30
2013-05,0.014580927104270391,0.9827565934449084,0.9786875136865844,2314.0,0.04378912943743329,3.9706288859032446,0.03905525076376315,3.9060231882232643,2013-05-31
2013-06,-0.004842514224579708,1.0190295259591964,0.9811240317632006,2377.0,0.04398759521663409,4.048531551316125,0.043987595216634,4.20674238675369,2013-06-30
2013-07,-0.0007306020483685005,1.0096034605385076,0.9851204650515561,2371.0,0.04431282271739422,4.050887768964018,0.04431282271739418,4.109723600043461,2013-07-31
2013-08,-0.0032318311579137005,1.0126339577995345,0.9885242669678574,2360.0,0.04427325817464492,3.9324964220824308,0.04427325817464487,4.04064615423695,2013-08-31
2013-09,0.003113912983137568,0.9989810912063712,0.9946427210067827,2347.0,0.04422650007866846,3.85606907329742,0.04422650007866841,3.85606907329742,2013-09-30
2013-10,0.002070900650480989,1.0000224512243112,0.9972255786778237,2334.0,0.04417974198269201,3.856731014587711,0.04417974198269194,3.856731014587711,2013-10-31
2013-11,0.0025109826905646004,0.9989257468402177,0.9980892235281756,2320.0,0.04412938711010198,3.857443874438793,0.044129387110101906,3.857443874438793,2013-11-30
2013-12,0.008361152277260198,0.9903380124177923,0.9864081963643381,2302.0,0.044064645131057664,3.853073690354397,0.04443195207170006,3.852069618615727,2013-12-31
2014-01,0.008750797687517964,0.9895974719142738,0.9858394050650298,2291.0,0.044384758249665694,3.8538286566225897,0.04435177395223944,3.8538286566225897,2014-01-31
2014-02,0.009438086387496103,0.989127061735209,0.9853972385299008,2275.0,0.04432720982384852,3.8546433535952542,0.04424145065054028,3.8546433535952542,2014-02-28
2014-03,0.019907317158963878,0.9764398209958286,0.9711889493476188,2260.0,0.04427325817464492,3.855407132007129,0.04120467327001342,3.855407132007129,2014-03-31
2014-04,0.020793065484638773,0.9761877206109209,0.9706574887317981,2252.0,0.04424448396173633,3.855814480493461,0.03898416729379582,3.855814480493461,2014-04-30
2014-05,0.02116105459434303,0.9760606930333193,0.9702996184971501,2244.0,0.04388659715214533,3.8562218289797956,0.03890323555665006,3.8562218289797956,2014-05-31
2014-06,-0.0018380811047192802,1.005558193427962,0.9778022675938202,2330.0,0.029534660886097793,3.0920815431881867,0.0273735244009526,3.1405865574566034,2014-06-30
2014-07,0.0018630402855268624,0.9974608507589126,0.9805146049894012,2326.0,0.029419980808092067,3.0926395016228465,0.0273635136670442,3.092639501622847,2014-07-31
2014-08,0.002074003859549145,0.9970543444082323,0.9801228565828758,2316.0,0.029133280613077753,3.046765802768976,0.0273384868322732,3.0468717635870073,2014-08-31
2014-09,0.004130504399896817,0.9931908285225016,0.9893706548085534,2309.0,0.028932590476567724,3.0632913925975314,0.02893259047656766,3.0632913925975314,2014-09-30
2014-10,0.002168648288955355,0.9990033532942958,0.9972436047584815,2301.0,0.028703230320556262,3.0821777809729616,0.0315702322706994,3.0821777809729616,2014-10-31
2014-11,0.0023295566657143274,0.9988657530361797,0.9974951876173214,2285.0,0.02860432694376589,3.0844096147116016,0.031111511958676483,3.0844096147116016,2014-11-30
2014-12,-0.0037688613614436095,1.01812298343623,0.9786871823055093,2275.0,0.02854251233327191,2.907478688500016,0.0274861451574221,3.0897996902086176,2014-12-31
2015-01,-0.0017993767437197716,1.0142726913990618,0.9791460314505612,2256.0,0.028425064573333346,2.952333860891717,0.0274385941713572,3.095369546957757,2015-01-31
2015-02,0.0017176518917392247,1.007459003445212,0.977211647331252,2244.0,0.028350887040740565,2.98066344345497,0.027408561969632,3.0988873512203807,2015-02-28
2015-03,0.005967934051859247,1.0026090709818862,0.9719783815961025,2230.0,0.02826434658604899,3.013714623111973,0.02671691518995085,3.1029914561934264,2015-03-31
2015-04,0.007463529794312196,0.9991546159084049,0.9711395370728872,2216.0,0.028177806131357418,3.046765802768976,0.026601754070763223,3.1070955611664717,2015-04-30
2015-05,0.008645325343430321,0.9966796123516032,0.969778521256177,2209.0,0.02813453590401163,3.0632913925975314,0.025513316268439806,3.109147613653001,2015-05-31
2015-06,0.010247113271747321,0.9944442943100773,0.9637864803395627,2291.0,0.02728494285151759,4.490194428747392,0.027885911809616592,4.490194428747392,2015-06-30
2015-07,0.009641796794551794,0.9931485976575192,0.9662431917988415,2283.0,0.027249553732318157,4.495160032639372,0.027836424471029943,4.495160032639372,2015-07-31
2015-08,0.010263259288189608,0.9911776888244094,0.964207138422624,2267.0,0.027737449793856703,4.399788827531397,0.027955558380788,4.385515293575015,2015-08-31
2015-09,0.00393388274258033,1.0007160848289285,0.9807942860333327,2260.0,0.02769414837259339,4.4000119586456945,0.02795473244464305,4.4000119586456945,2015-09-30
2015-10,0.0012417180106408798,1.0051312180108947,0.9827600834754825,2246.0,0.02760754553006676,4.347352742753,0.02795308057235315,4.389712033566314,2015-10-31
2015-11,0.002237073504052667,1.0026453047881492,0.9832561303677919,2227.0,0.02749001310092348,4.369034827120234,0.027950838745674,4.393509084034623,2015-11-30
2015-12,-0.003882775895303725,1.0128874033470505,0.977285077113357,2217.0,0.02742815392769017,4.063375146116339,0.02446073497333418,4.221080311933414,2015-12-31
2016-01,0.0015100536257589559,1.002464145183563,0.9784540958025931,2198.0,0.027315908330817092,4.027388724524726,0.023876905734083183,4.076906732250205,2016-01-31
2016-02,0.004430741641119895,0.9944963977223376,0.9726062109807738,2179.0,0.02723185917271844,4.001739878332756,0.026577920035064213,4.035829983910396,2016-02-29
2016-03,0.008252138791716601,0.9857419008159338,0.9760287369309081,2163.0,0.027161080934319574,3.9109294803271153,0.02260973041531933,3.910929480327115,2016-03-31
2016-04,0.0086493779784923,0.9849964098025297,0.9749787419413853,2153.0,0.027650846951330074,3.854640804165156,0.023315022222982942,3.8546408041651556,2016-04-30
2016-05,0.00841679349171387,0.9846549881280782,0.9736971259709992,2137.0,0.027551872274156786,3.8561282513502375,0.02311524141903619,3.856128251350237,2016-05-31
2016-06,0.006253124290012901,1.0054921962890255,0.9777943815327874,2243.0,0.027864743563169113,5.280928441243534,0.021599206701230632,5.280928441243535,2016-06-30
2016-07,0.006187684143680872,1.0018382775737205,0.9810941885242848,2234.0,0.029333152291733562,5.3044517409887915,0.02423163465671469,5.3044517409887915,2016-07-31
2016-08,0.0063851832506585104,1.0016360945918321,0.9797585551413568,2222.0,0.02926375495655934,4.989683832148798,0.02740217654259072,4.989683832148799,2016-08-31
2016-09,0.0030373908547108863,1.0023233582910205,0.9883288318071279,2211.0,0.029200140732649642,5.062833837772847,0.027159879531811603,5.062833837772848,2016-09-30
2016-10,0.00209973304963329,1.0013476382680693,0.9974868230271696,2187.0,0.029639657188753027,5.165925642489121,0.029639657188752947,5.165925642489121,2016-10-31
2016-11,0.00229303295876937,1.000800336640409,0.9977730471053811,2178.0,0.02958760918737236,5.189448942234377,0.029587609187372285,5.189448942234377,2016-11-30
2016-12,0.006610394213465209,0.9855569646601073,0.9851400759142446,2164.0,0.028327310583747423,4.460591486665821,0.018572782054783188,4.4605914866658205,2016-12-31
2017-01,0.006182914861958766,0.9872202637560323,0.9849291488024281,2153.0,0.028085013572968307,4.461244905015343,0.018469897761295862,4.461244905015342,2017-01-31
2017-02,0.007248231667418392,0.9839430862021623,0.9819910614149794,2144.0,0.027886770564149028,4.461779520028588,0.01722184734167605,4.461779520028588,2017-02-28
2017-03,-0.004264630105188849,1.007179664806345,0.9771510172579975,2126.0,0.029286887401617414,4.462848750055077,0.018217363586372423,4.780511655768594,2017-03-31
2017-04,-0.006553608306316572,1.0101881734911593,0.9747935743542514,2114.0,0.029217490066443197,4.463561570072736,0.015920724784617667,4.831100114010157,2017-04-30
2017-05,0.01037430589780619,0.9794119035181353,0.9759640071408933,2101.0,0.02914230962000446,4.458393624944705,0.0158121649837885,4.464333791758533,2017-05-31
2017-06,-0.009182343291216588,1.0282959693275269,0.9840969679589414,2266.0,0.020859732996284956,3.2871372221227584,0.017144133036363876,3.4398691207511503,2017-06-30
2017-07,0.00044542749245013447,1.006591384970348,0.9881893227720276,2260.0,0.020855372561445734,3.2912478934396647,0.020631748917465994,3.2912478934396647,2017-07-31
2017-08,0.0007638342132829656,1.0062974998017715,0.9884166235579245,2252.0,0.020849558648326775,3.296728788528873,0.020779960255862536,3.2967287885288736,2017-08-31
2017-09,0.0012407481438765355,1.0030249620519227,0.9949415193473413,2241.0,0.0208415645177882,3.304265019276551,0.02072727243080858,3.304265019276551,2017-09-30
2017-10,0.0016428727024651035,1.0030891822612311,0.9948974551364159,2224.0,0.020940601928331054,3.3159119213411348,0.020829209952410332,3.3159119213411348,2017-10-31
2017-11,0.002213472821751883,1.001831586985881,0.9958396787394135,2210.0,0.020906860064413273,3.2581045609415047,0.020906860064413255,3.2626202655379095,2017-11-30
2017-12,0.015225310277416693,0.9787504772959652,0.9707097506046871,2194.0,0.020880081692201322,3.267954089310528,0.02066988145392321,3.257598553555492,2017-12-31
2018-01,0.011270912573247083,0.9880072007288495,0.9840386503378671,2176.0,0.021065928851454238,3.2802861032612474,0.020776985568283002,3.2586746346945805,2018-01-31
2018-02,0.011859859112732907,0.9870316166542845,0.983514135310017,2172.0,0.0210562883189063,3.2830265508058516,0.020771304066857354,3.2589137638366004,2018-02-28
2018-03,0.015316312487819839,0.9836007984802672,0.9789424071520522,2158.0,0.02102254645498852,3.292618117211967,0.02085391908316595,3.2597507158336696,2018-03-31
2018-04,0.017000905516679432,0.9820466964162599,0.9779406702417912,2146.0,0.020993624857344708,3.300839459845811,0.02099362485734468,3.260468103259732,2018-04-30
2018-05,0.017599240418782913,0.9814841699121369,0.9775411600260031,2139.0,0.02151597653166094,3.305635243048853,0.021515976531660902,3.2608865792582646,2018-05-31
2018-06,-0.0035457833577687836,1.0177631231854098,0.9681290697585617,2236.0,0.01992248092486405,2.958378015430916,0.019136700640036926,3.035891879227676,2018-06-30
2018-07,-0.0005722839406312463,1.0077052850815191,0.9775405279203394,2235.0,0.01991620326259654,2.9588234164574825,0.017121046430594977,3.0254967409923923,2018-07-31
2018-08,-0.0018956648016619226,1.0123075574113045,0.9839258257023292,2224.0,0.020590935025392148,2.9637228277498373,0.01984714897765394,3.0274218594955418,2018-08-31
2018-09,-0.0008544811129554963,1.0083698922208253,0.9928393804398977,2218.0,0.02052300301152949,2.9663952339092976,0.020523003011529435,3.0071496036094016,2018-09-30
2018-10,-0.00030657265489797414,1.0066272286689102,0.9943372211864305,2214.0,0.020477715002287716,2.968176838015605,0.02047771500228766,3.0087487627538962,2018-10-31
2018-11,-0.00027546720159998817,1.0068925228369439,0.9947473987040939,2200.0,0.021451407200985827,2.9743668411472277,0.021451407200985758,3.0141894218534864,2018-11-30
2018-12,0.002536021769130037,1.000765876974742,0.9887096830958421,2180.0,0.021224967154776963,2.9387803702615174,0.021863746147636035,2.9823626368697185,2018-12-31
2019-01,0.003065199826379983,0.9991529117676319,0.9886166448547247,2165.0,0.021055137120120318,2.9454613856601792,0.021787603689849992,2.988359483661582,2019-01-31
2019-02,0.0038785554116121945,0.9978199964155858,0.9878984953460074,2157.0,0.020964561101636768,2.9490245938727933,0.021746994379030767,2.991557801950571,2019-02-28
2019-03,0.005586164058531962,0.9946842200785672,0.985727153701477,2147.0,0.020851341078532343,2.953478604138561,0.016719590097278095,2.995555699811807,2019-03-31
2019-04,0.004898065446629629,0.9964612507629587,0.9840839097598597,2133.0,0.020692833046186136,2.833307921149401,0.01643699743788725,2.902553650420441,2019-04-30
2019-05,0.004979438224170574,0.9976361467160694,0.9853752842173608,2123.0,0.020579613023081703,2.8420431578459175,0.016235145538322355,2.908626146279622,2019-05-31
2019-06,-0.03505152608908502,1.0699520875257782,0.9732942040282953,2229.0,0.020297933571703352,4.434308932386395,0.018878671671098045,5.107967658635443,2019-06-30
2019-07,-0.024478963991521607,1.0480838636713172,0.980935847026989,2230.0,0.020312157323065586,4.297054707412599,0.018880541792740693,4.864401306457753,2019-07-31
2019-08,-0.013723629592064746,1.0288973811379472,0.9853097864866677,2218.0,0.02014147230671876,4.35295986695449,0.018858100333028916,4.698854417422735,2019-08-31
2019-09,0.000304101160436443,1.0038072747610862,0.990615848375457,2210.0,0.02002768229582087,4.39022997331575,0.01909309175874598,4.4348763170928995,2019-09-30
2019-10,0.001175992547334248,1.0027261484467995,0.9918026406361706,2198.0,0.019873078090434985,4.432248430031197,0.01987307809043494,4.444695090287331,2019-10-31
2019-11,-0.0008910134725692576,1.0063657474806043,0.9917748679850974,2182.0,0.021051792393901852,4.432726227678779,0.021051792393901814,4.495628487714494,2019-11-30
2019-12,-0.006629352780998632,1.0154656347446436,0.9822970046536676,2172.0,0.020909554880279495,4.101386649015769,0.018959086901731908,4.433024851208518,2019-12-31
2020-01,-0.00308977357465845,1.0089889724693601,0.9798132199251449,2155.0,0.020667751107121483,3.865551085543903,0.018927294833806892,4.1805856250335545,2020-01-31
2020-02,-0.0017012148685630057,1.0060971538837953,0.9801626642103601,2154.0,0.0194830849245905,4.185244388328606,0.018428942599673818,4.433562373562048,2020-02-29
2020-03,0.013613969415871674,0.9772497644403161,0.9791660551973659,2146.0,0.019412177076255137,4.222514494690078,0.0194121770762551,4.222514494690079,2020-03-31
2020-04,0.01348553900278937,0.9780023642090263,0.9776622826416291,2133.0,0.019296951822710177,4.283078417527021,0.019296951822710143,4.283078417527021,2020-04-30
2020-05,0.013614235136694908,0.9778927678833937,0.9775350398166831,2129.0,0.019261497898542496,4.30171347070765,0.01926149789854246,4.301713470707651,2020-05-31
2020-06,-0.007292266214041887,1.0348531066464732,0.9651003559967676,2241.0,0.015944492200203688,4.147807199390073,0.01656931035015176,4.4247843164030165,2020-06-30
2020-07,-0.0036500281854416894,1.017950752456344,0.9888519802574539,2236.0,0.01593894256065258,4.150823469393931,0.016100189609083444,4.320527033665749,2020-07-31
2020-08,-0.0013022281864338847,1.012473170840315,0.9893400011648981,2224.0,0.015925623425729923,4.0977748182579194,0.01644026076117239,4.2041632727506455,2020-08-31
2020-09,0.001644047997891529,1.004834497324999,0.9944654427135431,2222.0,0.01592340356990948,4.09897804791757,0.016064548915376828,4.146635113978351,2020-09-30
2020-10,0.0010111858445257527,1.004567034265452,0.9953370083392468,2210.0,0.015910084434986822,4.106197425875473,0.016102320119978718,4.1610935399454805,2020-10-31
2020-11,0.0008975130254860186,1.0048638498104536,0.9955424703993924,2202.0,0.015901205011705048,4.111010344514075,0.01702695555553342,4.170732490590233,2020-11-30
2020-12,0.005193078276569341,0.9979536265528818,0.972194890817312,2192.0,0.015872169537443248,4.117041245350848,0.01587216953744322,4.219706237255359,2020-12-31
2021-01,0.0062684756741369085,0.9955989356262959,0.9709470619280645,2178.0,0.015828729798674127,4.125486801361612,0.015222888273239327,4.228910525341754,2021-01-31
2021-02,0.006982534406179131,0.9948959276851627,0.9705890006837791,2173.0,0.01581321560625658,4.128503071365469,0.015143122411890506,4.23219777108691,2021-02-28
2021-03,0.0035643887117901007,1.0031801485688334,0.960474545276023,2165.0,0.015788392898388515,4.13332910337162,0.01375052215039707,4.304528273980361,2021-03-31
2021-04,0.0037739651714019384,1.0027277614587584,0.9599314464415301,2158.0,0.015766673029003954,4.1375518813769885,0.013703083177994485,4.309388250345443,2021-04-30
2021-05,0.004062949115157921,1.0025557352629262,0.9594933359369583,2146.0,0.015729438967201848,4.144790929386242,0.01362175922530434,4.317719638399927,2021-05-31
2021-06,0.007141988961482548,0.9965967956315755,0.9395119057086891,2298.0,0.015120028163659512,4.053423625633546,0.011978116523582449,4.180499395286924,2021-06-30
2021-07,0.006310559435128926,0.9846893451846432,0.9782183085790055,2289.0,0.0151156126963475,4.057051604953603,0.014499869463505715,4.057051604953603,2021-07-31
2021-08,0.0063413892937334015,0.9848267084471065,0.9784676633464645,2282.0,0.01511217844399371,4.059873366646998,0.014470628393689492,4.059873366646998,2021-08-31
2021-09,0.007448512301628352,0.9857522641148885,0.9802174369221607,2275.0,0.015108744191639923,4.062695128340374,0.015174119101602247,4.062695128340374,2021-09-30
2021-10,0.008183031934911322,0.9859917482271402,0.9816762437996673,2266.0,0.015104328724327909,4.066323107660449,0.01516771947944618,4.066323107660449,2021-10-31
2021-11,0.002360129232468977,0.9996404694233123,0.9963567618556297,2257.0,0.015099913257015896,3.9900614336535134,0.015161319857290112,3.9900614336535134,2021-11-30
2021-12,0.005810171875881953,1.0084286213494489,0.9656076327443721,2244.0,0.01509353535978743,3.9033842408291886,0.015152075958620236,3.997767236794695,2021-12-31
2022-01,0.0066036386893786325,1.0078956585523298,0.9655294219450161,2229.0,0.015086176247600742,3.9165852170401347,0.015141409921693456,4.012646236135194,2022-01-31
2022-02,0.007651436655390809,1.0077029128431632,0.9646156705690829,2226.0,0.015084704425163405,3.9192254122823478,0.015139276714308099,4.015622036003322,2022-02-28
2022-03,0.006620598919375831,1.023849510347089,0.9479706058156298,2222.0,0.015082741995246954,3.844188046466528,0.015082741995246873,4.049737573692761,2022-03-31
2022-04,0.008284028981834113,1.023628172407144,0.9470934793702445,2209.0,0.015076364098018491,3.849779584651869,0.015076364098018404,4.051270784717038,2022-04-30
2022-05,0.008868894507999103,1.0247145411157685,0.9452572646569342,2202.0,0.015072929845664702,3.8527904129054997,0.015072929845664614,4.052096359883953,2022-05-31
2022-06,-0.0007964107662317144,1.0031226515288363,0.9885585650527315,2357.0,0.01403554465370584,3.0607021771344667,0.015337073355677484,3.111317524855605,2022-06-30
2022-07,0.003184076117447421,0.997145021416034,0.9898099451464881,2349.0,0.01402450405662238,3.068318770225865,0.014635911721044604,3.0683187702258654,2022-07-31
2022-08,0.0021487797936328157,0.997825447166319,0.9915391313908524,2338.0,0.014009323235632625,3.078791585726559,0.014536646045988552,3.0787915857265595,2022-08-31
2022-09,0.002770959178889143,0.9981246612229383,0.9935380637960051,2331.0,0.0139996627131846,3.0854561046815108,0.01412821327987809,3.085456104681511,2022-09-30
2022-10,0.0022386749391011262,0.9992613050796646,0.994583462327973,2320.0,0.013911472980471549,3.095928920182205,0.013984481892194808,3.0959289201822053,2022-10-31
2022-11,0.0023722883352123025,0.9993727886515198,0.9955458171664924,2309.0,0.013905119123309191,3.106401735682899,0.013969301071205056,3.1064017356828995,2022-11-30
2022-12,0.011529468125970221,0.9751337161915832,0.9829980224224901,2302.0,0.013901075759660418,3.1130662546378507,0.013959640548757032,3.018613819443287,2022-12-31
2023-01,0.008881548101919212,0.9812278586648101,0.9819085431166541,2287.0,0.013853306552773597,3.03213995304168,0.01390298216331563,3.001860685925683,2023-01-31
2023-02,0.009544890859186639,0.9804800747664353,0.9816475614257142,2279.0,0.01406590629568535,3.0397565461330784,0.014179325827419355,3.003437451433221,2023-02-28
2023-03,0.022412051210363493,0.9519534516596777,0.9726209212771083,2261.0,0.01404106495224757,3.0568938805887678,0.014160158622091381,2.8387834898707753,2023-03-31
2023-04,0.022282892169105506,0.9532869520761353,0.9716115019658464,2250.0,0.014025884131257813,3.0673666960894184,0.014148445329946508,2.8681750968804236,2023-04-30
2023-05,0.0221621189191738,0.9542199257316664,0.9714808403007134,2246.0,0.014020363832716083,3.071174992635161,0.014144185950984735,2.8788629539749846,2023-05-31
2023-06,0.009278258763561809,0.9973300976523215,0.969817868161537,2412.0,0.02032642060657664,5.1295807001647535,0.015940599313804836,5.1472437062832,2023-06-30
2023-07,0.004010893931134518,1.0032059130721516,0.9870202327612189,2404.0,0.02021550696844584,5.095525051332995,0.018863504639193625,5.095525051332995,2023-07-31
2023-08,0.0032074789221322453,1.0034226443443142,0.9874148342491339,2389.0,0.020057510742622086,5.101798479556026,0.018862716807456,5.104180008470871,2023-08-31
2023-09,0.0013450244679837908,1.003148449444177,0.9925585463491186,2379.0,0.01996050773301817,5.105406560154559,0.018875170123526724,5.109772696498441,2023-09-30
2023-10,0.0014914399726549954,1.0009133759514224,0.9945248040653356,2369.0,0.019863504723414253,5.109014640753108,0.018873614725615644,5.1153653845260365,2023-10-31
2023-11,0.0022035520447027945,1.0005990627617238,0.9951767833793634,2357.0,0.01974710111188955,5.113344337471347,0.01906075566406994,5.122076610159121,2023-11-30
2023-12,0.014412834743177783,0.9786538478695986,0.9847701309484709,2341.0,0.019591896296523286,5.071552362774073,0.014836050751604041,4.958683920165051,2023-12-31
2024-01,0.015848088848928077,0.9766190458207186,0.9841301688846222,2327.0,0.019456092083077803,4.9845817545447355,0.015449573216314771,4.843943539490515,2024-01-31
2024-02,0.012017344604876579,0.9830501830973717,0.9840420044504218,2321.0,0.01939789027731545,4.844808846083838,0.01543282005975284,4.811590934424262,2024-02-29
2024-03,0.02025342291695431,0.9693207767503953,0.9742450679276351,2305.0,0.019242685461949183,4.847116330332684,0.015388144975587686,4.72119598975268,2024-03-31
2024-04,0.021347275028865464,0.968822979576973,0.973172795998977,2294.0,0.019181113799965264,4.860642118584779,0.015313868235036457,4.732457144408213,2024-04-30
2024-05,0.023960391820689875,0.9649033473738946,0.9726620567701982,2283.0,0.01914533165145585,4.835867344619549,0.01444802418656924,4.649572821054858,2024-05-31
2024-06,0.0036954556184085607,1.0121618100106335,0.9678922886429787,2603.0,0.0180220104629356,5.042539922788116,0.01801961003215287,5.0906287917683315,2024-06-30
2024-07,0.006871321805210995,1.0032043248311064,0.9759130802589053,2599.0,0.01801296409318455,5.041213242826382,0.018012964093184498,5.043548403378767,2024-07-31
2024-08,0.00645863140438796,1.0037969899799346,0.9757421944248925,2582.0,0.01799994499401696,5.041448175736273,0.0179999449940169,5.051885555489423,2024-08-31
2024-09,0.003956352952761533,1.0017661477198545,0.9886451684282294,2571.0,0.01799152087102616,4.629909758576903,0.0179915208710261,4.629909758576904,2024-09-30
2024-10,0.0040686345375481325,0.9994879094261521,0.9922043201240116,2559.0,0.017982330918672566,4.686266785446037,0.017982330918672497,4.686266785446038,2024-10-31
2024-11,0.003709483901616517,0.9995699489332178,0.9925091913803824,2546.0,0.01797237513695617,4.690606717276502,0.01818357674998277,4.690606717276502,2024-11-30
2024-12,0.002407845365499206,1.0033397664541759,0.9703239286510068,2531.0,0.017960887696514178,4.654101592089827,0.01600184108864171,4.875632808891032,2024-12-31
