month,method,specification,nobs,intercept,BM,GP,Dur
1973-06,OLS,1,1445,0.16053713953287224,-0.006589979570332201,,
1973-07,OLS,1,1443,-0.05642878724987055,0.000533780285082969,,
1973-08,OLS,1,1443,0.10904453722337405,-0.003957275467673641,,
1973-09,OLS,1,1443,-0.027001395529740728,0.005004726313394969,,
1973-10,OLS,1,1441,-0.21080897504621074,0.0023804856798674365,,
1973-11,OLS,1,1444,-0.027160114839631325,-0.0019467285534591288,,
1973-12,OLS,1,1442,0.0494709151280462,0.015837625222015032,,
1974-01,OLS,1,1440,-0.02234424944404722,0.004242945670512954,,
1974-02,OLS,1,1440,-0.02023366382363971,0.0030160509298497256,,
1974-03,OLS,1,1439,-0.075643924637997,0.004223533066255086,,
1974-04,OLS,1,1439,-0.06888435767016056,-0.0012583763659220497,,
1974-05,OLS,1,1437,-0.04298842145136593,0.0026267709440582765,,
1974-06,OLS,1,1561,-0.09864463484911824,0.008112271583301132,,
1974-07,OLS,1,1560,-0.10311130127165098,0.003881793182046626,,
1974-08,OLS,1,1556,-0.1285782555189549,0.005182791589071673,,
1974-09,OLS,1,1558,0.17577538924002642,-0.01242326631273635,,
1974-10,OLS,1,1551,-0.024533776475019267,-0.005734570603317098,,
1974-11,OLS,1,1553,-0.04624445737898764,-0.006128209737540404,,
1974-12,OLS,1,1553,0.169648542220985,0.023423092432811914,,
1975-01,OLS,1,1551,0.07123372308429987,-0.004574133275190289,,
1975-02,OLS,1,1548,0.06458002924663393,0.005168648616475997,,
1975-03,OLS,1,1548,0.06390823415207064,-0.004789803534015674,,
1975-04,OLS,1,1546,0.07314509468128523,-0.0010962811731060555,,
1975-05,OLS,1,1543,0.06323323987019272,0.002527234995911486,,
1975-06,OLS,1,1956,-0.057965371485234354,0.0065982623455466275,,
1975-07,OLS,1,1956,-0.03472569294662581,-0.003857320806656742,,
1975-08,OLS,1,1956,-0.0475488289749138,0.000610507202950106,,
1975-09,OLS,1,1956,0.03831309840569871,-0.003789434403191177,,
1975-10,OLS,1,1956,0.014963259468709165,0.002100785306959885,,
1975-11,OLS,1,1950,-0.018143400288203736,0.0005627202016788507,,
1975-12,OLS,1,1901,0.11205694155940985,0.019977480580036813,,
1976-01,OLS,1,1944,-0.0062211682808683165,0.02225244915276815,,
1976-02,OLS,1,1912,0.012749055620961689,-0.00039934918498939843,,
1976-03,OLS,1,1928,-0.012937891992991304,-0.0010438038181014811,,
1976-04,OLS,1,1921,-0.002837102242937073,-0.004413536558215877,,
1976-05,OLS,1,1912,0.037406911380358676,-0.00040402668688726363,,
1976-06,OLS,1,2368,-0.0229949997551836,0.002463269434070153,,
1976-07,OLS,1,2170,-0.02779995209531806,0.0003681623567667197,,
1976-08,OLS,1,2349,0.02280221868343847,-0.001990460858822385,,
1976-09,OLS,1,2331,-0.027598368116168653,-0.00041010211917571826,,
1976-10,OLS,1,2341,0.023219124372774423,-4.620708563271763e-05,,
1976-11,OLS,1,2332,0.07190138063912449,0.0040145529500827505,,
1976-12,OLS,1,2296,-0.03986392560724379,0.01215313185127643,,
1977-01,OLS,1,2310,-0.018898467262763202,0.0021053848993925037,,
1977-02,OLS,1,2301,-0.007609075936997179,0.0019085650724077541,,
1977-03,OLS,1,2297,-0.0026967642802338326,0.0023683146736168275,,
1977-04,OLS,1,2279,-0.011268583534465793,0.0018418163458510737,,
1977-05,OLS,1,2273,0.05201311692472863,0.0006587201685242203,,
1977-06,OLS,1,2409,-0.014430744394979328,0.0023068713416431724,,
1977-07,OLS,1,2397,-0.004972339098390151,-0.002096393100974669,,
1977-08,OLS,1,2385,0.005216864078175798,0.0001606599674714512,,
1977-09,OLS,1,2370,-0.043170537452945856,0.0021557029939666306,,
1977-10,OLS,1,2368,0.06624224379777091,0.0017137139320936912,,
1977-11,OLS,1,2355,0.01228201414063527,0.00029622449175391644,,
1977-12,OLS,1,2331,-0.058873953554717695,0.006263062030013054,,
1978-01,OLS,1,2322,0.002932328772465912,0.003103781171282198,,
1978-02,OLS,1,2311,0.05362716406456559,0.002663502983350855,,
1978-03,OLS,1,2300,0.08402179929962925,9.402086519335224e-05,,
1978-04,OLS,1,2282,0.05826605348084993,0.0014422140609217722,,
1978-05,OLS,1,2259,-0.015989272673559825,0.0017762911948480558,,
1978-06,OLS,1,2355,0.06831770482225623,-0.00333180936198374,,
1978-07,OLS,1,2336,0.07253405875846033,0.002429633904202565,,
1978-08,OLS,1,2331,-0.03087176484608048,0.004478697864130566,,
1978-09,OLS,1,2328,-0.20723636014886915,2.1467814306595278e-05,,
1978-10,OLS,1,2314,0.06960094900286115,-0.0034699910392690966,,
1978-11,OLS,1,2306,0.03028416980468983,-0.0046773325098385206,,
1978-12,OLS,1,2284,0.05793564778379147,0.0066958817375415095,,
1979-01,OLS,1,2258,-0.044004812153401136,0.0018058062983116513,,
1979-02,OLS,1,2259,0.08585894572114265,-0.0011693796889870407,,
1979-03,OLS,1,2252,0.008536551627911015,0.0018525752833678756,,
1979-04,OLS,1,2242,-0.02927399065379222,0.0016451145532892213,,
1979-05,OLS,1,2230,0.0479991948199992,-0.0014398837650613726,,
1979-06,OLS,1,2303,0.017162262894932605,-0.0001838462255111056,,
1979-07,OLS,1,2287,0.0891803431064853,-0.0026955014483896313,,
1979-08,OLS,1,2273,-0.004573639322372217,-0.0012126085904838623,,
1979-09,OLS,1,2272,-0.10064830754118716,-0.0011203225399681745,,
1979-10,OLS,1,2264,0.09051476851905532,-0.005890926543752812,,
1979-11,OLS,1,2248,0.066575905949176,-0.002065844079378046,,
1979-12,OLS,1,2221,0.07778473426979707,0.003251900449625554,,
1980-01,OLS,1,2199,-0.026399675503298168,-0.00026170380594861016,,
1980-02,OLS,1,2190,-0.1736130698637573,-0.0004724695318290505,,
1980-03,OLS,1,2183,0.044807331808623896,-0.002389402530294072,,
1980-04,OLS,1,2171,0.07548520193049664,-0.0016741500495397394,,
1980-05,OLS,1,2169,0.039173808058603286,-0.0016562474355432083,,
1980-06,OLS,1,2255,0.13004787195085535,-0.005113941462266417,,
1980-07,OLS,1,2250,0.08518883895386763,-0.0037586927390870512,,
1980-08,OLS,1,2234,0.046785687845127134,-0.0025407986376658007,,
1980-09,OLS,1,2231,0.03228455987694035,-0.002038832171947662,,
1980-10,OLS,1,2221,0.12732707903253873,-0.013620239476676652,,
1980-11,OLS,1,2215,-0.05324801614857823,0.0008036150438182595,,
1980-12,OLS,1,2208,-0.057820515235098645,0.009785908798870481,,
1981-01,OLS,1,2171,-0.01594466654678807,0.003503051187223731,,
1981-02,OLS,1,2166,0.068906629218513,0.0007793800866650594,,
1981-03,OLS,1,2156,0.002846300734135439,0.003518630571048534,,
1981-04,OLS,1,2149,0.011132073218073283,0.0013923896766700912,,
1981-05,OLS,1,2140,-0.06056702004072702,0.0076706824613098626,,
1981-06,OLS,1,2277,-0.03265929992999091,-0.000395720912676684,,
1981-07,OLS,1,2268,-0.12401736802402108,0.006441868866122096,,
1981-08,OLS,1,2247,-0.11346820419285418,0.00411894580232797,,
1981-09,OLS,1,2246,0.10664266625264313,-0.008370060142857794,,
1981-10,OLS,1,2243,0.0045629303501474126,0.0008343126803355506,,
1981-11,OLS,1,2234,-0.040138655855616066,0.0027105037576441245,,
1981-12,OLS,1,2224,-0.04758711660458835,0.003955439312912846,,
1982-01,OLS,1,2200,-0.08995360851497923,0.007619049357564471,,
1982-02,OLS,1,2183,-0.03907259152692833,0.00432918048949867,,
1982-03,OLS,1,2172,0.053673471259347745,-0.001638013603489521,,
1982-04,OLS,1,2165,-0.048349249192946815,0.002712733599222302,,
1982-05,OLS,1,2147,-0.06462529892323707,0.006224028563157497,,
1982-06,OLS,1,2331,-0.03283356328967076,0.0022217947238402876,,
1982-07,OLS,1,2327,0.09484600660800664,-0.005676524363474048,,
1982-08,OLS,1,2307,0.0063939018534956375,0.0033857861423824418,,
1982-09,OLS,1,2296,0.14857923766675338,-0.00416774727468757,,
1982-10,OLS,1,2287,0.05468469006543411,0.007180022356528323,,
1982-11,OLS,1,2278,0.010991703661594061,0.0012637097207154368,,
1982-12,OLS,1,2249,0.09443438183821978,-0.00162069141700948,,
1983-01,OLS,1,2238,0.011686959186746056,0.008015163984723002,,
1983-02,OLS,1,2227,0.025121102348594524,0.004429542479738369,,
1983-03,OLS,1,2217,0.05069088946797713,0.0026009320237680364,,
1983-04,OLS,1,2211,0.09091279541648915,-0.0020614571059616215,,
1983-05,OLS,1,2200,0.04272718893608696,0.0008247259173373624,,
1983-06,OLS,1,2374,-0.07404964436503765,0.00790880301484315,,
1983-07,OLS,1,2361,-0.055528716729001795,0.003103193011198182,,
1983-08,OLS,1,2352,-0.012840601066365304,0.0025294995904729316,,
1983-09,OLS,1,2340,-0.09786868299347315,0.006539553679011282,,
1983-10,OLS,1,2337,0.03637345362748246,0.00029291470122191416,,
1983-11,OLS,1,2326,-0.04670215569388043,0.004501877418503671,,
1983-12,OLS,1,2303,-0.04614668896659994,0.007126986455572393,,
1984-01,OLS,1,2281,-0.08428331436710565,0.0033793349098536715,,
1984-02,OLS,1,2273,-0.015293375665799145,0.0038301276489096894,,
1984-03,OLS,1,2257,-0.03185043214723156,0.0021213728389684063,,
1984-04,OLS,1,2246,-0.07221996442794361,0.003344301160568022,,
1984-05,OLS,1,2226,0.031035826452060072,-0.0026772852914687274,,
1984-06,OLS,1,2495,-0.07314247680122513,0.0030305645354262844,,
1984-07,OLS,1,2483,0.12701760873592546,-0.005797889577798381,,
1984-08,OLS,1,2458,-0.04140817350040322,0.0047576771085333855,,
1984-09,OLS,1,2439,-0.04463337614391678,0.0015994019918435123,,
1984-10,OLS,1,2418,-0.061644149807870335,0.0037703830573452652,,
1984-11,OLS,1,2403,0.0074382102616840995,-0.0014908113560486522,,
1984-12,OLS,1,2379,0.14535034611020703,-0.005551904766706074,,
1985-01,OLS,1,2358,0.041239981982841664,-0.001037583945906297,,
1985-02,OLS,1,2349,-0.040621371174425866,0.002876628957313345,,
1985-03,OLS,1,2338,-0.043572800502811926,0.0032733178380399577,,
1985-04,OLS,1,2320,0.022154189296084512,8.059742923928295e-05,,
1985-05,OLS,1,2297,-0.007084647884812193,0.00038556612758619167,,
1985-06,OLS,1,2524,0.01614354946169931,9.180464314774825e-05,,
1985-07,OLS,1,2504,-0.02115974613272666,0.0011646116431317296,,
1985-08,OLS,1,2492,-0.07289545644562387,0.002623493161463274,,
1985-09,OLS,1,2473,0.016354874483018388,-0.0008214353224302363,,
1985-10,OLS,1,2451,0.05937707709282384,-0.002172601243654337,,
1985-11,OLS,1,2432,0.03051833015225827,-0.001993389211432463,,
1985-12,OLS,1,2416,0.03488799735652765,-0.002020859892847438,,
1986-01,OLS,1,2401,0.07049614198507004,-0.0027873204591396597,,
1986-02,OLS,1,2382,0.02409759677686423,0.0033213332425371775,,
1986-03,OLS,1,2363,0.008583178583329146,-0.0008193875176701852,,
1986-04,OLS,1,2343,0.03271918050594107,-0.00020037928320191557,,
1986-05,OLS,1,2320,0.0010429831337835434,0.00015880134034602269,,
1986-06,OLS,1,2589,-0.1049051167634602,0.0031922707959431834,,
1986-07,OLS,1,2577,0.006959656585742866,0.0023198328966580074,,
1986-08,OLS,1,2562,-0.095477922296107,0.006466647145276837,,
1986-09,OLS,1,2534,0.06440106396489532,-0.0057357657862720885,,
1986-10,OLS,1,2503,-0.004808234668505203,0.0005195467952187753,,
1986-11,OLS,1,2454,-0.05477351111554526,0.003445356018604936,,
1986-12,OLS,1,2427,0.13145299919052095,-0.0019665428984008324,,
1987-01,OLS,1,2417,0.0979347122133517,-0.004156207614089434,,
1987-02,OLS,1,2397,0.015361831490928667,0.003303264455814825,,
1987-03,OLS,1,2376,-0.029009005831717588,0.0019076917246366894,,
1987-04,OLS,1,2367,-0.0022786795528765835,0.0017226580202643058,,
1987-05,OLS,1,2349,0.018561749325544667,0.0012824247508364756,,
1987-06,OLS,1,2700,0.004605958166233406,0.0074664083030723935,,
1987-07,OLS,1,2677,0.012209559280225612,-3.2529320900582155e-05,,
1987-08,OLS,1,2657,-0.025072792299981588,0.002158689023194078,,
1987-09,OLS,1,2632,-0.3191068463210999,0.003844012669460446,,
1987-10,OLS,1,2605,-0.07236359842401538,0.0030590199563423253,,
1987-11,OLS,1,2583,0.06847552245220999,-0.0036057480640525347,,
1987-12,OLS,1,2561,0.058450004915216444,0.0011324252513059054,,
1988-01,OLS,1,2541,0.07290572118822383,0.00020753785535266686,,
1988-02,OLS,1,2524,0.020361461459610136,0.0034997352313526973,,
1988-03,OLS,1,2499,0.004024532801859892,0.0020078712312387986,,
1988-04,OLS,1,2475,-0.0435575464500734,0.003915050659597616,,
1988-05,OLS,1,2450,0.05711076869933122,-0.000967752755435391,,
1988-06,OLS,1,2552,-0.022816733020883724,0.002226404139232677,,
1988-07,OLS,1,2527,-0.04475636172805205,0.0027065457096295815,,
1988-08,OLS,1,2508,0.03165570383276629,-0.002346216892510364,,
1988-09,OLS,1,2480,-0.02532675079604013,0.0013463795285531596,,
1988-10,OLS,1,2456,-0.05465423877887306,0.001503415342087076,,
1988-11,OLS,1,2430,0.03244758936486773,-0.000902671305913463,,
1988-12,OLS,1,2408,0.04580372231452257,0.0014556479344217865,,
1989-01,OLS,1,2385,-0.01127668992570021,0.001582570723114122,,
1989-02,OLS,1,2367,0.015307723515503349,0.001004965227722133,,
1989-03,OLS,1,2357,0.03385136543304785,-0.000703475939917695,,
1989-04,OLS,1,2333,0.02728109356464808,-3.4074957952067266e-05,,
1989-05,OLS,1,2308,-0.04662035843298371,0.00431943468697468,,
1989-06,OLS,1,2591,0.04001164151683484,-0.0030581314525144764,,
1989-07,OLS,1,2562,0.003724849858217945,0.0014474418267717626,,
1989-08,OLS,1,2542,0.007658902747134391,-0.002353857229351577,,
1989-09,OLS,1,2522,-0.053012090733686665,-0.0017592565612789407,,
1989-10,OLS,1,2499,-0.00900633460998117,-0.0018870208740652888,,
1989-11,OLS,1,2484,-0.006231645109959996,-0.0006986442602076,,
1989-12,OLS,1,2449,-0.08422261310013769,0.003744973638012546,,
1990-01,OLS,1,2436,0.0054177309391270564,0.002130296372682903,,
1990-02,OLS,1,2421,0.029122597236076502,0.0002911576371547665,,
1990-03,OLS,1,2406,-0.02335802267461743,-0.0013021299037202076,,
1990-04,OLS,1,2390,0.08218016160477913,-0.005499749446550518,,
1990-05,OLS,1,2364,0.01719866467828948,-0.002962411552611554,,
1990-06,OLS,1,2701,-0.04691281156319305,0.0020778001504066076,,
1990-07,OLS,1,2679,-0.16038192112950297,0.005953045947636225,,
1990-08,OLS,1,2669,-0.10323802373212006,0.003413667167282353,,
1990-09,OLS,1,2653,-0.06042675423508515,-0.0004295408452795467,,
1990-10,OLS,1,2651,0.07768140312421264,-0.006794472215676434,,
1990-11,OLS,1,2638,0.022718428347083406,-0.0038532804889199047,,
1990-12,OLS,1,2615,0.08333493524470288,0.002722542535086255,,
1991-01,OLS,1,2603,0.15018417406320378,-0.00484437487521939,,
1991-02,OLS,1,2587,0.08026881714204583,0.0005209255341806466,,
1991-03,OLS,1,2569,0.02268537507954743,-0.001210452876492533,,
1991-04,OLS,1,2555,0.049664280632529194,-0.0027837344072993504,,
1991-05,OLS,1,2548,-0.048742535225411235,0.0012596878172975072,,
1991-06,OLS,1,2704,0.04390566181541018,-0.002601745219570758,,
1991-07,OLS,1,2688,0.02747584384951968,-0.0001761100228618108,,
1991-08,OLS,1,2682,0.005703923987406505,-0.0009260964527096661,,
1991-09,OLS,1,2667,0.03824431623680887,-0.0024736704937252905,,
1991-10,OLS,1,2652,-0.031052998006296993,-0.00011389983432674327,,
1991-11,OLS,1,2635,0.07702763501713285,-0.00612613673771155,,
1991-12,OLS,1,2614,0.07840205770424315,0.011624672500599101,,
1992-01,OLS,1,2604,0.018851767142335794,0.006078123732981112,,
1992-02,OLS,1,2593,-0.05478333283099906,0.007664980202961495,,
1992-03,OLS,1,2580,-0.05956249238153104,0.0035423965068132252,,
1992-04,OLS,1,2561,-0.018768596197843556,0.0025311405060174747,,
1992-05,OLS,1,2522,-0.06802059602006832,0.003225856775214369,,
1992-06,OLS,1,2661,0.021419288717482506,-0.00017541589661184046,,
1992-07,OLS,1,2637,-0.03180052060249073,0.000327311297788491,,
1992-08,OLS,1,2629,0.015682306422132048,-0.00018380777811725436,,
1992-09,OLS,1,2609,0.02071473131726475,-2.4322407890627567e-05,,
1992-10,OLS,1,2601,0.08935325064756829,-0.0023109344721263638,,
1992-11,OLS,1,2594,0.007964074956258506,0.004517535012858517,,
1992-12,OLS,1,2581,0.013130069038271394,0.007930235827854428,,
1993-01,OLS,1,2568,-0.0622360980242691,0.008908697762160531,,
1993-02,OLS,1,2555,0.004068354443755617,0.0032991328301333997,,
1993-03,OLS,1,2540,-0.05195787623730733,0.004159317684634032,,
1993-04,OLS,1,2532,0.05276692587487515,-0.00023569989351576552,,
1993-05,OLS,1,2521,-0.009714779220758895,0.002780705297653177,,
1993-06,OLS,1,2723,-0.017628201691386146,0.003799757030583024,,
1993-07,OLS,1,2711,0.06451894596926078,-0.0041026035273785105,,
1993-08,OLS,1,2704,0.01314899323535008,0.0015422361876714875,,
1993-09,OLS,1,2696,0.032747709183453926,0.002140231958080269,,
1993-10,OLS,1,2683,-0.02987929583102787,0.0027680509257264284,,
1993-11,OLS,1,2668,0.016530736928955035,-4.800472207473415e-05,,
1993-12,OLS,1,2651,0.01550855848248179,0.00692538695337557,,
1994-01,OLS,1,2632,-0.020727694199276087,0.004204049708070509,,
1994-02,OLS,1,2617,-0.06981689710398473,0.0042728830487826054,,
1994-03,OLS,1,2601,-0.027345542585204146,0.003078410454229278,,
1994-04,OLS,1,2583,-0.010672794383961516,0.0014102640094106646,,
1994-05,OLS,1,2574,-0.05434637503785442,0.0037572022384148086,,
1994-06,OLS,1,2819,0.00818460290796584,0.000837081458181626,,
1994-07,OLS,1,2801,0.04597006510998803,-0.0011439359649867782,,
1994-08,OLS,1,2785,-0.008528323478625742,0.00321743830500769,,
1994-09,OLS,1,2774,-0.00515144499807908,0.002000511760924971,,
1994-10,OLS,1,2759,-0.04917999720901953,0.002094393072288243,,
1994-11,OLS,1,2737,-0.02272188961291438,0.0008114128037311713,,
1994-12,OLS,1,2725,0.03762866379167705,-0.0015017862228666771,,
1995-01,OLS,1,2711,0.032919184045524276,-0.0004103042859244347,,
1995-02,OLS,1,2691,0.02531011960980014,-0.0014304266713929142,,
1995-03,OLS,1,2677,0.011473208570076752,0.0026138511705035604,,
1995-04,OLS,1,2654,0.012033373761396895,0.000897556068035663,,
1995-05,OLS,1,2642,0.08302667451968074,-0.005904947138500477,,
1995-06,OLS,1,3011,0.0695531296883112,-0.0031127044010554853,,
1995-07,OLS,1,2991,0.026074848272343517,0.0004260195681272347,,
1995-08,OLS,1,2973,0.023991726509687488,0.00032674991334758543,,
1995-09,OLS,1,2952,-0.06694744594179941,0.0010755506888801658,,
1995-10,OLS,1,2934,0.026113700812930324,-0.0026120047881599,,
1995-11,OLS,1,2921,0.006793312837311737,-0.0004091355215065451,,
1995-12,OLS,1,2897,0.013595639320447174,0.0016515672705324828,,
1996-01,OLS,1,2876,0.03675478742092826,-7.02466997524281e-05,,
1996-02,OLS,1,2860,0.025631774190588194,0.0004938379172717167,,
1996-03,OLS,1,2844,0.0614335977935426,0.0007088509550883043,,
1996-04,OLS,1,2822,0.060956906999476146,0.0026338838607193266,,
1996-05,OLS,1,2810,-0.06284835239362645,0.0036678703802236357,,
1996-06,OLS,1,3201,-0.12807749161765042,0.005971186741816348,,
1996-07,OLS,1,3174,0.04413183382094419,-0.0011210256106719918,,
1996-08,OLS,1,3152,0.03865108757269636,-0.002278561617028074,,
1996-09,OLS,1,3137,-0.05725332373421876,0.005621163372069409,,
1996-10,OLS,1,3125,0.019137249721014306,0.0008055494886900249,,
1996-11,OLS,1,3097,-0.016775563049991265,0.0019418777823065078,,
1996-12,OLS,1,3071,0.07443889796566949,-0.002412750794603125,,
1997-01,OLS,1,3046,-0.05630473065857906,0.00583646388971394,,
1997-02,OLS,1,3032,-0.09332047114693957,0.008158426828124375,,
1997-03,OLS,1,3011,-0.033459830918650166,0.0015158955530382332,,
1997-04,OLS,1,2993,0.12908793069249178,-0.006112865353400582,,
1997-05,OLS,1,2968,0.0195230280131243,0.003240641327523682,,
1997-06,OLS,1,3231,0.05369029686555164,-0.0009548955354782739,,
1997-07,OLS,1,3205,0.034645738362803664,-8.954336814279627e-05,,
1997-08,OLS,1,3182,0.06824576224858858,0.0020079404027550348,,
1997-09,OLS,1,3148,-0.05208306428150391,0.0043506786851556225,,
1997-10,OLS,1,3130,-0.03380319324582889,0.0019944537073755333,,
1997-11,OLS,1,3092,-0.045994136342516416,0.0005712958438896486,,
1997-12,OLS,1,3055,0.0067997571235249386,0.0009448937332077724,,
1998-01,OLS,1,3032,0.06966761447804456,-0.0008904236899004334,,
1998-02,OLS,1,2996,0.028467549617405854,0.0025043656867608168,,
1998-03,OLS,1,2969,0.0022738121904302515,0.0030628467431365845,,
1998-04,OLS,1,2949,-0.07285077979219873,0.005090286015981875,,
1998-05,OLS,1,2908,-0.027397376492952635,-0.000760957018679205,,
1998-06,OLS,1,3143,-0.08040496720343955,0.0023485528423245992,,
1998-07,OLS,1,3110,-0.22935302222493023,0.005293132285854263,,
1998-08,OLS,1,3070,0.08441641773969595,-0.00821170466042988,,
1998-09,OLS,1,3025,0.0838666993782576,-0.007248116436873679,,
1998-10,OLS,1,2994,0.07624427651914248,-0.0001738318630010162,,
1998-11,OLS,1,2966,0.03601298290631951,-0.002948512464580637,,
1998-12,OLS,1,2917,0.030646286451105908,0.004402149657332916,,
1999-01,OLS,1,2890,-0.06429946034720141,0.0013943666668819086,,
1999-02,OLS,1,2853,0.007258769757113428,-0.004586744577173363,,
1999-03,OLS,1,2827,0.08842493102688082,0.0005782314961390155,,
1999-04,OLS,1,2799,0.033228001550469136,0.0016965451842857898,,
1999-05,OLS,1,2761,0.05009382374028608,-0.0012215414698820428,,
1999-06,OLS,1,3121,-0.010695812418787035,0.0036331127619594725,,
1999-07,OLS,1,3088,-0.03462306970186129,0.00039039626609391393,,
1999-08,OLS,1,3051,0.005945065644730583,-0.0049870386641661,,
1999-09,OLS,1,3025,0.009631233727593674,-0.005037626068139097,,
1999-10,OLS,1,2980,0.1052844552770718,-0.002824018578568103,,
1999-11,OLS,1,2943,0.1392220765498413,-0.009108969834622895,,
1999-12,OLS,1,2922,-0.01423084898165713,0.011890728932652066,,
2000-01,OLS,1,2890,0.1337724565254888,0.0003835416466984212,,
2000-02,OLS,1,2859,0.02027688130765804,-0.0006722475118448448,,
2000-03,OLS,1,2827,-0.0910585969610006,0.0027831526446539015,,
2000-04,OLS,1,2804,-0.06611181467632059,0.0008111611062271088,,
2000-05,OLS,1,2769,0.08570825624367481,-0.0037491488175599506,,
2000-06,OLS,1,3057,-0.08407768671051041,0.010687546195788527,,
2000-07,OLS,1,3022,0.10583553493164251,-0.007546413330325097,,
2000-08,OLS,1,2990,-0.08041455661438968,0.0060735778677525,,
2000-09,OLS,1,2943,-0.054966593580741595,-0.0004750667509383678,,
2000-10,OLS,1,2904,-0.181865828147483,0.012104736237804357,,
2000-11,OLS,1,2866,-0.02245280721935794,0.0022042152421795354,,
2000-12,OLS,1,2823,0.2822326588591029,-0.009591171161538053,,
2001-01,OLS,1,2798,-0.15198832911402838,0.016238647574071407,,
2001-02,OLS,1,2770,-0.11359176010663988,0.008997418067476197,,
2001-03,OLS,1,2735,0.12690221715453015,-0.009923342511322274,,
2001-04,OLS,1,2699,0.028641074437004557,0.007434261310198735,,
2001-05,OLS,1,2671,0.016748699440136298,-0.0010422551341209751,,
2001-06,OLS,1,2840,-0.05693872529302566,0.006322061060377145,,
2001-07,OLS,1,2790,-0.061257508469462485,0.004710905300130516,,
2001-08,OLS,1,2777,-0.15481101987212179,0.0023149561939877846,,
2001-09,OLS,1,2759,0.12653517985119556,-0.008903975380362467,,
2001-10,OLS,1,2734,0.08999055300235964,-0.0021868734183695445,,
2001-11,OLS,1,2712,0.05798652304168018,0.0007570774588993439,,
2001-12,OLS,1,2686,-0.03491469394249851,0.012503100857228727,,
2002-01,OLS,1,2660,-0.0479435306292676,0.00405754924037116,,
2002-02,OLS,1,2640,0.07332553785162989,0.003512300592172516,,
2002-03,OLS,1,2616,-0.06396496399671575,0.01334445981011977,,
2002-04,OLS,1,2600,-0.04772362334250872,0.006564688087066267,,
2002-05,OLS,1,2571,-0.1127856517574393,0.007617403975352842,,
2002-06,OLS,1,2765,-0.13947841427505486,0.0015731795857282756,,
2002-07,OLS,1,2743,-0.0034043721286644876,-0.00030160126821151146,,
2002-08,OLS,1,2729,-0.09836545006818365,0.001208806370474149,,
2002-09,OLS,1,2698,0.10196981600213319,-0.009335732380787793,,
2002-10,OLS,1,2675,0.14336372850453682,-0.0014761627433984353,,
2002-11,OLS,1,2655,-0.08633832118865314,0.005375031926624603,,
2002-12,OLS,1,2625,-0.023408530382609576,0.002533334092158848,,
2003-01,OLS,1,2606,-0.03739008649358034,0.002079340123270172,,
2003-02,OLS,1,2573,0.018620057070032916,-0.0020871949363992837,,
2003-03,OLS,1,2557,0.1251907882048198,-0.003832580956564009,,
2003-04,OLS,1,2533,0.15984324877661077,-0.004627512369471449,,
2003-05,OLS,1,2515,0.027139058937029635,0.004725777229238892,,
2003-06,OLS,1,2748,0.055291219478884365,0.004951832075368264,,
2003-07,OLS,1,2723,0.048330092422165336,0.0019988974582877254,,
2003-08,OLS,1,2704,-0.02818295602835561,0.008464208109431031,,
2003-09,OLS,1,2690,0.06199338533602422,0.006476668483083156,,
2003-10,OLS,1,2671,0.022828850913798594,0.0036440395202813826,,
2003-11,OLS,1,2652,0.010843121254411163,0.005094906260468271,,
2003-12,OLS,1,2630,0.02554820702329555,0.00863757212938751,,
2004-01,OLS,1,2616,-5.249791296262179e-05,0.0018657523529218164,,
2004-02,OLS,1,2601,-0.005526245963820133,0.0019820752137781005,,
2004-03,OLS,1,2583,-0.022197886978245245,-0.0006280987042399322,,
2004-04,OLS,1,2570,0.009974564298353396,-0.0010051730453155662,,
2004-05,OLS,1,2549,0.020357759662449255,0.002007365896256206,,
2004-06,OLS,1,2632,-0.1186225715106738,0.008275356425927267,,
2004-07,OLS,1,2617,-0.03131922604822135,0.0014399901605812772,,
2004-08,OLS,1,2610,0.04384324296359119,8.806953050578633e-06,,
2004-09,OLS,1,2595,0.02704127416445407,-0.0016146332014587731,,
2004-10,OLS,1,2578,0.08048226624914238,0.0025290396695238433,,
2004-11,OLS,1,2559,0.06655158348230986,-0.00030700991245589726,,
2004-12,OLS,1,2540,-0.05372790139501954,0.0032579799399432654,,
2005-01,OLS,1,2529,0.003250260308375999,0.0022233149279207837,,
2005-02,OLS,1,2513,-0.05207885598299141,0.004685115471915762,,
2005-03,OLS,1,2497,-0.06147306081216564,-0.0005235512922127419,,
2005-04,OLS,1,2479,0.0718387286659796,-0.003306294516014949,,
2005-05,OLS,1,2465,0.006036437382541531,0.004184833322406967,,
2005-06,OLS,1,2521,0.06085565347043196,0.0017093776188130598,,
2005-07,OLS,1,2502,-0.02902821422255334,0.002516957931938026,,
2005-08,OLS,1,2487,0.0036076510391985133,0.0001353466899980464,,
2005-09,OLS,1,2466,-0.029571851490477787,-0.0007846064277436851,,
2005-10,OLS,1,2451,0.04086124025340536,-0.0003207463826488553,,
2005-11,OLS,1,2433,0.0036401986256904394,0.0006881784423035776,,
2005-12,OLS,1,2411,0.07721928043395326,0.0008373302767801243,,
2006-01,OLS,1,2398,0.00193719096738222,-0.0005156157239020047,,
2006-02,OLS,1,2381,0.027685789859044355,0.0029223427350669024,,
2006-03,OLS,1,2370,-0.01501899532300511,0.003941166033278738,,
2006-04,OLS,1,2351,-0.07483093576778693,0.0031751253956886485,,
2006-05,OLS,1,2337,-0.023051358490142282,0.0014136038410033811,,
2006-06,OLS,1,2439,-0.05527777611971988,0.002248391336767211,,
2006-07,OLS,1,2426,0.036139022404350726,-0.002532528798331072,,
2006-08,OLS,1,2414,0.0018411548818955644,0.001323244257004158,,
2006-09,OLS,1,2397,0.052157663373519375,-0.0007928053715965932,,
2006-10,OLS,1,2381,0.0236616345225387,0.00020674925067569065,,
2006-11,OLS,1,2360,-0.013654162010679758,0.0042847433792064914,,
2006-12,OLS,1,2330,0.02230465847379145,0.0006905139457065018,,
2007-01,OLS,1,2317,-0.005735566370804276,0.0016966280641508489,,
2007-02,OLS,1,2299,0.01157666625720413,-0.001401986849518531,,
2007-03,OLS,1,2278,0.03408259028927122,-0.001428890142203022,,
2007-04,OLS,1,2259,0.02655356752604858,3.875136675179434e-05,,
2007-05,OLS,1,2235,-0.012132092873847138,0.0010456640824286691,,
2007-06,OLS,1,2367,-0.045895501169112014,1.8336767055829012e-05,,
2007-07,OLS,1,2342,0.010734983744357626,-0.005347163676163015,,
2007-08,OLS,1,2324,0.03334110517100765,-0.004140715483061987,,
2007-09,OLS,1,2300,0.04106650234568901,-0.0038567208457719417,,
2007-10,OLS,1,2275,-0.07231213773267764,-0.0027807061747249368,,
2007-11,OLS,1,2250,-0.006773436814377518,-0.0010051309794248972,,
2007-12,OLS,1,2240,-0.07555352721325095,0.002492963299316567,,
2008-01,OLS,1,2228,-0.013885841138651418,-0.0006527661507086054,,
2008-02,OLS,1,2212,-0.018750498900651842,0.000826953426101125,,
2008-03,OLS,1,2196,0.03962744987368172,-0.001694603090643021,,
2008-04,OLS,1,2174,0.04537417065676162,-0.00022517027929041712,,
2008-05,OLS,1,2167,-0.09699073043422596,0.0022599094601081417,,
2008-06,OLS,1,2323,0.017636513493770836,-0.0028103244393440207,,
2008-07,OLS,1,2306,0.01790992711535732,0.0021407737352395523,,
2008-08,OLS,1,2292,-0.12029803778355401,-0.0009818260772852744,,
2008-09,OLS,1,2274,-0.2155719572278393,-0.0035822462205067455,,
2008-10,OLS,1,2258,-0.09746624772270965,-0.00866501014552014,,
2008-11,OLS,1,2242,0.053716818437769584,-0.002354085755576427,,
2008-12,OLS,1,2228,-0.021604412420940796,-0.0028862046132493166,,
2009-01,OLS,1,2215,-0.07016758489910159,-0.007031652085941805,,
2009-02,OLS,1,2198,0.10157635598513176,0.0031830309694625765,,
2009-03,OLS,1,2180,0.16637917998375779,0.01460098109058624,,
2009-04,OLS,1,2167,0.03986249601148116,0.00814810468665884,,
2009-05,OLS,1,2153,0.04083766822827814,0.00014800087326416394,,
2009-06,OLS,1,2286,0.06164449578722315,0.007640505512352121,,
2009-07,OLS,1,2276,-0.024747177230475367,0.017528767064664254,,
2009-08,OLS,1,2267,0.05521442914001683,0.005270317049093981,,
2009-09,OLS,1,2252,-0.05245503628457404,-0.0007070223696169722,,
2009-10,OLS,1,2232,0.015324605144933166,0.0026630615957897942,,
2009-11,OLS,1,2221,0.07002145608770992,0.0013185037000161195,,
2009-12,OLS,1,2209,-0.042314135433067265,0.004130495595973705,,
2010-01,OLS,1,2190,0.03426950446937668,0.0023684300642958897,,
2010-02,OLS,1,2178,0.053168391730175,0.005828567809194695,,
2010-03,OLS,1,2164,0.024800092855938243,0.008946867637230505,,
2010-04,OLS,1,2157,-0.058876302863151146,-0.003522887495708746,,
2010-05,OLS,1,2151,-0.041835897788701275,-0.005865787089017689,,
2010-06,OLS,1,2273,0.0712663366696377,-0.0006828060796295804,,
2010-07,OLS,1,2257,-0.05690995368321359,-0.002009583598050003,,
2010-08,OLS,1,2246,0.12868567578999235,-0.0009508705464220462,,
2010-09,OLS,1,2230,0.045879826641821185,0.000518702603250222,,
2010-10,OLS,1,2212,0.025196138330974838,0.001434783911481756,,
2010-11,OLS,1,2188,0.07515256846457297,0.001367831987278027,,
2010-12,OLS,1,2171,0.0020112241589719296,0.003309205575703524,,
2011-01,OLS,1,2160,0.0370463473712531,0.002371157136199217,,
2011-02,OLS,1,2148,0.036192978337998914,-0.0026660689031019528,,
2011-03,OLS,1,2134,0.03957178319440663,-0.003318141460943203,,
2011-04,OLS,1,2120,-0.002990543506543679,-0.002642929727751534,,
2011-05,OLS,1,2094,-0.02909095170603256,0.0014787892199401684,,
2011-06,OLS,1,2152,-0.0434283073333993,0.0032965301711374265,,
2011-07,OLS,1,2142,-0.07533319096715543,-0.003588677941536562,,
2011-08,OLS,1,2134,-0.1052123740053236,-0.0009694819887936727,,
2011-09,OLS,1,2121,0.15916918856259368,-0.004468282070434073,,
2011-10,OLS,1,2108,-0.013249392598338171,0.00041427402899739505,,
2011-11,OLS,1,2094,-0.012280976258967886,0.00247549915488766,,
2011-12,OLS,1,2082,0.10191854461846742,-0.0017373780172755104,,
2012-01,OLS,1,2072,0.032111676550726866,0.001032647797482366,,
2012-02,OLS,1,2065,0.02025605220573094,0.0013336843806273646,,
2012-03,OLS,1,2053,-0.018263500239725526,0.0009654345621702875,,
2012-04,OLS,1,2045,-0.0807803379632621,0.0008280436836138975,,
2012-05,OLS,1,2035,0.036667135103814544,0.0005072698625883203,,
2012-06,OLS,1,2090,-0.0054286457290135875,-0.0011353774796198184,,
2012-07,OLS,1,2076,0.04056606874655344,-0.0017914979125642925,,
2012-08,OLS,1,2067,0.029975504496273626,0.0010334942872687726,,
2012-09,OLS,1,2052,-0.03422256839070041,0.0019614671463315217,,
2012-10,OLS,1,2039,0.005698293349311474,0.0007510437185435433,,
2012-11,OLS,1,2022,0.016870297645227572,0.0022683584319889926,,
2012-12,OLS,1,2015,0.05422603711243258,0.0028856628387093786,,
2013-01,OLS,1,2006,-0.0030333766146515622,0.001783967534998737,,
2013-02,OLS,1,1998,0.043113671947657334,-0.0001775186698915947,,
2013-03,OLS,1,1989,0.014473527554774896,-0.0029274965033825226,,
2013-04,OLS,1,1978,0.041106267213528315,0.0031016392861944733,,
2013-05,OLS,1,1965,-0.01347529617572772,0.001587237225592833,,
2013-06,OLS,1,2057,0.07711920818188683,-0.0005327666309954229,,
2013-07,OLS,1,2043,-0.027023596842326067,0.0016612451003009487,,
2013-08,OLS,1,2034,0.0544490606339565,0.0017323445384127359,,
2013-09,OLS,1,2018,0.00775228206237166,0.004803789764250742,,
2013-10,OLS,1,2001,0.05688951819872919,-0.0022829804614088837,,
2013-11,OLS,1,1993,0.020460413446017824,0.0014366629112472747,,
2013-12,OLS,1,1981,-0.013556756300434838,0.0007088608005110669,,
2014-01,OLS,1,1962,0.047143827021763625,0.0007847771009478452,,
2014-02,OLS,1,1956,-0.02440350066622866,0.005137013063607378,,
2014-03,OLS,1,1949,-0.034014717174796705,0.0001501552769275641,,
2014-04,OLS,1,1940,0.0005491736333304912,-0.00014822103840800323,,
2014-05,OLS,1,1934,0.0545078285193301,-0.00208410559905682,,
2014-06,OLS,1,1990,-0.050868856756934394,0.000905811849108149,,
2014-07,OLS,1,1984,0.0488720478734248,-0.000710074004476531,,
2014-08,OLS,1,1977,-0.03530045713373752,-0.002723542599247651,,
2014-09,OLS,1,1965,0.06754318075971165,-0.007009269298557049,,
2014-10,OLS,1,1958,0.026115713413632478,-0.0042909405077966945,,
2014-11,OLS,1,1949,0.015267473943510494,-0.0003237902269755824,,
2014-12,OLS,1,1933,-0.016011092591429486,-0.0027450149483706334,,
2015-01,OLS,1,1921,0.08201813423229452,-0.0016169424654908023,,
2015-02,OLS,1,1911,0.008686726243145393,-0.0023234861510555136,,
2015-03,OLS,1,1905,-0.02796523441039741,0.005018348277186625,,
2015-04,OLS,1,1899,0.018975111712132384,-0.003065303882526277,,
2015-05,OLS,1,1888,0.007959608172695549,-0.002931854644755537,,
2015-06,OLS,1,1942,0.03149080005757504,-0.012318461988150127,,
2015-07,OLS,1,1932,-0.07915084940475155,0.006874093324210234,,
2015-08,OLS,1,1923,-0.04752153689198901,-0.002837901215994057,,
2015-09,OLS,1,1905,0.06819844167432107,-0.0008609921060278672,,
2015-10,OLS,1,1901,0.028417327514253472,-0.002013823047202433,,
2015-11,OLS,1,1888,-0.01850270815440541,-0.005759142512743317,,
2015-12,OLS,1,1868,-0.08135535430929791,-0.00012775457875930082,,
2016-01,OLS,1,1854,0.014873298366098131,0.0001395882127762687,,
2016-02,OLS,1,1844,0.04506262575512843,0.00727717085298315,,
2016-03,OLS,1,1829,-0.00947087971682808,0.007786866766227377,,
2016-04,OLS,1,1813,0.023918686885386557,-0.004569818150471056,,
2016-05,OLS,1,1804,-0.028768632603121132,0.006676366231717771,,
2016-06,OLS,1,1883,0.052963710779309,0.0014136674007880585,,
2016-07,OLS,1,1868,-0.0035507558319081882,0.003408293473245073,,
2016-08,OLS,1,1854,0.00794950395061049,0.0017568820330657422,,
2016-09,OLS,1,1848,-0.050990774161115304,-0.0004966040124319522,,
2016-10,OLS,1,1833,0.03524730588687369,0.009752519221398446,,
2016-11,OLS,1,1825,-0.002212255960569455,0.003453637978104646,,
2016-12,OLS,1,1815,0.029437802126199838,-0.0024007754715654633,,
2017-01,OLS,1,1804,0.05034080056308405,-0.007082924755061752,,
2017-02,OLS,1,1791,0.0175153596528502,-0.0016927803783658613,,
2017-03,OLS,1,1778,0.024399451669371026,-0.0027709245603003254,,
2017-04,OLS,1,1767,0.007972566816606255,-0.004143596045776058,,
2017-05,OLS,1,1755,0.03017976820727719,-0.0010635734027728083,,
2017-06,OLS,1,1864,0.0014192532087808358,-0.0007507271555220114,,
2017-07,OLS,1,1853,0.0031955522930003904,-0.0033352984792435728,,
2017-08,OLS,1,1836,0.04463231431296202,0.004319031908157577,,
2017-09,OLS,1,1828,0.008532363384165626,-0.0005378697906929435,,
2017-10,OLS,1,1815,0.019359988150788376,0.003251610031698475,,
2017-11,OLS,1,1803,0.00044650435450316296,0.002289470956394996,,
2017-12,OLS,1,1798,0.03841963778448904,-0.001444991584446257,,
2018-01,OLS,1,1787,-0.03443095039478511,-0.001715461776427601,,
2018-02,OLS,1,1779,-8.584550236168489e-06,0.0006489179704305721,,
2018-03,OLS,1,1772,-0.0008145963196371261,0.0008319375503949264,,
2018-04,OLS,1,1770,0.054034969708428186,-0.0008641424123182217,,
2018-05,OLS,1,1759,0.014429419913377985,-0.0008594630966162618,,
2018-06,OLS,1,1825,0.021417120997982163,-0.0017118099563326172,,
2018-07,OLS,1,1816,0.06957832373252446,-0.006242470183863215,,
2018-08,OLS,1,1816,-0.008838443325639087,-0.0020587528460484106,,
2018-09,OLS,1,1805,-0.11603575711306709,0.0016411985458209984,,
2018-10,OLS,1,1791,0.03145768211351842,-0.006305444173304019,,
2018-11,OLS,1,1778,-0.10163977335610529,-0.004781749843689323,,
2018-12,OLS,1,1770,0.11943576074466082,0.0025574777074422505,,
2019-01,OLS,1,1761,0.06625780393758582,-0.0031313321717794133,,
2019-02,OLS,1,1748,0.00623065901038849,-0.004546062312750635,,
2019-03,OLS,1,1739,0.03293881788971375,-0.001272170047103184,,
2019-04,OLS,1,1734,-0.06563328658152315,-0.005152171117744987,,
2019-05,OLS,1,1728,0.10368621059587681,-0.00723375676433053,,
2019-06,OLS,1,1820,0.019671529469932985,-0.004396743289198879,,
2019-07,OLS,1,1810,-0.021739581244880894,-0.006081276483555841,,
2019-08,OLS,1,1801,-0.026538129567038056,0.010048652912939774,,
2019-09,OLS,1,1790,0.03870957814512281,-0.006782805625294582,,
2019-10,OLS,1,1779,0.08377638287218839,-0.00811182809027473,,
2019-11,OLS,1,1763,-0.0077180052496484955,0.008907297021257032,,
2019-12,OLS,1,1762,0.019432034215459453,-0.007542901273330521,,
2020-01,OLS,1,1758,-0.05548039615335327,-0.004178321316746537,,
2020-02,OLS,1,1752,-0.12492739703607404,-0.01936511633192798,,
2020-03,OLS,1,1744,0.13819643626607,0.013165682649965973,,
2020-04,OLS,1,1735,0.09142186064579831,-0.0022353020725654296,,
2020-05,OLS,1,1724,0.0274566275481829,0.007345739303109907,,
2020-06,OLS,1,1786,0.030329481085570868,0.004376273001957361,,
2020-07,OLS,1,1779,0.04401886714370238,0.0022898204358127554,,
2020-08,OLS,1,1773,-0.01800152403675923,-0.0024462172944801743,,
2020-09,OLS,1,1763,0.008510034886938356,0.0007972494825643678,,
2020-10,OLS,1,1760,0.13478574887055075,0.014840383881068035,,
2020-11,OLS,1,1750,0.06466982303026521,0.004191239139633051,,
2020-12,OLS,1,1741,-0.032682352158358886,0.026793512880069353,,
2021-01,OLS,1,1735,0.04305390289692308,0.010147303295689877,,
2021-02,OLS,1,1732,-0.01592250032739353,0.007784600793607295,,
2021-03,OLS,1,1720,0.032558068137509666,-0.0029597802765581505,,
2021-04,OLS,1,1714,-0.027387001512159448,0.009403518231999293,,
2021-05,OLS,1,1707,0.03019623568654514,0.000761396578573284,,
2021-06,OLS,1,1783,-0.015301438266412651,-0.002477028929910862,,
2021-07,OLS,1,1776,0.014992378578099558,0.00040361994316548996,,
2021-08,OLS,1,1768,-0.07447787461899753,0.007865249004772394,,
2021-09,OLS,1,1757,0.04379025013945029,-0.0019801167231389663,,
2021-10,OLS,1,1750,-0.04675879597139192,-2.914529901863567e-05,,
2021-11,OLS,1,1741,0.001421978824535858,0.0031978660192631407,,
2021-12,OLS,1,1737,-0.14143083884056254,0.012093805867719225,,
2022-01,OLS,1,1732,-0.024011699559516285,0.005496225182389983,,
2022-02,OLS,1,1722,0.001886159015236556,0.0037228785439698594,,
2022-03,OLS,1,1717,-0.14443041866610723,0.008477000513903368,,
2022-04,OLS,1,1707,-0.04883621307634557,0.007045834421518347,,
2022-05,OLS,1,1703,-0.04033816560547389,-0.006896501808810509,,
2022-06,OLS,1,1799,0.12504538069260857,-0.006259128282251016,,
2022-07,OLS,1,1793,-0.02648143750102382,0.001654721625059343,,
2022-08,OLS,1,1786,-0.083171183192007,-0.006524931700323125,,
2022-09,OLS,1,1776,0.05988823345815163,0.005498224967081735,,
2022-10,OLS,1,1771,0.03950636568932608,-0.002042646605412246,,
2022-11,OLS,1,1762,-0.051728949451315065,-0.001349693553617233,,
2022-12,OLS,1,1758,0.11291859423904273,0.004195363256568728,,
2023-01,OLS,1,1748,-0.021212323498081078,-0.002779955090898677,,
2023-02,OLS,1,1736,-0.006970532678127843,-0.00642508795202708,,
2023-03,OLS,1,1729,-0.019813100808405225,-0.0015643748369778135,,
2023-04,OLS,1,1721,0.0078098173942077855,-0.0031979755611784414,,
2023-05,OLS,1,1714,0.05646750026903196,0.0024896831288586433,,
2023-06,OLS,1,1854,0.008464934318632501,0.006169733127653305,,
2023-07,OLS,1,1844,-0.034395292272564326,-0.003998099076391879,,
2023-08,OLS,1,1832,-0.06735502019528641,-0.00034090095582672706,,
2023-09,OLS,1,1822,-0.06749642098417902,-0.003229217600841826,,
2023-10,OLS,1,1810,0.09951445897461025,-0.0030087393931883546,,
2023-11,OLS,1,1800,0.09021826586791047,0.0041158725615890995,,
2023-12,OLS,1,1793,-0.0072770941459626105,-0.005235954662492528,,
2024-01,OLS,1,1786,0.06336347506533331,-0.002569843928124457,,
2024-02,OLS,1,1781,0.010691611958523705,0.003598157217422352,,
2024-03,OLS,1,1772,-0.06925372216024085,-0.0014329779759980684,,
2024-04,OLS,1,1759,0.005069479222778983,0.008124566001567737,,
2024-05,OLS,1,1752,0.001200449536174712,-0.006789910795737102,,
2024-06,OLS,1,1969,0.048189322623369335,0.003889156667400457,,
2024-07,OLS,1,1955,-0.007185554171214083,-0.003612260595987334,,
2024-08,OLS,1,1949,0.020409454426819542,-0.002686721744792292,,
2024-09,OLS,1,1935,-0.009535605985700699,-0.001838735673626364,,
2024-10,OLS,1,1923,0.10397787635778663,-0.0023711418905664945,,
2024-11,OLS,1,1911,-0.07233303203135955,0.0061466425360282954,,
1973-06,OLS,2,1445,0.11430684920350546,,0.0018145423774760605,
1973-07,OLS,2,1443,-0.04150209249001592,,-0.002178066902065077,
1973-08,OLS,2,1443,0.10558093163117402,,-0.0033278065924161253,
1973-09,OLS,2,1443,0.03807005008992741,,-0.0068257002998318335,
1973-10,OLS,2,1441,-0.1754540497320086,,-0.004045115902190546,
1973-11,OLS,2,1444,-0.0010445305629018318,,-0.006695016603773589,
1973-12,OLS,2,1442,0.16842421632265533,,-0.005793511086392974,
1974-01,OLS,2,1440,0.011234233367864962,,-0.0018679979850588098,
1974-02,OLS,2,1440,-0.01602522792511118,,0.002250010265726216,
1974-03,OLS,2,1439,-0.04978917499999998,,-0.00047982284531783204,
1974-04,OLS,2,1439,-0.09141531516622979,,0.002835594056836844,
1974-05,OLS,2,1437,-0.010557501757985808,,-0.0032664045237448696,
1974-06,OLS,2,1561,-0.026388660887667767,,-0.005022567879258861,
1974-07,OLS,2,1560,-0.07141915249207051,,-0.0018843074545673722,
1974-08,OLS,2,1556,-0.10112975296606258,,0.00017997951351399758,
1974-09,OLS,2,1558,0.12438431822337882,,-0.0030675146644933804,
1974-10,OLS,2,1551,-0.05393057369331074,,-0.00037925638280096455,
1974-11,OLS,2,1553,-0.08554761768101758,,0.0010238579089932448,
1974-12,OLS,2,1553,0.2927545245186759,,0.0010519725511931107,
1975-01,OLS,2,1551,0.052749253139411756,,-0.0012160898943747234,
1975-02,OLS,2,1548,0.07723959823884621,,0.0028651535392699807,
1975-03,OLS,2,1548,0.042871725386718296,,-0.0009608183192864569,
1975-04,OLS,2,1546,0.07063725543526178,,-0.0006404929330802909,
1975-05,OLS,2,1543,0.08108072331665765,,-0.0007157103125855966,
1975-06,OLS,2,1956,-0.008127678704886353,,-0.002457785053235726,
1975-07,OLS,2,1956,-0.059123257151462855,,0.0005791555606599092,
1975-08,OLS,2,1956,-0.052490652695954584,,0.0015093280030950397,
1975-09,OLS,2,1956,-0.008487444900576194,,0.004718871348598643,
1975-10,OLS,2,1956,-5.881871253301891e-06,,0.004818702930697962,
1975-11,OLS,2,1950,-0.0023679432478384056,,-0.0023043030811326034,
1975-12,OLS,2,1901,0.24556475200136688,,-0.004440920022351243,
1976-01,OLS,2,1944,0.14226138015967799,,-0.004729859707679247,
1976-02,OLS,2,1912,-0.0010669268108648004,,0.0021108735931592224,
1976-03,OLS,2,1928,-0.006095757887636107,,-0.0022852554941222986,
1976-04,OLS,2,1921,-0.01672995234262094,,-0.0018857732654827437,
1976-05,OLS,2,1912,0.04904831210559405,,-0.002523649504512594,
1976-06,OLS,2,2368,-0.011534895904570791,,0.00038293434009709906,
1976-07,OLS,2,2170,-0.03302235569057398,,0.0013061716453526475,
1976-08,OLS,2,2349,0.0128282141167627,,-0.00017546715359965974,
1976-09,OLS,2,2331,-0.02470997014549896,,-0.0009349467491878187,
1976-10,OLS,2,2341,0.028831231196673753,,-0.0010661798316314618,
1976-11,OLS,2,2332,0.10040758705050445,,-0.0011674147236821538,
1976-12,OLS,2,2296,0.042081782533459594,,-0.0027702679080129117,
1977-01,OLS,2,2310,-0.010662089693120415,,0.0006083442773571991,
1977-02,OLS,2,2301,0.01452432839560347,,-0.0021179587725987325,
1977-03,OLS,2,2297,0.023210987014349926,,-0.0023429584952124787,
1977-04,OLS,2,2279,-0.00530363203473646,,0.0007580321439971633,
1977-05,OLS,2,2273,0.05556167129285054,,1.4549544363213161e-05,
1977-06,OLS,2,2409,-0.011177577183597137,,0.0017175793140505493,
1977-07,OLS,2,2397,-0.03804997240584606,,0.003916657021454484,
1977-08,OLS,2,2385,-0.000682142712014643,,0.0012318470313117753,
1977-09,OLS,2,2370,-0.04025996311417465,,0.0016221635930527474,
1977-10,OLS,2,2368,0.0714997551154237,,0.000754781162178837,
1977-11,OLS,2,2355,0.014023947513383287,,-2.0817896145401583e-05,
1977-12,OLS,2,2331,-0.015812667742952913,,-0.0015797716654572709,
1978-01,OLS,2,2322,0.010867807083850902,,0.0016565609679700792,
1978-02,OLS,2,2311,0.0735784334072866,,-0.0009682584974248745,
1978-03,OLS,2,2300,0.07877550579786265,,0.0010466151820053638,
1978-04,OLS,2,2282,0.05650035137507319,,0.0017664539791401018,
1978-05,OLS,2,2259,-0.008956615828784223,,0.0004981467447861851,
1978-06,OLS,2,2355,0.05674769040228475,,-0.0012286583421427918,
1978-07,OLS,2,2336,0.07501595258797723,,0.0019761187382124398,
1978-08,OLS,2,2331,0.009445021184476623,,-0.002842003228100089,
1978-09,OLS,2,2328,-0.19930327434291845,,-0.001423247385565674,
1978-10,OLS,2,2314,0.04068458006001293,,0.0017862352276467426,
1978-11,OLS,2,2306,-0.005018353117725436,,0.0017426310472108528,
1978-12,OLS,2,2284,0.11350874769342413,,-0.003417823718538776,
1979-01,OLS,2,2258,-0.026792238917965144,,-0.0013232422182021103,
1979-02,OLS,2,2259,0.09701962068765711,,-0.0031898091520136096,
1979-03,OLS,2,2252,0.030312774745264,,-0.00211076544491181,
1979-04,OLS,2,2242,-0.01850930967386469,,-0.00031079427571831654,
1979-05,OLS,2,2230,0.0712726711647806,,-0.005667743030343033,
1979-06,OLS,2,2303,0.015959565701002165,,3.46768712947874e-05,
1979-07,OLS,2,2287,0.07212124790120789,,0.0004110737601285739,
1979-08,OLS,2,2273,-0.002146273147724115,,-0.0016474224087565368,
1979-09,OLS,2,2272,-0.11101072420557812,,0.0007638184749139824,
1979-10,OLS,2,2264,0.06801485294328158,,-0.001808876259824099,
1979-11,OLS,2,2248,0.07400616694264306,,-0.003410848101958478,
1979-12,OLS,2,2221,0.13983929536626805,,-0.008016683467446606,
1980-01,OLS,2,2199,-0.011898459789350667,,-0.002896614208530403,
1980-02,OLS,2,2190,-0.20125090943001056,,0.004555867473975988,
1980-03,OLS,2,2183,0.03181962727358778,,-2.4675924024454232e-05,
1980-04,OLS,2,2171,0.05335552900643558,,0.0023479639892110054,
1980-05,OLS,2,2169,0.039048057760518,,-0.0016287221482696461,
1980-06,OLS,2,2255,0.08520937461051785,,0.003036084158879417,
1980-07,OLS,2,2250,0.062146742555742304,,0.0004306749272564072,
1980-08,OLS,2,2234,0.03552168575165661,,-0.0004958396616564154,
1980-09,OLS,2,2231,0.024738930729307183,,-0.0006661313396663935,
1980-10,OLS,2,2221,0.07232583260665959,,-0.0036100249749931265,
1980-11,OLS,2,2215,-0.07529446312317004,,0.0048040104734367204,
1980-12,OLS,2,2208,-0.003416344107515054,,-0.00011602418301880368,
1981-01,OLS,2,2171,0.011420232177516226,,-0.0014708395398768893,
1981-02,OLS,2,2166,0.06698954267271161,,0.0011283269726224995,
1981-03,OLS,2,2156,-0.009666677086012846,,0.00579277665577648,
1981-04,OLS,2,2149,0.012594139350845055,,0.0011251286527454848,
1981-05,OLS,2,2140,-0.024413445693356968,,0.0010953507114548455,
1981-06,OLS,2,2277,-0.02130138344189361,,-0.0024585682520392757,
1981-07,OLS,2,2268,-0.0930506434453919,,0.0008059392555238346,
1981-08,OLS,2,2247,-0.11290085488500046,,0.00401699667233219,
1981-09,OLS,2,2246,0.06166062044736957,,-0.00018573899317104344,
1981-10,OLS,2,2243,0.005162588425190667,,0.0007258090502390959,
1981-11,OLS,2,2234,-0.050735095624102534,,0.004636658879108632,
1981-12,OLS,2,2224,-0.03845665800851909,,0.0022886506261501037,
1982-01,OLS,2,2200,-0.06343536328991298,,0.002789870084074722,
1982-02,OLS,2,2183,-0.042804323461767206,,0.00501657145023656,
1982-03,OLS,2,2172,0.029617244517738006,,0.0027331011214950292,
1982-04,OLS,2,2165,-0.04937918668691871,,0.002901258953934785,
1982-05,OLS,2,2147,-0.046237328008437426,,0.002862688664762781,
1982-06,OLS,2,2331,-0.04733793397115954,,0.004837182495864894,
1982-07,OLS,2,2327,0.06476767098947459,,-0.00020893468244409763,
1982-08,OLS,2,2307,-0.007887016068754736,,0.005983746593342578,
1982-09,OLS,2,2296,0.11665503252877188,,0.001649972363790101,
1982-10,OLS,2,2287,0.05903262137826806,,0.00637873942034188,
1982-11,OLS,2,2278,0.008313296773973989,,0.0017507001714446493,
1982-12,OLS,2,2249,0.12241276773922712,,-0.006705987766369372,
1983-01,OLS,2,2238,0.0262282439539371,,0.00536325014460411,
1983-02,OLS,2,2227,0.03484449685812097,,0.0026504550971367166,
1983-03,OLS,2,2217,0.06153998817687666,,0.0006245925978105337,
1983-04,OLS,2,2211,0.09928891488903806,,-0.0035813717284181095,
1983-05,OLS,2,2200,0.04002055064895739,,0.0013151821432235342,
1983-06,OLS,2,2374,-0.025969119388735803,,-0.0008413328666366423,
1983-07,OLS,2,2361,-0.03730830001071934,,-0.0002142941423723683,
1983-08,OLS,2,2352,-0.019663891537974515,,0.0037650318987419717,
1983-09,OLS,2,2340,-0.060599394442548735,,-0.00024251428162340387,
1983-10,OLS,2,2337,0.024453991302576823,,0.0024570962479308262,
1983-11,OLS,2,2326,-0.018092456298706778,,-0.0007056345549733041,
1983-12,OLS,2,2303,0.019987985458034676,,-0.00489727670630643,
1984-01,OLS,2,2281,-0.05496277097095997,,-0.0019537918587182192,
1984-02,OLS,2,2273,0.003788268627390579,,0.0003480098452286574,
1984-03,OLS,2,2257,-0.034971235933241,,0.0026800530444241076,
1984-04,OLS,2,2246,-0.0693492512616631,,0.00280913113609301,
1984-05,OLS,2,2226,-0.014361901359698693,,0.0055754447605069635,
1984-06,OLS,2,2495,-0.08479381930375623,,0.0051435665254662664,
1984-07,OLS,2,2483,0.07202187533532858,,0.004216522106592925,
1984-08,OLS,2,2458,-0.016523453080078014,,0.0002091085285832611,
1984-09,OLS,2,2439,-0.06143275978270654,,0.004638067706444069,
1984-10,OLS,2,2418,-0.060774997696000074,,0.003599364835191608,
1984-11,OLS,2,2403,-0.024444904863657625,,0.004293892447179877,
1984-12,OLS,2,2379,0.11132387455464124,,0.0006304413283434971,
1985-01,OLS,2,2358,0.033594926044732194,,0.00035350842212207264,
1985-02,OLS,2,2349,-0.023886696279463722,,-0.00017220501349568554,
1985-03,OLS,2,2338,-0.031094094860016873,,0.001007497416204064,
1985-04,OLS,2,2320,-0.001770813156954005,,0.004435723854384721,
1985-05,OLS,2,2297,-0.024648876565756192,,0.0035805142121905272,
1985-06,OLS,2,2524,0.01933448259934185,,-0.0004887503481613574,
1985-07,OLS,2,2504,-0.01276159917842191,,-0.00036369853868481905,
1985-08,OLS,2,2492,-0.07603273199210393,,0.00318622266873162,
1985-09,OLS,2,2473,-0.009958454979501532,,0.003963415612726608,
1985-10,OLS,2,2451,0.0167975974462897,,0.0055661567459153434,
1985-11,OLS,2,2432,-0.016258110428330665,,0.006516002736244588,
1985-12,OLS,2,2416,0.026589685370636974,,-0.0005161076964819288,
1986-01,OLS,2,2401,0.03085699088137534,,0.004406912680801954,
1986-02,OLS,2,2382,0.03344780929860371,,0.0016165787259710598,
1986-03,OLS,2,2363,-0.012288959956681245,,0.0029672125548881553,
1986-04,OLS,2,2343,0.007339549191223946,,0.004405001490471055,
1986-05,OLS,2,2320,-0.015120071046998723,,0.003092213629745525,
1986-06,OLS,2,2589,-0.09585570755129863,,0.0015481225502114442,
1986-07,OLS,2,2577,0.03679021622022554,,-0.003102891410403467,
1986-08,OLS,2,2562,-0.03492365210468904,,-0.004548439485622152,
1986-09,OLS,2,2534,0.019214727722136466,,0.002485870968932132,
1986-10,OLS,2,2503,-0.030482980439977096,,0.005173186248370371,
1986-11,OLS,2,2454,-0.054299788517067495,,0.003339761659195171,
1986-12,OLS,2,2427,0.1387758098490793,,-0.0033005113340625588,
1987-01,OLS,2,2417,0.07111868752573622,,0.0007110677886645802,
1987-02,OLS,2,2397,0.06754272511690548,,-0.006180763145935365,
1987-03,OLS,2,2376,-0.009366601296884193,,-0.0016669030083093482,
1987-04,OLS,2,2367,0.015617012512267943,,-0.0015332154367390443,
1987-05,OLS,2,2349,0.017686581990041764,,0.0014371469765499258,
1987-06,OLS,2,2700,0.06957328002250687,,-0.004349902539905061,
1987-07,OLS,2,2677,-0.01857071779609174,,0.0055610905939948154,
1987-08,OLS,2,2657,-0.017522971403048804,,0.0007869013633993194,
1987-09,OLS,2,2632,-0.30523758284617136,,0.0013275612357994179,
1987-10,OLS,2,2605,-0.05986205618748526,,0.0007872029628251188,
1987-11,OLS,2,2583,0.008980834180540324,,0.007223544726531118,
1987-12,OLS,2,2561,0.07932383742348047,,-0.0026654589117315643,
1988-01,OLS,2,2541,0.05796939151296436,,0.00292415477205136,
1988-02,OLS,2,2524,0.03832378856431117,,0.00023295023134969447,
1988-03,OLS,2,2499,0.016432841106371856,,-0.00024611701735886355,
1988-04,OLS,2,2475,-0.033763229612488795,,0.0021228821673196833,
1988-05,OLS,2,2450,0.0386825817020496,,0.0023856125792544778,
1988-06,OLS,2,2552,-0.009378414293312994,,-0.00021864440404838488,
1988-07,OLS,2,2527,-0.03879172767115762,,0.0016184079275758938,
1988-08,OLS,2,2508,0.0043996683842552585,,0.0026093861421432685,
1988-09,OLS,2,2480,-0.032179298998824594,,0.0025894119060135535,
1988-10,OLS,2,2456,-0.05655951800318095,,0.00184846132680962,
1988-11,OLS,2,2430,0.015942470288593334,,0.002100116140544134,
1988-12,OLS,2,2408,0.058713038052562554,,-0.0008910807793915439,
1989-01,OLS,2,2385,-0.011615022215280804,,0.0016411611538741787,
1989-02,OLS,2,2367,0.024284335274076016,,-0.0006281157792785259,
1989-03,OLS,2,2357,0.03077885393079876,,-0.00014422739091062925,
1989-04,OLS,2,2333,0.015371346416177968,,0.002130308911906587,
1989-05,OLS,2,2308,-0.0198953271916605,,-0.0005351209686068352,
1989-06,OLS,2,2591,0.014571462728116352,,0.001562215857554875,
1989-07,OLS,2,2562,0.014025870171513204,,-0.00042016270224010436,
1989-08,OLS,2,2542,-0.010410626721397828,,0.0009251074068689853,
1989-09,OLS,2,2522,-0.06879476967258376,,0.0011113759448311362,
1989-10,OLS,2,2499,-0.008611067723756893,,-0.0019610520042500227,
1989-11,OLS,2,2484,-0.016127273859217757,,0.0011005994921108192,
1989-12,OLS,2,2449,-0.050883875631078365,,-0.0023102265266683277,
1990-01,OLS,2,2436,0.028079248016269525,,-0.001983553324464091,
1990-02,OLS,2,2421,0.016007656845820728,,0.0026704030108114546,
1990-03,OLS,2,2406,-0.04375783617986884,,0.002400402838631115,
1990-04,OLS,2,2390,0.046950791286612545,,0.0009105614062023065,
1990-05,OLS,2,2364,-0.00040434669844373436,,0.00023591405060818433,
1990-06,OLS,2,2701,-0.015081537329582971,,-0.0037138573228798007,
1990-07,OLS,2,2679,-0.11019886491533716,,-0.003180178617375006,
1990-08,OLS,2,2669,-0.07401415149842229,,-0.0019027853208057007,
1990-09,OLS,2,2653,-0.07487345040615226,,0.002197191757077782,
1990-10,OLS,2,2651,0.021862147733724274,,0.0033501841304098326,
1990-11,OLS,2,2638,-0.029125668090248233,,0.0055731889946258415,
1990-12,OLS,2,2615,0.09952790796485284,,-0.00021914740075742564,
1991-01,OLS,2,2603,0.13498342368912247,,-0.0020843654032232438,
1991-02,OLS,2,2587,0.06881538337871179,,0.002597636014253737,
1991-03,OLS,2,2569,-0.004945049114628924,,0.003803978472844755,
1991-04,OLS,2,2555,0.022586926315716845,,0.0021370746688929233,
1991-05,OLS,2,2548,-0.04672462436282793,,0.0008901127806544713,
1991-06,OLS,2,2704,0.028286086222430534,,0.00024298475431557977,
1991-07,OLS,2,2688,0.0029605283677523408,,0.004272511356563052,
1991-08,OLS,2,2682,-6.483375776100189e-05,,0.00012377714719575964,
1991-09,OLS,2,2667,0.03059803370267085,,-0.0010808177090168548,
1991-10,OLS,2,2652,-0.04369012335142025,,0.0021866373646325186,
1991-11,OLS,2,2635,0.02638461456376965,,0.0030999865118720733,
1991-12,OLS,2,2614,0.14529912115330404,,-0.0005444818386667181,
1992-01,OLS,2,2604,0.029886931691389996,,0.004067479821023204,
1992-02,OLS,2,2593,-0.021097520003261747,,0.0015320090108421804,
1992-03,OLS,2,2580,-0.03196649829698991,,-0.0014677815770257779,
1992-04,OLS,2,2561,0.00028498603050675314,,-0.0009173042529622836,
1992-05,OLS,2,2522,-0.04352848488482765,,-0.00120844999428462,
1992-06,OLS,2,2661,0.027249849785132934,,-0.001233137787665557,
1992-07,OLS,2,2637,-0.041054052253461246,,0.002008800744301883,
1992-08,OLS,2,2629,0.025932319089822554,,-0.0020442256293351406,
1992-09,OLS,2,2609,-0.0032566661395186983,,0.0043294547134009225,
1992-10,OLS,2,2601,0.045727460070081466,,0.005616290824914012,
1992-11,OLS,2,2594,0.018996979128048225,,0.0025099338942318823,
1992-12,OLS,2,2581,0.06441803123988767,,-0.0013930478242312337,
1993-01,OLS,2,2568,0.005054595407504354,,-0.003328835783385468,
1993-02,OLS,2,2555,0.031149364694637097,,-0.0016244035990039668,
1993-03,OLS,2,2540,-0.0077132260496142425,,-0.0038850660103100553,
1993-04,OLS,2,2532,0.05371126647017681,,-0.0004078199757569071,
1993-05,OLS,2,2521,0.017335256525689485,,-0.002134483972693812,
1993-06,OLS,2,2723,0.012098742875486035,,-0.0016062220492096856,
1993-07,OLS,2,2711,0.0580054373628203,,-0.002910248923849487,
1993-08,OLS,2,2704,0.01166247530763815,,0.0018119704125375649,
1993-09,OLS,2,2696,0.053230521020669795,,-0.0015826930284139847,
1993-10,OLS,2,2683,-0.036617134450177356,,0.0039951749410131404,
1993-11,OLS,2,2668,0.008360438668122697,,0.0014360527320250941,
1993-12,OLS,2,2651,0.07840472782572194,,-0.00452359318026646,
1994-01,OLS,2,2632,-0.007083232834823787,,0.0017135144489028923,
1994-02,OLS,2,2617,-0.0500481933449109,,0.0006775069717360622,
1994-03,OLS,2,2601,-0.014928307031385342,,0.000817958706090857,
1994-04,OLS,2,2583,0.005793802865954541,,-0.0015783194920166044,
1994-05,OLS,2,2574,-0.03577254114722778,,0.00038608729657301714,
1994-06,OLS,2,2819,0.01628635704137149,,-0.0006367003799347123,
1994-07,OLS,2,2801,0.022575288316168042,,0.003115009583100188,
1994-08,OLS,2,2785,0.0008358402857761588,,0.0015151298479912053,
1994-09,OLS,2,2774,-0.01148699884448581,,0.003146113285445387,
1994-10,OLS,2,2759,-0.06310397957988188,,0.004623562654692975,
1994-11,OLS,2,2737,-0.03171998077114554,,0.002447051638808648,
1994-12,OLS,2,2725,0.036580339247544495,,-0.0013096746548555355,
1995-01,OLS,2,2711,0.02643063092708826,,0.0007689016985975159,
1995-02,OLS,2,2691,0.0148918221230569,,0.00046282707969050405,
1995-03,OLS,2,2677,0.017012675131957287,,0.0016094949203550536,
1995-04,OLS,2,2654,0.02991398663490725,,-0.002350443074173377,
1995-05,OLS,2,2642,0.03714585913739059,,0.0024386447704228256,
1995-06,OLS,2,3011,0.028923280342030403,,0.004274711273736343,
1995-07,OLS,2,2991,0.04063243078987088,,-0.0022196483288276937,
1995-08,OLS,2,2973,0.026487342939921842,,-0.00012776921330079,
1995-09,OLS,2,2952,-0.07472181648422176,,0.00248355139035988,
1995-10,OLS,2,2934,0.011343370466875917,,7.621900471857163e-05,
1995-11,OLS,2,2921,0.030774624795199122,,-0.004767771190216341,
1995-12,OLS,2,2897,0.04860914479417365,,-0.004714620753701191,
1996-01,OLS,2,2876,0.024617716804194004,,0.00213659555387142,
1996-02,OLS,2,2860,0.028540279271921428,,-3.579925793656088e-05,
1996-03,OLS,2,2844,0.056196941124685845,,0.0016585940376416882,
1996-04,OLS,2,2822,0.06454092972886896,,0.0019790584720697697,
1996-05,OLS,2,2810,-0.0373742279754745,,-0.0009691303896662754,
1996-06,OLS,2,3201,-0.10020445589088066,,0.000895281783480437,
1996-07,OLS,2,3174,0.045304474701153945,,-0.0013316639787937198,
1996-08,OLS,2,3152,0.023542962611818555,,0.0004708596746790178,
1996-09,OLS,2,3137,-0.029367569521308923,,0.0005436805662913547,
1996-10,OLS,2,3125,0.01752301492943321,,0.0010965696807762745,
1996-11,OLS,2,3097,-0.0072601564231256095,,0.00020648940638465238,
1996-12,OLS,2,3071,0.07139201602279374,,-0.0018583309538661994,
1997-01,OLS,2,3046,-0.0302418999401082,,0.0010924764365267728,
1997-02,OLS,2,3032,-0.04769321798545295,,-0.00014223587631729252,
1997-03,OLS,2,3011,-0.04065218005886302,,0.002820998381308364,
1997-04,OLS,2,2993,0.09318981484100743,,0.0004079245198195897,
1997-05,OLS,2,2968,0.03376258626126126,,0.0006551195504760395,
1997-06,OLS,2,3231,0.035093359986520835,,0.0024310338602249017,
1997-07,OLS,2,3205,0.03349620639563628,,0.00011969385622541004,
1997-08,OLS,2,3182,0.1028984530010769,,-0.00429505392680347,
1997-09,OLS,2,3148,-0.029081231601948036,,0.00016014252383585975,
1997-10,OLS,2,3130,-0.0541950650293606,,0.005700759515592789,
1997-11,OLS,2,3092,-0.04980398441550547,,0.0012635180697796703,
1997-12,OLS,2,3055,0.01282011264283421,,-0.0001530063684595751,
1998-01,OLS,2,3032,0.05129348825750361,,0.0024534814887904577,
1998-02,OLS,2,2996,0.04379315128780172,,-0.0002807027675023624,
1998-03,OLS,2,2969,0.006618738086424766,,0.0022680494041406787,
1998-04,OLS,2,2949,-0.05683288210491657,,0.0021765979494267813,
1998-05,OLS,2,2908,-0.06530625916198314,,0.00612648745349784,
1998-06,OLS,2,3143,-0.07805772040693706,,0.0019128068589352625,
1998-07,OLS,2,3110,-0.22169210967134284,,0.0038860005886609712,
1998-08,OLS,2,3070,0.04703406953848714,,-0.001399556162495889,
1998-09,OLS,2,3025,0.042822962392875766,,0.00023099926628001777,
1998-10,OLS,2,2994,0.021011523397005037,,0.009853720423777775,
1998-11,OLS,2,2966,-0.02326108062561352,,0.007833028168691148,
1998-12,OLS,2,2917,0.046252572135720045,,0.001546889260464679,
1999-01,OLS,2,2890,-0.06502959718001163,,0.001518855592161182,
1999-02,OLS,2,2853,0.006619763416640299,,-0.0044680556421998205,
1999-03,OLS,2,2827,0.11613477051589353,,-0.004452722648374378,
1999-04,OLS,2,2799,0.029034107213388515,,0.0024507809527024253,
1999-05,OLS,2,2761,0.028748426064691295,,0.0026524313614830837,
1999-06,OLS,2,3121,0.01499314665164134,,-0.0010402277913906,
1999-07,OLS,2,3088,-0.0395593420165863,,0.0012875555315131004,
1999-08,OLS,2,3051,-0.03898394829613361,,0.0031833240592773425,
1999-09,OLS,2,3025,-0.04673124442710699,,0.005208578157951597,
1999-10,OLS,2,2980,0.08144915238692588,,0.001504484284398492,
1999-11,OLS,2,2943,0.09880234559990385,,-0.001746226558581558,
1999-12,OLS,2,2922,0.07899102933004212,,-0.005084267815237878,
2000-01,OLS,2,2890,0.1341442907891197,,0.00031646822894750156,
2000-02,OLS,2,2859,0.02571533879560516,,-0.0016641319704675068,
2000-03,OLS,2,2827,-0.07001365675212369,,-0.0010415759856924449,
2000-04,OLS,2,2804,-0.05433157887724373,,-0.0013298626793003976,
2000-05,OLS,2,2769,0.07551169943138412,,-0.0018837119342365986,
2000-06,OLS,2,3057,-0.017410445601087794,,-0.0014393382363680725,
2000-07,OLS,2,3022,0.06974523224146285,,-0.0009732614941017292,
2000-08,OLS,2,2990,-0.05293582377423678,,0.001067448161431666,
2000-09,OLS,2,2943,-0.08316824743972061,,0.004652848086406736,
2000-10,OLS,2,2904,-0.13454215092683966,,0.003412055271675876,
2000-11,OLS,2,2866,0.018276923017805508,,-0.0051972896584475195,
2000-12,OLS,2,2823,0.21398001255793112,,0.002861684421995145,
2001-01,OLS,2,2798,-0.07629125886664793,,0.002460547338510868,
2001-02,OLS,2,2770,-0.06005608240791664,,-0.0007413160825397538,
2001-03,OLS,2,2735,0.0740955648777372,,-0.00031175242130307353,
2001-04,OLS,2,2699,0.0766940151976342,,-0.0013142705388154942,
2001-05,OLS,2,2671,-0.018729688854646317,,0.0053972314434625815,
2001-06,OLS,2,2840,-0.04666619910204877,,0.004426400028742395,
2001-07,OLS,2,2790,-0.054498888025101035,,0.003475779213529143,
2001-08,OLS,2,2777,-0.17416879522063328,,0.005833812214205086,
2001-09,OLS,2,2759,0.0712091673353857,,0.0011748729774308348,
2001-10,OLS,2,2734,0.046859641625072015,,0.005659713103985979,
2001-11,OLS,2,2712,0.05099558693029643,,0.002027502129538879,
2001-12,OLS,2,2686,-0.008855649724835232,,0.007711923846111237,
2002-01,OLS,2,2660,-0.03819037151854383,,0.0022640034239301177,
2002-02,OLS,2,2640,0.10089696313580121,,-0.001505867010532775,
2002-03,OLS,2,2616,-0.019110772450624543,,0.005137270560617646,
2002-04,OLS,2,2600,-0.02419700862512078,,0.00226778249583722,
2002-05,OLS,2,2571,-0.09396927317456112,,0.00417200878297518,
2002-06,OLS,2,2765,-0.1245226932616891,,-0.001149625280120424,
2002-07,OLS,2,2743,-0.022766595059392408,,0.0032093494911748263,
2002-08,OLS,2,2729,-0.11299690793708089,,0.003853298151659388,
2002-09,OLS,2,2698,0.04163886866787575,,0.001659758640861244,
2002-10,OLS,2,2675,0.17550453397442686,,-0.00731291525943797,
2002-11,OLS,2,2655,-0.07616433058107233,,0.003500197765440132,
2002-12,OLS,2,2625,-0.01924034083327104,,0.0017652356590575867,
2003-01,OLS,2,2606,-0.040843500681181644,,0.002697161427438319,
2003-02,OLS,2,2573,-0.0029466214616523903,,0.00183397947092081,
2003-03,OLS,2,2557,0.12310881556932186,,-0.0034490126100473243,
2003-04,OLS,2,2533,0.1827495260784754,,-0.008766950409293433,
2003-05,OLS,2,2515,0.04028418231752256,,0.0023180828674687925,
2003-06,OLS,2,2748,0.054931422312629784,,0.005003154768780988,
2003-07,OLS,2,2723,0.06106307890222736,,-0.00032175304756834226,
2003-08,OLS,2,2704,0.033381080973024266,,-0.002768262452939513,
2003-09,OLS,2,2690,0.08782568309911006,,0.0017600976617057457,
2003-10,OLS,2,2671,0.03030848511128378,,0.002279815881317671,
2003-11,OLS,2,2652,0.07868476341939899,,-0.007262240920751925,
2003-12,OLS,2,2630,0.09140533396235415,,-0.003371595454739893,
2004-01,OLS,2,2616,-0.003738188417237027,,0.002535195929549963,
2004-02,OLS,2,2601,-0.005035870982274536,,0.001888894821733384,
2004-03,OLS,2,2583,-0.03332220695715625,,0.0013973138568544046,
2004-04,OLS,2,2570,-0.00041000306368731165,,0.0008861423325082374,
2004-05,OLS,2,2549,0.035678581623672705,,-0.0007822593493181468,
2004-06,OLS,2,2632,-0.07284454711945197,,-6.629172014679092e-05,
2004-07,OLS,2,2617,-0.021112868245311372,,-0.00041753158786082356,
2004-08,OLS,2,2610,0.04538261898753848,,-0.00027114914698129187,
2004-09,OLS,2,2595,0.011943040649029015,,0.0011333626296264763,
2004-10,OLS,2,2578,0.09200981911992503,,0.00042404994429187697,
2004-11,OLS,2,2559,0.06810589938226376,,-0.0005877081928519854,
2004-12,OLS,2,2540,-0.04831943321918869,,0.0022663379431965116,
2005-01,OLS,2,2529,0.025374443440439817,,-0.0018062317983651498,
2005-02,OLS,2,2513,-0.051037799792041164,,0.004465988937826871,
2005-03,OLS,2,2497,-0.07440354227109514,,0.0018282946095162392,
2005-04,OLS,2,2479,0.04621147354655326,,0.0013576041815453823,
2005-05,OLS,2,2465,0.02746521461073784,,0.00028329115952978594,
2005-06,OLS,2,2521,0.0806115497410497,,-0.0018820630187197831,
2005-07,OLS,2,2502,-0.008645141294345751,,-0.001192289837416253,
2005-08,OLS,2,2487,0.013635796181846063,,-0.001688631644306798,
2005-09,OLS,2,2466,-0.04750560026662224,,0.002480974970998259,
2005-10,OLS,2,2451,0.03015851677668781,,0.0016288637423153875,
2005-11,OLS,2,2433,0.001516454245450445,,0.001072249481775415,
2005-12,OLS,2,2411,0.11032759802384313,,-0.0051973697894666495,
2006-01,OLS,2,2398,-0.011923702202360078,,0.0020093356048087774,
2006-02,OLS,2,2381,0.0473837410884993,,-0.0006615429479093671,
2006-03,OLS,2,2370,0.009790560835595733,,-0.0005723446297000454,
2006-04,OLS,2,2351,-0.061073035639234205,,0.0006722836556556406,
2006-05,OLS,2,2337,-0.019497331732310226,,0.0007668586388882902,
2006-06,OLS,2,2439,-0.0564911316171497,,0.0024667444264470195,
2006-07,OLS,2,2426,0.03128060714811479,,-0.0016477582645561004,
2006-08,OLS,2,2414,-0.028106501818536994,,0.006775976194746441,
2006-09,OLS,2,2397,0.054350677080064816,,-0.0011916129516983368,
2006-10,OLS,2,2381,0.038748854843090215,,-0.00253543110833444,
2006-11,OLS,2,2360,0.0025410163515792333,,0.00133696994307603,
2006-12,OLS,2,2330,0.020957506573874393,,0.0009364160951946796,
2007-01,OLS,2,2317,0.0036970294902003904,,-1.9111868925043694e-05,
2007-02,OLS,2,2299,-0.003477495953329315,,0.0013350306181167245,
2007-03,OLS,2,2278,0.03843105739543155,,-0.0022193021047126546,
2007-04,OLS,2,2259,0.025542712067067264,,0.0002229493862807518,
2007-05,OLS,2,2235,-0.00825732268772184,,0.0003423821752355449,
2007-06,OLS,2,2367,-0.04888514904051151,,0.0005625373205330078,
2007-07,OLS,2,2342,-0.018532668712656453,,-9.567775750608082e-06,
2007-08,OLS,2,2324,0.012933007166745116,,-0.0004223839379514289,
2007-09,OLS,2,2300,0.03334445226715674,,-0.002459282082434014,
2007-10,OLS,2,2275,-0.10422421124149027,,0.0030260742415871896,
2007-11,OLS,2,2250,-0.012848187078909376,,0.00010044119676279941,
2007-12,OLS,2,2240,-0.05489199768066287,,-0.0012628504293266654,
2008-01,OLS,2,2228,-0.00458196175744415,,-0.002347552312830071,
2008-02,OLS,2,2212,-0.019409685475781913,,0.0009490298559773842,
2008-03,OLS,2,2196,0.030626291197232976,,-5.794006222990865e-05,
2008-04,OLS,2,2174,0.05558570482514723,,-0.002087636105834947,
2008-05,OLS,2,2167,-0.08135198845723328,,-0.0005864978999138945,
2008-06,OLS,2,2323,-0.013511683562587615,,0.0028596350321939247,
2008-07,OLS,2,2306,0.0025043921556066823,,0.004936327159348078,
2008-08,OLS,2,2292,-0.16699703506421054,,0.007509890019604274,
2008-09,OLS,2,2274,-0.26897610083660134,,0.0061345902786391,
2008-10,OLS,2,2258,-0.14584179737423889,,0.00015505200378918346,
2008-11,OLS,2,2242,0.04314718165644883,,-0.00043083877106865783,
2008-12,OLS,2,2228,-0.02014629844315292,,-0.0031464588550077595,
2009-01,OLS,2,2215,-0.15708305782042198,,0.008750645000593167,
2009-02,OLS,2,2198,0.11471102217498501,,0.0007930120497102427,
2009-03,OLS,2,2180,0.2746175614877565,,-0.005091246528781452,
2009-04,OLS,2,2167,0.13413795475478613,,-0.008996427777615763,
2009-05,OLS,2,2153,0.03217232542765188,,0.0017178490657796988,
2009-06,OLS,2,2286,0.1275032314541884,,-0.004365060220454155,
2009-07,OLS,2,2276,0.08746946800899337,,-0.0029019771840478117,
2009-08,OLS,2,2267,0.10844838488597709,,-0.00443024865701165,
2009-09,OLS,2,2252,-0.09303803116254208,,0.006680713745901951,
2009-10,OLS,2,2232,0.0486454207770744,,-0.003404970039458338,
2009-11,OLS,2,2221,0.08615723523411116,,-0.0016206498079725713,
2009-12,OLS,2,2209,-0.012310838830645751,,-0.001339796574367925,
2010-01,OLS,2,2190,0.03482113129076547,,0.002259920786159637,
2010-02,OLS,2,2178,0.06917092701118233,,0.0029175584303437396,
2010-03,OLS,2,2164,0.08535864960718965,,-0.0020866546116265665,
2010-04,OLS,2,2157,-0.0977674052180481,,0.0035547563057683426,
2010-05,OLS,2,2151,-0.08501076333165004,,0.001975751747053598,
2010-06,OLS,2,2273,0.09287430405227967,,-0.004615074930827789,
2010-07,OLS,2,2257,-0.07790264161162791,,0.0018086691223745265,
2010-08,OLS,2,2246,0.10488091092338601,,0.00337829359893699,
2010-09,OLS,2,2230,0.05489400583938856,,-0.0011203625252457793,
2010-10,OLS,2,2212,0.033727656445474805,,-0.00011744329860209081,
2010-11,OLS,2,2188,0.1114207466934925,,-0.005232707759754114,
2010-12,OLS,2,2171,0.03707275566808973,,-0.0030751685406732094,
2011-01,OLS,2,2160,0.06122547659859535,,-0.002026274762475039,
2011-02,OLS,2,2148,0.01468869945542541,,0.001247611832958559,
2011-03,OLS,2,2134,0.004458452699007879,,0.003068863809469681,
2011-04,OLS,2,2120,-0.03473420979312675,,0.0031282944149385785,
2011-05,OLS,2,2094,-0.03498778569498463,,0.002545812911632359,
2011-06,OLS,2,2152,-0.036372236762014384,,0.0020020185850699495,
2011-07,OLS,2,2142,-0.11654919304117223,,0.003908274365441607,
2011-08,OLS,2,2134,-0.15621273913036407,,0.00831021496327027,
2011-09,OLS,2,2121,0.15741164569994892,,-0.004154278643901721,
2011-10,OLS,2,2108,-0.009185745716492218,,-0.0003260159756203088,
2011-11,OLS,2,2094,-0.007567017328715252,,0.0016131918817891952,
2011-12,OLS,2,2082,0.1155572749040339,,-0.004210482193650117,
2012-01,OLS,2,2072,0.04276101508969595,,-0.000901469802544677,
2012-02,OLS,2,2065,0.0033395144296039835,,0.0044069550952893135,
2012-03,OLS,2,2053,-0.015188707947933226,,0.0004058201700316548,
2012-04,OLS,2,2045,-0.10000953288832964,,0.004326045077088971,
2012-05,OLS,2,2035,0.05507109987471548,,-0.0028390915888016734,
2012-06,OLS,2,2090,-0.0064714454454576275,,-0.0009438651701936735,
2012-07,OLS,2,2076,0.02625309621824421,,0.0008149260030593025,
2012-08,OLS,2,2067,0.04486660583027935,,-0.0016758718124505257,
2012-09,OLS,2,2052,-0.025676073985540754,,0.0004038633104655781,
2012-10,OLS,2,2039,0.006426930787156942,,0.0006159207988048646,
2012-11,OLS,2,2022,0.03244037622051916,,-0.0005678684643239905,
2012-12,OLS,2,2015,0.08341860908691892,,-0.002422242849028506,
2013-01,OLS,2,2006,0.004542234737154367,,0.00040831161534617805,
2013-02,OLS,2,1998,0.04547912622528762,,-0.0006078915678496341,
2013-03,OLS,2,1989,-0.013472273184175125,,0.0021568892976998027,
2013-04,OLS,2,1978,0.05931359925737166,,-0.0002153698431032975,
2013-05,OLS,2,1965,-0.018898425856515876,,0.0025709626267271107,
2013-06,OLS,2,2057,0.08187012843739888,,-0.0013967548811221696,
2013-07,OLS,2,2043,-0.01590024176182708,,-0.0003658564507464646,
2013-08,OLS,2,2034,0.0796488512329736,,-0.002854236024659724,
2013-09,OLS,2,2018,0.024278842199983677,,0.0017896594110089973,
2013-10,OLS,2,2001,0.035085564485963484,,0.001691819909441703,
2013-11,OLS,2,1993,0.040775928842991194,,-0.0022615584595260243,
2013-12,OLS,2,1981,0.00786288194393659,,-0.0031831374466799673,
2014-01,OLS,2,1962,0.06811908034264308,,-0.003033335864997292,
2014-02,OLS,2,1956,0.011177270559653039,,-0.0013403148313214399,
2014-03,OLS,2,1949,-0.03309835528527506,,-1.669877334193782e-05,
2014-04,OLS,2,1940,0.003095605365664305,,-0.0006106202013856227,
2014-05,OLS,2,1934,0.06828090372552575,,-0.004584774354156885,
2014-06,OLS,2,1990,-0.06438569053186025,,0.0033648843520528303,
2014-07,OLS,2,1984,0.037124383557902665,,0.00142953570638003,
2014-08,OLS,2,1977,-0.08889258279240532,,0.007021123555241216,
2014-09,OLS,2,1965,-0.008739778084960721,,0.0068637975362176905,
2014-10,OLS,2,1958,-0.02789701026509697,,0.005536225318132483,
2014-11,OLS,2,1949,-0.022241780529765005,,0.0065099682360239275,
2014-12,OLS,2,1933,-0.03936742585964258,,0.001503519063425337,
2015-01,OLS,2,1921,0.11682601658962012,,-0.007966317854508041,
2015-02,OLS,2,1911,-0.020442682062081875,,0.002975437825899243,
2015-03,OLS,2,1905,0.021936463052824304,,-0.004057536011805798,
2015-04,OLS,2,1899,-0.006860708894576609,,0.001634025121280155,
2015-05,OLS,2,1888,-0.0318962766858376,,0.0043181915036946345,
2015-06,OLS,2,1942,-0.07807816386589674,,0.007637928325306199,
2015-07,OLS,2,1932,-0.037601161895814424,,-0.0006990351494901588,
2015-08,OLS,2,1923,-0.1107977012315294,,0.008673125304468404,
2015-09,OLS,2,1905,0.07185431040030392,,-0.0015282418743498534,
2015-10,OLS,2,1901,0.026379850452770685,,-0.001646890628722287,
2015-11,OLS,2,1888,-0.09625429249177916,,0.008377155842014709,
2015-12,OLS,2,1868,-0.12169614542681927,,0.0071842444607837785,
2016-01,OLS,2,1854,0.006901493453907356,,0.0015836993584650324,
2016-02,OLS,2,1844,0.11839970184882362,,-0.006059115666886605,
2016-03,OLS,2,1829,0.0839795428029552,,-0.009198490089116893,
2016-04,OLS,2,1813,-0.003628802086744417,,0.00043070502692639084,
2016-05,OLS,2,1804,-0.007291493996808162,,0.0027727262184186505,
2016-06,OLS,2,1883,0.057465038580703766,,0.0005944010947478035,
2016-07,OLS,2,1868,0.021311952505835577,,-0.0011031730612327062,
2016-08,OLS,2,1854,0.043422131008800165,,-0.004700760873741085,
2016-09,OLS,2,1848,-0.08555779112911623,,0.005796112403369793,
2016-10,OLS,2,1833,0.11527070519528422,,-0.004798356453250896,
2016-11,OLS,2,1825,0.004126844464879665,,0.0023054918603922464,
2016-12,OLS,2,1815,0.037370892766656234,,-0.00384303488948233,
2017-01,OLS,2,1804,-0.003152843752661574,,0.0026373526037573466,
2017-02,OLS,2,1791,0.0005652711531538217,,0.001389131685826525,
2017-03,OLS,2,1778,-0.010805874651733247,,0.003627736020749177,
2017-04,OLS,2,1767,-0.034960454094994646,,0.0036585683546679956,
2017-05,OLS,2,1755,0.03966131944244234,,-0.0027850262493775923,
2017-06,OLS,2,1864,-0.002385080609153811,,-5.837026249754516e-05,
2017-07,OLS,2,1853,-0.02418501328633446,,0.001645158783250883,
2017-08,OLS,2,1836,0.09674392441737446,,-0.005175030118226012,
2017-09,OLS,2,1828,0.003672116120661206,,0.0003462130717061121,
2017-10,OLS,2,1815,0.020137110580076785,,0.0031093307250211026,
2017-11,OLS,2,1803,0.01815728389493422,,-0.0009339655242613842,
2017-12,OLS,2,1798,0.04041087048872914,,-0.001807947323901193,
2018-01,OLS,2,1787,-0.0664881805260324,,0.004114399796522532,
2018-02,OLS,2,1779,-0.011951078081556907,,0.002818841020340183,
2018-03,OLS,2,1772,0.006183702899738183,,-0.00044050051648755105,
2018-04,OLS,2,1770,0.03889419617819736,,0.0018869809897978892,
2018-05,OLS,2,1759,-0.021467763119342467,,0.005664989596664609,
2018-06,OLS,2,1825,-0.0010664832354545276,,0.002377155171507383,
2018-07,OLS,2,1816,-0.003067658151254194,,0.006975003632618664,
2018-08,OLS,2,1816,-0.01716508628464797,,-0.000545005743918943,
2018-09,OLS,2,1805,-0.13267157641823699,,0.004664174451880883,
2018-10,OLS,2,1791,-0.021147100853881835,,0.0032613134255172743,
2018-11,OLS,2,1778,-0.17444751882332757,,0.008454371088072399,
2018-12,OLS,2,1770,0.16691099082631722,,-0.006078128457455178,
2019-01,OLS,2,1761,0.04483957930613639,,0.0007595846610725655,
2019-02,OLS,2,1748,-0.00825309482527961,,-0.0019079361824365464,
2019-03,OLS,2,1739,0.018495724075829948,,0.0013513912006812383,
2019-04,OLS,2,1734,-0.10056558292594261,,0.0012034575700088567,
2019-05,OLS,2,1728,0.06275975162575927,,0.00022197244112505404,
2019-06,OLS,2,1820,-0.01714750247090432,,0.002299741315336978,
2019-07,OLS,2,1810,-0.07622324263696476,,0.0038297773591816266,
2019-08,OLS,2,1801,0.00890395849874467,,0.003584602961324136,
2019-09,OLS,2,1790,-0.021872823230769715,,0.004239840460945394,
2019-10,OLS,2,1779,0.05082766056365908,,-0.0021085075872645837,
2019-11,OLS,2,1763,0.07684299556849793,,-0.006499755785344097,
2019-12,OLS,2,1762,-0.017507980986190958,,-0.0007929863559192187,
2020-01,OLS,2,1758,-0.08458097609248615,,0.0011151415102946607,
2020-02,OLS,2,1752,-0.26874437513933735,,0.006789950237954466,
2020-03,OLS,2,1744,0.2559871418002082,,-0.008259368545484784,
2020-04,OLS,2,1735,0.07280217385482202,,0.0011553870772491404,
2020-05,OLS,2,1724,0.07298653763564775,,-0.0009697295581146393,
2020-06,OLS,2,1786,0.043780722622791035,,0.001914165267319912,
2020-07,OLS,2,1779,0.0515035463248677,,0.0009227732523330624,
2020-08,OLS,2,1773,-0.03812835293386372,,0.0012170245124990104,
2020-09,OLS,2,1763,-0.0008138766541973249,,0.0024836124579751036,
2020-10,OLS,2,1760,0.26936264848349206,,-0.009649064576858072,
2020-11,OLS,2,1750,0.10697792924619734,,-0.0035157674485791126,
2020-12,OLS,2,1741,0.1489137391448328,,-0.006282438955250897,
2021-01,OLS,2,1735,0.1300042350998095,,-0.005661882663256315,
2021-02,OLS,2,1732,0.03028879904423901,,-0.0006109326127007208,
2021-03,OLS,2,1720,-0.003314787706931142,,0.0035645050619760514,
2021-04,OLS,2,1714,0.0341651159408804,,-0.0017752407977379657,
2021-05,OLS,2,1707,0.026885977625310857,,0.0013630674399397551,
2021-06,OLS,2,1783,-0.08022231872473747,,0.00933504360508285,
2021-07,OLS,2,1776,0.029399649283288757,,-0.0022171222989677223,
2021-08,OLS,2,1768,-0.0021269152341571143,,-0.00529053000267375,
2021-09,OLS,2,1757,0.017992081643643604,,0.00271119705813011,
2021-10,OLS,2,1750,-0.09755820008265209,,0.009210968209608268,
2021-11,OLS,2,1741,-0.006748916345821645,,0.004677877696920684,
2021-12,OLS,2,1737,-0.05727516713060532,,-0.0031994657500928393,
2022-01,OLS,2,1732,0.039486060585758195,,-0.006051881963092845,
2022-02,OLS,2,1722,0.06530158420282092,,-0.007798889697063974,
2022-03,OLS,2,1717,-0.13021121425355622,,0.005874968805977803,
2022-04,OLS,2,1707,-0.010494438525195304,,7.815046568193597e-05,
2022-05,OLS,2,1703,-0.07416002482114,,-0.0007619510521942378,
2022-06,OLS,2,1799,0.07102212847389487,,0.003567465303844372,
2022-07,OLS,2,1793,0.009372158864356729,,-0.004867870860196083,
2022-08,OLS,2,1786,-0.14190989216933472,,0.004152599309145987,
2022-09,OLS,2,1776,0.07915668569114527,,0.0019916164586550253,
2022-10,OLS,2,1771,-0.0026485112296022752,,0.005615088682427987,
2022-11,OLS,2,1762,-0.06167700432548583,,0.00046035436644003864,
2022-12,OLS,2,1758,0.1813877007157503,,-0.008260399736910156,
2023-01,OLS,2,1748,-0.07440434729445043,,0.006892430779793814,
2023-02,OLS,2,1736,-0.07330595532737441,,0.005640839046795905,
2023-03,OLS,2,1729,-0.030668247521733832,,0.0004114702631937174,
2023-04,OLS,2,1721,0.006359127338697147,,-0.002930118736797993,
2023-05,OLS,2,1714,0.05406990108158812,,0.0029227739266883546,
2023-06,OLS,2,1854,0.03539387644597807,,0.001258117613565025,
2023-07,OLS,2,1844,-0.08878316324606449,,0.005883198487827577,
2023-08,OLS,2,1832,-0.09416527522250447,,0.004526170996297988,
2023-09,OLS,2,1822,-0.11578811854141084,,0.005549420195638585,
2023-10,OLS,2,1810,0.05892917380540433,,0.004372382022119142,
2023-11,OLS,2,1800,0.13107559644779296,,-0.0033257008995078597,
2023-12,OLS,2,1793,-0.042648904106386665,,0.0012092506395250003,
2024-01,OLS,2,1786,0.07205648573695354,,-0.004138506401848552,
2024-02,OLS,2,1781,0.034895501412824194,,-0.0008010170216306443,
2024-03,OLS,2,1772,-0.09349587642278495,,0.002968751768681511,
2024-04,OLS,2,1759,0.029378865544305816,,0.003673820369623534,
2024-05,OLS,2,1752,-0.061370999120577197,,0.004586357338364881,
2024-06,OLS,2,1969,0.09220190340146477,,-0.004126026479317165,
2024-07,OLS,2,1955,-0.036612764306820415,,0.0017536060360038859,
2024-08,OLS,2,1949,-0.0016729571152049754,,0.0013342382448622385,
2024-09,OLS,2,1935,-0.004411315834405406,,-0.0027650162203645984,
2024-10,OLS,2,1923,0.06753725025210404,,0.00426168993619553,
2024-11,OLS,2,1911,-0.04538614584983123,,0.0012146273555539485,
1973-06,OLS,3,1445,0.08639425807469282,,,0.006890563241735119
1973-07,OLS,3,1443,-0.05171777066936478,,,-0.00032277989475026924
1973-08,OLS,3,1443,0.05925824823259083,,,0.005095921306148698
1973-09,OLS,3,1443,0.023642968725892572,,,-0.00420275984269409
1973-10,OLS,3,1441,-0.1832503615013832,,,-0.0026300925928994276
1973-11,OLS,3,1444,-0.05083507492348874,,,0.002357809643605859
1973-12,OLS,3,1442,0.22408374114267737,,,-0.01590813772721715
1974-01,OLS,3,1440,0.021478705585201152,,,-0.0037254523953448903
1974-02,OLS,3,1440,0.014897823247795294,,,-0.003371088722010998
1974-03,OLS,3,1439,-0.02728630612358022,,,-0.004568565031969702
1974-04,OLS,3,1439,-0.0791215478646621,,,0.0006023499655573647
1974-05,OLS,3,1437,-0.01566344593532804,,,-0.0023385793109425425
1974-06,OLS,3,1561,-0.013570862907136348,,,-0.007354194528749734
1974-07,OLS,3,1560,-0.06030852069774227,,,-0.003900504389143629
1974-08,OLS,3,1556,-0.06760491136932921,,,-0.005906411026639092
1974-09,OLS,3,1558,0.03275304298911439,,,0.013576820102945081
1974-10,OLS,3,1551,-0.08519961442995487,,,0.005298858110613439
1974-11,OLS,3,1553,-0.10996218216841977,,,0.005456860356397589
1974-12,OLS,3,1553,0.42635506261012723,,,-0.023250729557634707
1975-01,OLS,3,1551,0.01937560007311884,,,0.004854195061169541
1975-02,OLS,3,1548,0.12414286879305682,,,-0.005660062905464487
1975-03,OLS,3,1548,0.011423752656388356,,,0.004753971459017473
1975-04,OLS,3,1546,0.060826704690847944,,,0.0011430338132583525
1975-05,OLS,3,1543,0.0930750383931585,,,-0.0028989976707112495
1975-06,OLS,3,1956,0.015392718158298199,,,-0.006738384539063805
1975-07,OLS,3,1956,-0.07763932177784812,,,0.003945507519051108
1975-08,OLS,3,1956,-0.03787327009763227,,,-0.0011483718350707372
1975-09,OLS,3,1956,-0.0029545697369319722,,,0.0037137428071644125
1975-10,OLS,3,1956,0.04049267645430425,,,-0.0025402822123334673
1975-11,OLS,3,1950,-0.015020381121792934,,,-5.360806309177675e-06
1975-12,OLS,3,1901,0.339186457076403,,,-0.021281792656329224
1976-01,OLS,3,1944,0.23750065418701563,,,-0.02206053768147068
1976-02,OLS,3,1912,0.010807178643957619,,,-4.530302087846871e-05
1976-03,OLS,3,1928,-0.024732290272749233,,,0.0011002517557307445
1976-04,OLS,3,1921,-0.05289870374795197,,,0.004688455714268282
1976-05,OLS,3,1912,0.03000749755001946,,,0.0009408997038930582
1976-06,OLS,3,2368,0.004465824120161968,,,-0.002529300347159382
1976-07,OLS,3,2170,-0.02089702548646889,,,-0.0008741616844551838
1976-08,OLS,3,2349,0.003680928949068759,,,0.0014868528468696806
1976-09,OLS,3,2331,-0.03057544579681547,,,0.0001315504591502808
1976-10,OLS,3,2341,0.024699872036692567,,,-0.00031504146143501206
1976-11,OLS,3,2332,0.11494667776122544,,,-0.0038120987863019856
1976-12,OLS,3,2296,0.09033532376962312,,,-0.01152819735750294
1977-01,OLS,3,2310,0.007751892605023481,,,-0.002738311200755346
1977-02,OLS,3,2301,0.012694058830483213,,,-0.001782677015395819
1977-03,OLS,3,2297,0.022262995737311393,,,-0.0021688664829807433
1977-04,OLS,3,2279,0.01417441501156209,,,-0.0027846040567944155
1977-05,OLS,3,2273,0.054494054397881825,,,0.00020894388094629587
1977-06,OLS,3,2409,0.015051849153525426,,,-0.0030529267409665326
1977-07,OLS,3,2397,-0.023709308416191052,,,0.0013087683004861929
1977-08,OLS,3,2385,0.007019933892147872,,,-0.0001670017759759982
1977-09,OLS,3,2370,-0.014198221457804654,,,-0.00310688318759108
1977-10,OLS,3,2368,0.08466562215023037,,,-0.00163510154407674
1977-11,OLS,3,2355,0.013098592359527228,,,0.00014719129042877643
1977-12,OLS,3,2331,0.008791171290890923,,,-0.006039173680942382
1978-01,OLS,3,2322,0.039650332884672915,,,-0.0035691093461072076
1978-02,OLS,3,2311,0.08165911320632432,,,-0.002430985616112282
1978-03,OLS,3,2300,0.08106439474398597,,,0.0006310631141957374
1978-04,OLS,3,2282,0.07259217765369037,,,-0.0011605707426752849
1978-05,OLS,3,2259,0.0025810305462764245,,,-0.001598533580313556
1978-06,OLS,3,2355,0.02810676582453537,,,0.003978631144980258
1978-07,OLS,3,2336,0.09698896546899717,,,-0.002017805700801098
1978-08,OLS,3,2331,0.013576987342554518,,,-0.0036017868868163747
1978-09,OLS,3,2328,-0.20059264929247603,,,-0.0011852778690111456
1978-10,OLS,3,2314,0.030811058587763965,,,0.003581555589156985
1978-11,OLS,3,2306,-0.019188319682005007,,,0.004321890392206125
1978-12,OLS,3,2284,0.12674362718184948,,,-0.005821104427042807
1979-01,OLS,3,2258,-0.026564581461478946,,,-0.001367234466509649
1979-02,OLS,3,2259,0.06496037427019409,,,0.0026276731884995927
1979-03,OLS,3,2252,0.024580650877859815,,,-0.001065068371169987
1979-04,OLS,3,2242,-0.012299200853822462,,,-0.0014408786984113986
1979-05,OLS,3,2230,0.02414600959128704,,,0.002896119821559716
1979-06,OLS,3,2303,0.018529581647528576,,,-0.00043277029965710964
1979-07,OLS,3,2287,0.05850669178344061,,,0.002879579656695326
1979-08,OLS,3,2273,-0.020248966771719286,,,0.0016362386567900778
1979-09,OLS,3,2272,-0.10772783271648567,,,0.0001678010814237719
1979-10,OLS,3,2264,0.01928955649728079,,,0.007061465177779621
1979-11,OLS,3,2248,0.03893369275773747,,,0.002961260576287324
1979-12,OLS,3,2221,0.1031108067969032,,,-0.0013552246315381188
1980-01,OLS,3,2199,-0.030882723629757483,,,0.0005530441174101334
1980-02,OLS,3,2190,-0.17040414866938483,,,-0.0010539696031548313
1980-03,OLS,3,2183,0.016750950977218855,,,0.0027117663269887065
1980-04,OLS,3,2171,0.06118394815223655,,,0.000926532515606227
1980-05,OLS,3,2169,0.019743923672955566,,,0.0018758306300443333
1980-06,OLS,3,2255,0.07576972828385282,,,0.004758393911914172
1980-07,OLS,3,2250,0.043670668155517955,,,0.0037915975464902552
1980-08,OLS,3,2234,0.017444902892331218,,,0.0027943439461125905
1980-09,OLS,3,2231,0.01104492182582155,,,0.001823855825107373
1980-10,OLS,3,2221,-0.02532688057784072,,,0.01413818009520329
1980-11,OLS,3,2215,-0.04029155053788922,,,-0.0015533985996035327
1980-12,OLS,3,2208,0.050193068543192186,,,-0.009876412709710453
1981-01,OLS,3,2171,0.023614918415868973,,,-0.0036963705964979067
1981-02,OLS,3,2166,0.07786519033261972,,,-0.0008505380630898993
1981-03,OLS,3,2156,0.04277806112043666,,,-0.0037440898383296543
1981-04,OLS,3,2149,0.02719957135481747,,,-0.0015311931847597957
1981-05,OLS,3,2140,0.02771880211248334,,,-0.008384786462749816
1981-06,OLS,3,2277,-0.03493970113621834,,,1.925241337450664e-05
1981-07,OLS,3,2268,-0.048015210841314486,,,-0.007374109610177668
1981-08,OLS,3,2247,-0.062474999696271086,,,-0.005151585018793751
1981-09,OLS,3,2246,0.01861687672611539,,,0.007632077373101383
1981-10,OLS,3,2243,0.016335715463138285,,,-0.0013057512182010518
1981-11,OLS,3,2234,-0.0046959489258114094,,,-0.0037323554479402133
1981-12,OLS,3,2224,-0.0011479185963701782,,,-0.004484662754256218
1982-01,OLS,3,2200,-0.002419495174114425,,,-0.008288840149913228
1982-02,OLS,3,2183,0.007811373285537124,,,-0.0041925901910113755
1982-03,OLS,3,2172,0.03486284561267985,,,0.001781414559623253
1982-04,OLS,3,2165,-0.013098946281062094,,,-0.0036962031516514443
1982-05,OLS,3,2147,0.0029815844642948034,,,-0.006068362746900132
1982-06,OLS,3,2331,-0.001619236748913293,,,-0.003454664338267692
1982-07,OLS,3,2327,0.03511084123707998,,,0.0051863451990708225
1982-08,OLS,3,2307,0.04928185895426976,,,-0.004410183082113655
1982-09,OLS,3,2296,0.10209376483532116,,,0.004284502601334909
1982-10,OLS,3,2287,0.12419891155268126,,,-0.0054621854629968315
1982-11,OLS,3,2278,0.025953777987252725,,,-0.0014561938416988672
1982-12,OLS,3,2249,0.06801298339007143,,,0.0031836554576545706
1983-01,OLS,3,2238,0.09963135642146298,,,-0.007974749404939446
1983-02,OLS,3,2227,0.07372348795584388,,,-0.004413403435191791
1983-03,OLS,3,2217,0.07858666807724275,,,-0.0024723866180843554
1983-04,OLS,3,2211,0.05867640138616747,,,0.0037987768172255874
1983-05,OLS,3,2200,0.050679300218129865,,,-0.0006211267629724853
1983-06,OLS,3,2374,0.010637783607301911,,,-0.007496242919345633
1983-07,OLS,3,2361,-0.017417988267288832,,,-0.003825717909945485
1983-08,OLS,3,2352,0.02540793194421893,,,-0.004420681995430918
1983-09,OLS,3,2340,-0.026003851694216342,,,-0.006534399940587053
1983-10,OLS,3,2337,0.04470176837292827,,,-0.0012203616695830105
1983-11,OLS,3,2326,0.004824319608912966,,,-0.004866411631436389
1983-12,OLS,3,2303,0.020207021310456454,,,-0.004946367014836716
1984-01,OLS,3,2281,-0.05015690412640525,,,-0.0028292912403590775
1984-02,OLS,3,2273,0.029606713982089018,,,-0.004335782814373721
1984-03,OLS,3,2257,0.003115027164323873,,,-0.004233861200826749
1984-04,OLS,3,2246,-0.027648373254724884,,,-0.0047603829967573065
1984-05,OLS,3,2226,0.013245109095964122,,,0.0005578552197505599
1984-06,OLS,3,2495,-0.017733672910684173,,,-0.007037933810128979
1984-07,OLS,3,2483,0.07735895857380272,,,0.0032416226148237258
1984-08,OLS,3,2458,0.016292164763314347,,,-0.005756872474903962
1984-09,OLS,3,2439,-0.004467842290568865,,,-0.005710320409550624
1984-10,OLS,3,2418,-0.002467700073005585,,,-0.006992821861495342
1984-11,OLS,3,2403,0.009744853936664641,,,-0.0019131761414131515
1984-12,OLS,3,2379,0.0810414751884423,,,0.006146974630850731
1985-01,OLS,3,2358,0.03369188411069855,,,0.0003356212221688468
1985-02,OLS,3,2349,-0.0036505836995090355,,,-0.0038366812559640145
1985-03,OLS,3,2338,0.00043834568957847796,,,-0.004725541152584327
1985-04,OLS,3,2320,0.03349967346577861,,,-0.001978894417196556
1985-05,OLS,3,2297,0.008497709503950462,,,-0.0024441175095300523
1985-06,OLS,3,2524,0.02342045086589113,,,-0.001229635662890896
1985-07,OLS,3,2504,-0.004367216287045628,,,-0.0018893065837316048
1985-08,OLS,3,2492,-0.028124691173573697,,,-0.005517979556390667
1985-09,OLS,3,2473,0.02745481014905091,,,-0.00283582737210656
1985-10,OLS,3,2451,0.04665249448788908,,,0.00014228164702883572
1985-11,OLS,3,2432,0.038478005519299294,,,-0.0034498018895000307
1985-12,OLS,3,2416,0.010774777035381464,,,0.002365638850261708
1986-01,OLS,3,2401,0.060900532517588014,,,-0.001047645864341092
1986-02,OLS,3,2382,0.06659823664849923,,,-0.0044144829648081006
1986-03,OLS,3,2363,0.006768658520225123,,,-0.0004908232640194047
1986-04,OLS,3,2343,0.0355992267105093,,,-0.0007254464705255911
1986-05,OLS,3,2320,0.00042293633765320157,,,0.00027238373363529396
1986-06,OLS,3,2589,-0.06639086683723737,,,-0.0038136370434875095
1986-07,OLS,3,2577,0.03448321836236643,,,-0.002684008091396408
1986-08,OLS,3,2562,-0.03692985124217558,,,-0.004187744293450676
1986-09,OLS,3,2534,0.019306511587165294,,,0.0024793366624576243
1986-10,OLS,3,2503,0.015151228238828345,,,-0.0031168238709100267
1986-11,OLS,3,2454,-0.010704263922826052,,,-0.004571403331368831
1986-12,OLS,3,2427,0.10566655540373951,,,0.0027163989872423565
1987-01,OLS,3,2417,0.04714164145311756,,,0.005075001250400152
1987-02,OLS,3,2397,0.03380158326736821,,,-5.653507406790441e-05
1987-03,OLS,3,2376,-0.013860445748108963,,,-0.0008487315992431133
1987-04,OLS,3,2367,0.014569690637100665,,,-0.0013422415075706824
1987-05,OLS,3,2349,0.037141921972296925,,,-0.0021014388980784542
1987-06,OLS,3,2700,0.05305345981924539,,,-0.0013532834173160574
1987-07,OLS,3,2677,0.03446679532608174,,,-0.004082449502985376
1987-08,OLS,3,2657,-0.00494639126981204,,,-0.0015015845592621874
1987-09,OLS,3,2632,-0.267807822417341,,,-0.005483723209673653
1987-10,OLS,3,2605,-0.027945347498403453,,,-0.005018221554391558
1987-11,OLS,3,2583,0.06130204190675302,,,-0.0023027510911304214
1987-12,OLS,3,2561,0.04810795410235823,,,0.003009496881879873
1988-01,OLS,3,2541,0.08613848551358724,,,-0.002195429100459073
1988-02,OLS,3,2524,0.05827472268394814,,,-0.0033879958336414428
1988-03,OLS,3,2499,0.024504614213198016,,,-0.001713268285002314
1988-04,OLS,3,2475,0.0011018061681702682,,,-0.0042083658248584215
1988-05,OLS,3,2450,0.049767999990009276,,,0.0003683363721835045
1988-06,OLS,3,2552,0.003399497268220097,,,-0.0025409314737496564
1988-07,OLS,3,2527,-0.01151803987024158,,,-0.0033432919366104554
1988-08,OLS,3,2508,0.015797622107614793,,,0.0005382922731887137
1988-09,OLS,3,2480,-0.0016806532002516582,,,-0.002953681479611164
1988-10,OLS,3,2456,-0.024168577666674837,,,-0.004042724253585731
1988-11,OLS,3,2430,0.03959330447954796,,,-0.002208086191837308
1988-12,OLS,3,2408,0.04708764781071148,,,0.0012252084427161662
1989-01,OLS,3,2385,0.009172694990371702,,,-0.002135575518053046
1989-02,OLS,3,2367,0.0216165039283632,,,-0.0001421212268739054
1989-03,OLS,3,2357,0.027546854045710067,,,0.0004436052500394731
1989-04,OLS,3,2333,0.027122583747362348,,,-5.201970891516099e-06
1989-05,OLS,3,2308,-0.008328048283127807,,,-0.0026421065817002587
1989-06,OLS,3,2591,0.02112822076416765,,,0.0003730616293824128
1989-07,OLS,3,2562,0.0244478628075894,,,-0.002322183426775125
1989-08,OLS,3,2542,-0.009648650233978208,,,0.0007910870113995265
1989-09,OLS,3,2522,-0.05316233773712745,,,-0.0017304128074817622
1989-10,OLS,3,2499,-0.023226334151120187,,,0.0006987209689222116
1989-11,OLS,3,2484,-0.006466823510796457,,,-0.0006564594174726758
1989-12,OLS,3,2449,-0.04969482689820387,,,-0.002530566539815624
1990-01,OLS,3,2436,0.011412452552392167,,,0.0010446935641859883
1990-02,OLS,3,2421,0.04133015060125671,,,-0.0019302180154618387
1990-03,OLS,3,2406,-0.03078237640101778,,,4.673375867187346e-05
1990-04,OLS,3,2390,0.026053927427162706,,,0.004714045689322864
1990-05,OLS,3,2364,-0.011889784779652822,,,0.0023321080415971665
1990-06,OLS,3,2701,-0.03558393182659666,,,1.6012945390836896e-05
1990-07,OLS,3,2679,-0.10431477621550538,,,-0.004256105659466199
1990-08,OLS,3,2669,-0.07104063774458508,,,-0.0024437577726110237
1990-09,OLS,3,2653,-0.05418488110741935,,,-0.001565997765110546
1990-10,OLS,3,2651,0.02956384202283347,,,0.0019504796185343936
1990-11,OLS,3,2638,0.02208652853707682,,,-0.0037402876037486966
1990-12,OLS,3,2615,0.0972001647683288,,,0.00020425371344835185
1991-01,OLS,3,2603,0.09745495666979878,,,0.004749613263429777
1991-02,OLS,3,2587,0.0788445431456202,,,0.0007828091460808628
1991-03,OLS,3,2569,0.014673321977032852,,,0.00024581339772987453
1991-04,OLS,3,2555,0.019836666944651037,,,0.002645576089273404
1991-05,OLS,3,2548,-0.027961372898282374,,,-0.0025260018493080977
1991-06,OLS,3,2704,0.01950301919866752,,,0.0018443155718869933
1991-07,OLS,3,2688,0.024490345721040883,,,0.00036792856574039285
1991-08,OLS,3,2682,-0.014564727906318022,,,0.00276599315521365
1991-09,OLS,3,2667,0.006530459797003964,,,0.003297572052758742
1991-10,OLS,3,2652,-0.032272269004477154,,,0.00010777329591249714
1991-11,OLS,3,2635,0.04470560034572268,,,-0.00023290696899028006
1991-12,OLS,3,2614,0.15453055517607844,,,-0.0022317233282321486
1992-01,OLS,3,2604,0.07355295943501351,,,-0.0038727980274437628
1992-02,OLS,3,2593,0.019047865806461412,,,-0.005762554110538237
1992-03,OLS,3,2580,-0.015438867569419768,,,-0.0044788899161067415
1992-04,OLS,3,2561,0.008685881626585148,,,-0.0024605839764296118
1992-05,OLS,3,2522,-0.038849049279845796,,,-0.0020757472050648355
1992-06,OLS,3,2661,0.018465128843233862,,,0.0003632478359347156
1992-07,OLS,3,2637,-0.012936342336429705,,,-0.0031071012670877804
1992-08,OLS,3,2629,0.007929475085048885,,,0.0012270680969831461
1992-09,OLS,3,2609,0.041644024386371575,,,-0.0038361804275073926
1992-10,OLS,3,2601,0.08154848706218579,,,-0.0008884817815576409
1992-11,OLS,3,2594,0.05852045581867129,,,-0.0046784805944740625
1992-12,OLS,3,2581,0.07036353494080574,,,-0.002477227384901998
1993-01,OLS,3,2568,0.005333079003987323,,,-0.0033889476957369193
1993-02,OLS,3,2555,0.02559981875673656,,,-0.0006171069235430482
1993-03,OLS,3,2540,-0.020810692651034406,,,-0.0015045796592137548
1993-04,OLS,3,2532,0.04763750791441081,,,0.0006970673967602142
1993-05,OLS,3,2521,-0.00387583857243887,,,0.0017238103453068299
1993-06,OLS,3,2723,0.011187772440675021,,,-0.0014442736200506727
1993-07,OLS,3,2711,0.023538095173468037,,,0.0033542132786538014
1993-08,OLS,3,2704,0.03281363491815707,,,-0.002034346801608017
1993-09,OLS,3,2696,0.03864369454730636,,,0.0010729288029479454
1993-10,OLS,3,2683,0.004401300607024939,,,-0.0034635885979568985
1993-11,OLS,3,2668,0.023721969153413965,,,-0.0013534500647368773
1993-12,OLS,3,2651,0.05195663184343411,,,0.0002803164805491314
1994-01,OLS,3,2632,0.021415699161349826,,,-0.003469204008894837
1994-02,OLS,3,2617,-0.022680177710893704,,,-0.004302210942453131
1994-03,OLS,3,2601,0.003201107151266175,,,-0.002478134515099875
1994-04,OLS,3,2583,0.001878285330940033,,,-0.0008719808309125447
1994-05,OLS,3,2574,-0.01412240240589634,,,-0.003556380933344381
1994-06,OLS,3,2819,0.018233269811569964,,,-0.0009924496900862198
1994-07,OLS,3,2801,0.049018879622111586,,,-0.0016961074092848017
1994-08,OLS,3,2785,0.024538756736850253,,,-0.0027954846623672097
1994-09,OLS,3,2774,0.027508570218161426,,,-0.0039421965082138966
1994-10,OLS,3,2759,-0.008494357848727551,,,-0.005307151259256181
1994-11,OLS,3,2737,-0.0036880623608636504,,,-0.0026533691669981493
1994-12,OLS,3,2725,0.019864856364290712,,,0.001730869699886963
1995-01,OLS,3,2711,0.03514338274210277,,,-0.0008149611124129575
1995-02,OLS,3,2691,0.018849736713880277,,,-0.0002563417706692664
1995-03,OLS,3,2677,0.03662833392783889,,,-0.001958230141747669
1995-04,OLS,3,2654,0.020830552062172804,,,-0.0007031084538782885
1995-05,OLS,3,2642,0.029320333217706687,,,0.0038681226140092942
1995-06,OLS,3,3011,0.05174278357507858,,,0.00012118047167897184
1995-07,OLS,3,2991,0.014966067789509051,,,0.0024514184890067304
1995-08,OLS,3,2973,0.026556457605703,,,-0.00014061340571818254
1995-09,OLS,3,2952,-0.03556406262203258,,,-0.004645931496865374
1995-10,OLS,3,2934,0.007849067148883742,,,0.0007130032899829305
1995-11,OLS,3,2921,-0.004489785380634529,,,0.0016452156544160504
1995-12,OLS,3,2897,0.007440762913464905,,,0.0027742568868027537
1996-01,OLS,3,2876,0.03483442858791891,,,0.0002790292331760253
1996-02,OLS,3,2860,0.02445703651247201,,,0.0007063544057407113
1996-03,OLS,3,2844,0.0629823819540908,,,0.00042643776586986796
1996-04,OLS,3,2822,0.07961477184446092,,,-0.0007586627312238713
1996-05,OLS,3,2810,-0.02508653620632444,,,-0.0032005945363037763
1996-06,OLS,3,3201,-0.057317861310385104,,,-0.006909145282921496
1996-07,OLS,3,3174,0.03499560943470985,,,0.0005420756812657522
1996-08,OLS,3,3152,0.01847065083569503,,,0.0013975432847166212
1996-09,OLS,3,3137,0.008163307715127929,,,-0.0062898771076611865
1996-10,OLS,3,3125,0.039472054597763734,,,-0.0028970684469443353
1996-11,OLS,3,3097,0.013987900314897217,,,-0.0036587069005660647
1996-12,OLS,3,3071,0.0360083075762603,,,0.004581648126640075
1997-01,OLS,3,3046,0.004709180310611428,,,-0.005271640269456584
1997-02,OLS,3,3032,-0.013213983593884645,,,-0.0064143585759144335
1997-03,OLS,3,3011,-0.007511337388702254,,,-0.0032057127984649316
1997-04,OLS,3,2993,0.07469723825687997,,,0.0037791168207206944
1997-05,OLS,3,2968,0.04843911534793142,,,-0.0020185468333124732
1997-06,OLS,3,3231,0.05370832327687601,,,-0.00095731446388844
1997-07,OLS,3,3205,0.03349001264961364,,,0.00012066346024658537
1997-08,OLS,3,3182,0.0747524784558039,,,0.0008236802372825979
1997-09,OLS,3,3148,-0.012770857920749177,,,-0.002804315661979307
1997-10,OLS,3,3130,0.009750611311827685,,,-0.00592123002936858
1997-11,OLS,3,3092,-0.02803729035673806,,,-0.0026939883698086538
1997-12,OLS,3,3055,0.008643789081629442,,,0.0006068610114772117
1998-01,OLS,3,3032,0.06279114425612548,,,0.0003609042616075117
1998-02,OLS,3,2996,0.044792477362245606,,,-0.0004638369230055249
1998-03,OLS,3,2969,0.03180843566987787,,,-0.0023162854735210934
1998-04,OLS,3,2949,-0.019544768608998286,,,-0.004608295368074089
1998-05,OLS,3,2908,-0.01530929022137791,,,-0.002965355564790539
1998-06,OLS,3,3143,-0.055615859701596465,,,-0.0021675608009424233
1998-07,OLS,3,3110,-0.14990378627553114,,,-0.009180726082655704
1998-08,OLS,3,3070,0.007267403952693479,,,0.005856058003524185
1998-09,OLS,3,3025,0.036686883195102625,,,0.0013562477966245843
1998-10,OLS,3,2994,0.10451368126502118,,,-0.0053313863319605975
1998-11,OLS,3,2966,0.04542758591004528,,,-0.004649246567838173
1998-12,OLS,3,2917,0.05892146192465471,,,-0.0007561947925678032
1999-01,OLS,3,2890,-0.04827600583962417,,,-0.0015259288313886124
1999-02,OLS,3,2853,-0.04935273012219406,,,0.005719919864431217
1999-03,OLS,3,2827,0.06943799112341713,,,0.004038453215654794
1999-04,OLS,3,2799,0.06182183486856434,,,-0.0035107923315396156
1999-05,OLS,3,2761,0.05001835399640359,,,-0.0012089263543114503
1999-06,OLS,3,3121,0.01836814847322646,,,-0.001650820650220708
1999-07,OLS,3,3088,-0.024922710566377317,,,-0.0013741356326438274
1999-08,OLS,3,3051,-0.024039880173786138,,,0.0004695232428209092
1999-09,OLS,3,3025,-0.011691908689699784,,,-0.0011646787478107306
1999-10,OLS,3,2980,0.09109885321403349,,,-0.00024741415945092913
1999-11,OLS,3,2943,0.05266186967922681,,,0.006642738397554568
1999-12,OLS,3,2922,0.062151990493691786,,,-0.00201617167885562
2000-01,OLS,3,2890,0.1292264514681187,,,0.0012077059206744415
2000-02,OLS,3,2859,0.01394361583867467,,,0.0004794208487246864
2000-03,OLS,3,2827,-0.05745562965278116,,,-0.0033282704773047295
2000-04,OLS,3,2804,-0.062294347335313825,,,0.00011783809119495388
2000-05,OLS,3,2769,0.04955296691494914,,,0.0028324972512963928
2000-06,OLS,3,3057,0.015234918837113694,,,-0.007376865489890338
2000-07,OLS,3,3022,0.022741818571997276,,,0.007574700233150294
2000-08,OLS,3,2990,-0.009137014352759758,,,-0.006903402342519223
2000-09,OLS,3,2943,-0.026984845609006877,,,-0.005560219630139156
2000-10,OLS,3,2904,-0.03678817335316998,,,-0.01436552086851666
2000-11,OLS,3,2866,2.1368861443122174e-05,,,-0.001896147502025143
2000-12,OLS,3,2823,0.15688264812076425,,,0.01322257521732673
2001-01,OLS,3,2798,0.017665730546722117,,,-0.014607554485672568
2001-02,OLS,3,2770,-0.02973268974185915,,,-0.006267342151598174
2001-03,OLS,3,2735,0.029297440625645363,,,0.007845984544470622
2001-04,OLS,3,2699,0.09208030007087632,,,-0.004116326404967997
2001-05,OLS,3,2671,0.031024543780473007,,,-0.003629289297739646
2001-06,OLS,3,2840,0.030447184275433782,,,-0.009622676628678146
2001-07,OLS,3,2790,0.0073908133618272994,,,-0.007807988175063662
2001-08,OLS,3,2777,-0.10207540692215654,,,-0.007300021923143705
2001-09,OLS,3,2759,0.04195502246706532,,,0.006499087066378665
2001-10,OLS,3,2734,0.07877614883898046,,,-0.0001418392605796407
2001-11,OLS,3,2712,0.07215267165154739,,,-0.0018208301159388738
2001-12,OLS,3,2686,0.09732401263021576,,,-0.011596919487571857
2002-01,OLS,3,2660,0.007844022144788198,,,-0.006114696423294503
2002-02,OLS,3,2640,0.10309027796889873,,,-0.0019129905405443216
2002-03,OLS,3,2616,0.08733787034039477,,,-0.01421119493743726
2002-04,OLS,3,2600,0.02128469889371194,,,-0.0060060927582242405
2002-05,OLS,3,2571,-0.011057434910076725,,,-0.010907940249588957
2002-06,OLS,3,2765,-0.11279495471371445,,,-0.003278948098612057
2002-07,OLS,3,2743,-0.002549433417359152,,,-0.0004563450677761901
2002-08,OLS,3,2729,-0.06284085048667117,,,-0.0052727062614950655
2002-09,OLS,3,2698,0.020169877143993164,,,0.005572175886733684
2002-10,OLS,3,2675,0.047153378281154734,,,0.01602821708463603
2002-11,OLS,3,2655,-0.003652789213534951,,,-0.009703691458658304
2002-12,OLS,3,2625,0.002412559262676083,,,-0.002173533384075275
2003-01,OLS,3,2606,-0.019128201388732557,,,-0.0012490718907119933
2003-02,OLS,3,2573,-0.005013965991701966,,,0.0022260682801342933
2003-03,OLS,3,2557,0.0648484702916485,,,0.007167145520103801
2003-04,OLS,3,2533,0.07951246534624984,,,0.010002290115488689
2003-05,OLS,3,2515,0.06208496691236783,,,-0.0016449798904665833
2003-06,OLS,3,2748,0.0971354941160263,,,-0.002676557335379129
2003-07,OLS,3,2723,0.06644194973244126,,,-0.0013019170538826274
2003-08,OLS,3,2704,0.025786266582755436,,,-0.0013824558844320266
2003-09,OLS,3,2690,0.11257495836442977,,,-0.0027359026429555127
2003-10,OLS,3,2671,0.06599729674202576,,,-0.004204311615130474
2003-11,OLS,3,2652,0.03035903049289842,,,0.0015222252571216821
2003-12,OLS,3,2630,0.06582646764222924,,,0.0012787141843639922
2004-01,OLS,3,2616,0.027056598619759682,,,-0.003060719130777706
2004-02,OLS,3,2601,0.02326090814585178,,,-0.0032518348287741187
2004-03,OLS,3,2583,-0.019327936696790917,,,-0.0011457250359683338
2004-04,OLS,3,2570,0.01361573857056967,,,-0.0016598516386598027
2004-05,OLS,3,2549,0.044345671443981195,,,-0.0023565813737316888
2004-06,OLS,3,2632,-0.03328970582763047,,,-0.007247989394431334
2004-07,OLS,3,2617,-0.013216552500270954,,,-0.0018534202811638228
2004-08,OLS,3,2610,0.043902707482915256,,,-2.015415100467893e-06
2004-09,OLS,3,2595,0.014816281224606612,,,0.0006129651896955967
2004-10,OLS,3,2578,0.09731245344114613,,,-0.0005395297334232569
2004-11,OLS,3,2559,0.05661955345517425,,,0.0015017341663613713
2004-12,OLS,3,2540,-0.006808712560930503,,,-0.0052841464548293166
2005-01,OLS,3,2529,0.01872875589378174,,,-0.0005965436206174299
2005-02,OLS,3,2513,0.01400593600932217,,,-0.007343160840360279
2005-03,OLS,3,2497,-0.04539506581451446,,,-0.003443877922937216
2005-04,OLS,3,2479,0.04619222561134706,,,0.0013617981902419303
2005-05,OLS,3,2465,0.040898236787112206,,,-0.002159176763833216
2005-06,OLS,3,2521,0.05864992575988185,,,0.002108313012296093
2005-07,OLS,3,2502,-0.005808893298247178,,,-0.0017074610724608296
2005-08,OLS,3,2487,-0.006577080723288651,,,0.001987065050359619
2005-09,OLS,3,2466,-0.022529164761014468,,,-0.002062914189936553
2005-10,OLS,3,2451,0.04680573286534823,,,-0.0013997559120065624
2005-11,OLS,3,2433,0.009189082846920526,,,-0.00032372412099556264
2005-12,OLS,3,2411,0.05797292532372495,,,0.004330122254029752
2006-01,OLS,3,2398,0.003016273540001651,,,-0.0007127439068915666
2006-02,OLS,3,2381,0.043326299846385884,,,7.60851146577411e-05
2006-03,OLS,3,2370,0.015676080584141636,,,-0.0016417978205565042
2006-04,OLS,3,2351,-0.036621704156001515,,,-0.003773596652942479
2006-05,OLS,3,2337,-0.006939900429288381,,,-0.001516858454455416
2006-06,OLS,3,2439,-0.01943432871143929,,,-0.004267254916434551
2006-07,OLS,3,2426,0.005339042323709773,,,0.003064612502631861
2006-08,OLS,3,2414,0.04228901628751827,,,-0.006017495929537157
2006-09,OLS,3,2397,0.03916581503094665,,,0.001567549653328863
2006-10,OLS,3,2381,0.014755969935650566,,,0.0018244689089755783
2006-11,OLS,3,2360,0.023939515507196894,,,-0.002555665298332406
2006-12,OLS,3,2330,0.02710613992037694,,,-0.00018252042922258118
2007-01,OLS,3,2317,0.0028061403388084044,,,0.00014312215683812355
2007-02,OLS,3,2299,0.005449587224820147,,,-0.0002880195435017027
2007-03,OLS,3,2278,0.014756136393415446,,,0.002086844329726248
2007-04,OLS,3,2259,0.028543091439507853,,,-0.0003221372150131043
2007-05,OLS,3,2235,-0.002919092134230974,,,-0.0006265051869834693
2007-06,OLS,3,2367,-0.04237135591564152,,,-0.0006206706148649277
2007-07,OLS,3,2342,-0.03750462023340198,,,0.003441733461754496
2007-08,OLS,3,2324,-0.008366472389911282,,,0.003451929469684106
2007-09,OLS,3,2300,0.0025832535842733612,,,0.003133945285818155
2007-10,OLS,3,2275,-0.07662992273480106,,,-0.00199196129065238
2007-11,OLS,3,2250,-0.00598271492238198,,,-0.0011508185550223233
2007-12,OLS,3,2240,-0.053428770632963765,,,-0.001535436581330816
2008-01,OLS,3,2228,-0.021571335155455177,,,0.0007441862082024741
2008-02,OLS,3,2212,-0.0020988230687242777,,,-0.002201076808218816
2008-03,OLS,3,2196,0.028363313924685656,,,0.0003538780335810376
2008-04,OLS,3,2174,0.02751203342522385,,,0.0030289370041538203
2008-05,OLS,3,2167,-0.08268837640243698,,,-0.0003428978862594773
2008-06,OLS,3,2323,0.013280825273482198,,,-0.0020145152692361236
2008-07,OLS,3,2306,0.05499107837785464,,,-0.004613592729948096
2008-08,OLS,3,2292,-0.08815199277188827,,,-0.0068205933217182334
2008-09,OLS,3,2274,-0.20613159290645586,,,-0.005296945360313446
2008-10,OLS,3,2258,-0.15646301254383654,,,0.0020850872695358396
2008-11,OLS,3,2242,0.05528425005850964,,,-0.002639212059324839
2008-12,OLS,3,2228,-0.07638949298025265,,,0.007093478510882249
2009-01,OLS,3,2215,-0.08627591114583848,,,-0.004127705149680187
2009-02,OLS,3,2198,0.12807103845477277,,,-0.0016401940609547625
2009-03,OLS,3,2180,0.2618990393269369,,,-0.0028036674266680305
2009-04,OLS,3,2167,0.0625709960895055,,,0.0040141566369944065
2009-05,OLS,3,2153,0.038014352444075826,,,0.0006620143136975241
2009-06,OLS,3,2286,0.08402882670676136,,,0.0035537248605813057
2009-07,OLS,3,2276,0.052163819308127676,,,0.003529292646729163
2009-08,OLS,3,2267,0.06163701056216805,,,0.004091393119528572
2009-09,OLS,3,2252,-0.016428145103433406,,,-0.007266515098816853
2009-10,OLS,3,2232,0.04634930759343727,,,-0.0029953362636628788
2009-11,OLS,3,2221,0.06664275691659209,,,0.0019278226005442728
2009-12,OLS,3,2209,-0.02507368068762351,,,0.0009802831612685115
2010-01,OLS,3,2190,0.06735575559524383,,,-0.0036511929125401473
2010-02,OLS,3,2178,0.08907520136387251,,,-0.0007031728902115065
2010-03,OLS,3,2164,0.06823209698194421,,,0.001029384284245773
2010-04,OLS,3,2157,-0.057368587059865805,,,-0.003791432148374463
2010-05,OLS,3,2151,-0.06590988632941724,,,-0.0015001241001121502
2010-06,OLS,3,2273,0.046166152763635886,,,0.003880298893637472
2010-07,OLS,3,2257,-0.06285871539675984,,,-0.000927847086010875
2010-08,OLS,3,2246,0.12097649754309352,,,0.00045062017001960424
2010-09,OLS,3,2230,0.03997769740692717,,,0.0015968257137937234
2010-10,OLS,3,2212,0.04032515539287037,,,-0.0013174410236004958
2010-11,OLS,3,2188,0.061591694554824425,,,0.0038260819197711107
2010-12,OLS,3,2171,0.005963847657665622,,,0.0025815926852647032
2011-01,OLS,3,2160,0.04341952273845753,,,0.0012138617857687928
2011-02,OLS,3,2148,0.018505332561894444,,,0.0005525138739446213
2011-03,OLS,3,2134,0.029064344553061356,,,-0.0014063182131122515
2011-04,OLS,3,2120,-0.009930398566853793,,,-0.0013810398934777355
2011-05,OLS,3,2094,0.0017831746799271157,,,-0.0041302123411430525
2011-06,OLS,3,2152,-0.0021952331054098917,,,-0.004205655520030229
2011-07,OLS,3,2142,-0.07335203567242868,,,-0.003944439550790331
2011-08,OLS,3,2134,-0.06427811571107746,,,-0.008410835398531205
2011-09,OLS,3,2121,0.09631654190570009,,,0.006949961028498934
2011-10,OLS,3,2108,-0.005338755100232728,,,-0.0010223097581893528
2011-11,OLS,3,2094,0.01398564429253643,,,-0.0023055941075615536
2011-12,OLS,3,2082,0.06462228647691497,,,0.005051011326723473
2012-01,OLS,3,2072,0.03463897255304046,,,0.000574489707390175
2012-02,OLS,3,2065,0.04820500978498195,,,-0.0037503621326861465
2012-03,OLS,3,2053,-0.005147957944840234,,,-0.0014196722438915626
2012-04,OLS,3,2045,-0.046663222087606725,,,-0.005385214824160001
2012-05,OLS,3,2035,0.029426467714333607,,,0.0018221301188794667
2012-06,OLS,3,2090,-0.01758012393876648,,,0.0010752668084090626
2012-07,OLS,3,2076,0.016760152679273093,,,0.0025356652423589813
2012-08,OLS,3,2067,0.027501071047691717,,,0.0014790956816675043
2012-09,OLS,3,2052,-0.015236109762810104,,,-0.0014941831590494206
2012-10,OLS,3,2039,0.01684109868608656,,,-0.0012770405011975482
2012-11,OLS,3,2022,0.03234356046563589,,,-0.0005497647399582816
2012-12,OLS,3,2015,0.06975008037938833,,,6.476400356501792e-05
2013-01,OLS,3,2006,0.015973594528481835,,,-0.0016720470578109575
2013-02,OLS,3,1998,0.036694717699356706,,,0.00099047204341396
2013-03,OLS,3,1989,-0.003198797543549498,,,0.00028992328132662897
2013-04,OLS,3,1978,0.060679775846047904,,,-0.00046419362055014334
2013-05,OLS,3,1965,0.0117984276834285,,,-0.003017013677084255
2013-06,OLS,3,2057,0.06564432281629015,,,0.001554276694385706
2013-07,OLS,3,2043,-0.011298002955792886,,,-0.0012019155884830691
2013-08,OLS,3,2034,0.05438604780907766,,,0.0017385347414062544
2013-09,OLS,3,2018,0.04944879914673026,,,-0.002783794083372492
2013-10,OLS,3,2001,0.04925670978711909,,,-0.0008830100873844523
2013-11,OLS,3,1993,0.017028952907457314,,,0.002053889280999229
2013-12,OLS,3,1981,-0.03537322458165149,,,0.004679552269041865
2014-01,OLS,3,1962,0.04347018837146353,,,0.0014491866878241365
2014-02,OLS,3,1956,0.010999324507771663,,,-0.0013084593546385354
2014-03,OLS,3,1949,-0.030461347138792522,,,-0.0004961802804826342
2014-04,OLS,3,1940,-0.006252315288227971,,,0.0010878105486106984
2014-05,OLS,3,1934,0.011551361199378715,,,0.005732382471821067
2014-06,OLS,3,1990,-0.026294382603177433,,,-0.0035616404218883017
2014-07,OLS,3,1984,0.04771345305900122,,,-0.0004991247249069644
2014-08,OLS,3,1977,-0.016789527692750442,,,-0.006102317903639846
2014-09,OLS,3,1965,0.05283730971891496,,,-0.0043254291822671905
2014-10,OLS,3,1958,0.026844078648985734,,,-0.004416913418217714
2014-11,OLS,3,1949,0.04846152677126813,,,-0.006351451195118
2014-12,OLS,3,1933,-0.02466027588553096,,,-0.0011724051576283115
2015-01,OLS,3,1921,0.03241637910461995,,,0.007411040635013275
2015-02,OLS,3,1911,0.018448146644405507,,,-0.004104217376651005
2015-03,OLS,3,1905,-0.010362694792449712,,,0.001816214688506794
2015-04,OLS,3,1899,0.010522532533869991,,,-0.0015262032789879585
2015-05,OLS,3,1888,0.011720773766181043,,,-0.003611901489558038
2015-06,OLS,3,1942,-0.016120405264840165,,,-0.003626331457870224
2015-07,OLS,3,1932,-0.03655501406789749,,,-0.0008883831440096029
2015-08,OLS,3,1923,-0.01987175148206461,,,-0.007864567596443807
2015-09,OLS,3,1905,0.05448341072480091,,,0.00163562843471135
2015-10,OLS,3,1901,0.008347747406496115,,,0.00163404303415074
2015-11,OLS,3,1888,-0.012948353436752937,,,-0.006757955358586473
2015-12,OLS,3,1868,-0.037915736939206066,,,-0.008054488170124356
2016-01,OLS,3,1854,0.03318437511190795,,,-0.0032041803228723617
2016-02,OLS,3,1844,0.05783436809323687,,,0.004956564219487926
2016-03,OLS,3,1829,0.0015174185222599369,,,0.005808553425972949
2016-04,OLS,3,1813,-0.017233526404870525,,,0.002904943757226151
2016-05,OLS,3,1804,0.037339577978189376,,,-0.005341155193292376
2016-06,OLS,3,1883,0.061797772960983884,,,-0.00019291996184667243
2016-07,OLS,3,1868,0.015344775332683552,,,-1.9690881891694758e-05
2016-08,OLS,3,1854,0.002721331255511952,,,0.002710057955103565
2016-09,OLS,3,1848,-0.011733977941925456,,,-0.0076330614622057815
2016-10,OLS,3,1833,0.09730019530884448,,,-0.0015316396621383622
2016-11,OLS,3,1825,0.04220698060538414,,,-0.004629116462496366
2016-12,OLS,3,1815,-0.019764015017202707,,,0.006549088145987265
2017-01,OLS,3,1804,-0.00028442571793396563,,,0.002110878313857536
2017-02,OLS,3,1791,0.009391968597978122,,,-0.00022067925337040419
2017-03,OLS,3,1778,0.024963370414536157,,,-0.0028782832478058177
2017-04,OLS,3,1767,-9.397436540508133e-05,,,-0.002684082031596621
2017-05,OLS,3,1755,0.022467086269228654,,,0.00033896613379370366
2017-06,OLS,3,1864,-0.004234926002671334,,,0.000278135416282277
2017-07,OLS,3,1853,-0.015109776943834401,,,-7.539925806200398e-06
2017-08,OLS,3,1836,0.04688517777901835,,,0.003898621549794616
2017-09,OLS,3,1828,0.0067802928622278415,,,-0.00021928188218078268
2017-10,OLS,3,1815,0.05754661351265611,,,-0.0037031252285986416
2017-11,OLS,3,1803,0.01225696683658562,,,0.00014095093285257094
2017-12,OLS,3,1798,0.016284226103145425,,,0.002577073915374347
2018-01,OLS,3,1787,-0.033186935556456854,,,-0.0019382892011192935
2018-02,OLS,3,1779,0.01865927812244519,,,-0.0027438471841313428
2018-03,OLS,3,1772,0.0015988885257025394,,,0.0003931794259764841
2018-04,OLS,3,1770,0.05863065455021913,,,-0.0017018192485742884
2018-05,OLS,3,1759,0.03331957978900092,,,-0.004298658374596795
2018-06,OLS,3,1825,0.03226442851506023,,,-0.003689356641067612
2018-07,OLS,3,1816,0.04806497059702372,,,-0.0023336966514240823
2018-08,OLS,3,1816,-0.024496054992360596,,,0.0007875516866126848
2018-09,OLS,3,1805,-0.06658392142469045,,,-0.007345168628339075
2018-10,OLS,3,1791,0.01380330061075099,,,-0.003090561035434743
2018-11,OLS,3,1778,-0.08012428241648581,,,-0.008711527461911865
2018-12,OLS,3,1770,0.08091557320203217,,,0.00956802810777171
2019-01,OLS,3,1761,0.03167717106216397,,,0.003153156054078014
2019-02,OLS,3,1748,-0.03619244868763858,,,0.0031737877780548354
2019-03,OLS,3,1739,0.041371131217405724,,,-0.0028087114332008977
2019-04,OLS,3,1734,-0.08160653185263303,,,-0.00224600575289225
2019-05,OLS,3,1728,0.05272490313274965,,,0.002049415846850216
2019-06,OLS,3,1820,0.006373248643323682,,,-0.0019810560708336594
2019-07,OLS,3,1810,-0.04209739142897455,,,-0.0023851512893495724
2019-08,OLS,3,1801,0.0760185512188085,,,-0.00862767115587528
2019-09,OLS,3,1790,0.023136359072387223,,,-0.003935312435515846
2019-10,OLS,3,1779,0.00914683562784688,,,0.005470561035764236
2019-11,OLS,3,1763,0.021636616529776293,,,0.00353814193214073
2019-12,OLS,3,1762,-0.05689958907787566,,,0.006376699695692554
2020-01,OLS,3,1758,-0.08108394083691683,,,0.0004800425192737163
2020-02,OLS,3,1752,-0.21936141905100737,,,-0.0021879705759180103
2020-03,OLS,3,1744,0.16064992093306418,,,0.009078022946127126
2020-04,OLS,3,1735,0.04693458496562116,,,0.005862499904030953
2020-05,OLS,3,1724,0.037518947318067444,,,0.005486170257066841
2020-06,OLS,3,1786,0.03965818868935482,,,0.002674302949965528
2020-07,OLS,3,1779,0.062919201542385,,,-0.0011556928674895412
2020-08,OLS,3,1773,-0.024041601113709392,,,-0.0013466740789607181
2020-09,OLS,3,1763,0.027208510142522464,,,-0.00261146022557054
2020-10,OLS,3,1760,0.16464610013764686,,,0.009397580830595838
2020-11,OLS,3,1750,0.06658551913329448,,,0.003831795692288136
2020-12,OLS,3,1741,0.09763603278022234,,,0.00304092534405341
2021-01,OLS,3,1735,0.08320762536155471,,,0.002853256310642339
2021-02,OLS,3,1732,0.05845525462281995,,,-0.005731874331414603
2021-03,OLS,3,1720,0.040570033941364936,,,-0.00442055251577949
2021-04,OLS,3,1714,0.031169869325603568,,,-0.001232915660089709
2021-05,OLS,3,1707,0.010765472917464738,,,0.00428980014150752
2021-06,OLS,3,1783,0.03679871338556477,,,-0.011929791077831604
2021-07,OLS,3,1776,0.007892227290584319,,,0.0016937057959187647
2021-08,OLS,3,1768,-0.047837845870406015,,,0.0030193035180411314
2021-09,OLS,3,1757,0.053760612721977935,,,-0.0037925070980032293
2021-10,OLS,3,1750,0.018523425480555362,,,-0.011896137902874407
2021-11,OLS,3,1741,0.06509415842158646,,,-0.008385836919826702
2021-12,OLS,3,1737,-0.06064145917266898,,,-0.0025963988070712577
2022-01,OLS,3,1732,-0.011081564509990595,,,0.003144137595140006
2022-02,OLS,3,1722,-0.024065433064929222,,,0.008446019942710076
2022-03,OLS,3,1717,-0.022167910004326667,,,-0.013782462450681146
2022-04,OLS,3,1707,0.018932936349350924,,,-0.005272171194838851
2022-05,OLS,3,1703,-0.08608756055336853,,,0.0014072575322511347
2022-06,OLS,3,1799,0.09514704989830894,,,-0.0008247062031544833
2022-07,OLS,3,1793,-0.0481165111257351,,,0.005582721232372195
2022-08,OLS,3,1786,-0.09395911794978855,,,-0.00456661090833615
2022-09,OLS,3,1776,0.13954883275859115,,,-0.009003547094116337
2022-10,OLS,3,1771,0.07310556440823007,,,-0.008168469618158725
2022-11,OLS,3,1762,-0.05130591293935382,,,-0.0014263623826632217
2022-12,OLS,3,1758,0.07047008080063731,,,0.011919438529850961
2023-01,OLS,3,1748,0.007808621318768373,,,-0.008077921520242563
2023-02,OLS,3,1736,-0.010968126630380309,,,-0.005696956265833577
2023-03,OLS,3,1729,-0.022382052323425827,,,-0.001096414695397237
2023-04,OLS,3,1721,-0.040904543698938034,,,0.00567411276274861
2023-05,OLS,3,1714,0.10434072061799807,,,-0.006235440887626269
2023-06,OLS,3,1854,0.05440300401956074,,,-0.0022038649972680882
2023-07,OLS,3,1844,-0.009286998104211299,,,-0.00857983483249302
2023-08,OLS,3,1832,-0.026243748735874577,,,-0.007835659301012819
2023-09,OLS,3,1822,-0.030993009903582863,,,-0.009888978782836899
2023-10,OLS,3,1810,0.0647786107001884,,,0.003313614426942161
2023-11,OLS,3,1800,0.07351425847769318,,,0.007144712800985774
2023-12,OLS,3,1793,-0.03159738373386778,,,-0.0007993165227934549
2024-01,OLS,3,1786,0.0318136347506518,,,0.0031746008908154068
2024-02,OLS,3,1781,0.040477088120180985,,,-0.00182194318751713
2024-03,OLS,3,1772,-0.051295961132110865,,,-0.004713164063190894
2024-04,OLS,3,1759,0.05193900965231521,,,-0.00041820186788804614
2024-05,OLS,3,1752,-0.040691017887159446,,,0.0008401522205385803
2024-06,OLS,3,1969,0.06537180696455956,,,0.0007523308149350395
2024-07,OLS,3,1955,-0.00954411047435641,,,-0.0031720147299248
2024-08,OLS,3,1949,0.018627365779191333,,,-0.002362010384236319
2024-09,OLS,3,1935,-0.05083943682574305,,,0.00568043246686233
2024-10,OLS,3,1923,0.09914068206282803,,,-0.0014833978844419748
2024-11,OLS,3,1911,-0.05998739833251284,,,0.0038815586055326564
1973-06,OLS,4,1445,0.16375254206311646,-0.006736528565857207,-0.0004379226716692015,
1973-07,OLS,4,1443,-0.03997020853521113,-0.00020924515749784898,-0.002247364159755809,
1973-08,OLS,4,1443,0.14728006060971313,-0.005689345898262204,-0.005216778466953911,
1973-09,OLS,4,1443,0.015489437679611771,0.0030852566376604615,-0.005805649679323532,
1973-10,OLS,4,1441,-0.1840390556389064,0.0011737433517647648,-0.0036578964196127004,
1973-11,OLS,4,1444,0.033123667257125115,-0.004669284335902053,-0.008238131871512804,
1973-12,OLS,4,1442,0.054114446905432774,0.01562802058287315,-0.0006346467018703124,
1974-01,OLS,4,1440,-0.01861596559310362,0.004072963192398515,-0.0005083372108382327,
1974-02,OLS,4,1440,-0.046820519967129465,0.004215826154620434,0.0036396980209157043,
1974-03,OLS,4,1439,-0.08311802924557635,0.004560679453306613,0.001022167143779737,
1974-04,OLS,4,1439,-0.08876690889560318,-0.0003621216292095994,0.0027163538338083808,
1974-05,OLS,4,1437,-0.02329765987591658,0.00174580188590261,-0.002697132153771588,
1974-06,OLS,4,1561,-0.07497900081186575,0.007426691184560597,-0.003613883892222612,
1974-07,OLS,4,1560,-0.09520695780482119,0.0036593076341899906,-0.0012139885448024734,
1974-08,OLS,4,1556,-0.13601251152035856,0.005388604992657165,0.0011459487791579412,
1974-09,OLS,4,1558,0.21150268398800365,-0.013417165502425988,-0.00549689513360179,
1974-10,OLS,4,1551,-0.014862688011696577,-0.0060082277361404295,-0.001485132777004198,
1974-11,OLS,4,1553,-0.045670046081803264,-0.006144220013663494,-8.843889702282158e-05,
1974-12,OLS,4,1553,0.13456710787149576,0.024389323579490852,0.00540885281596519,
1975-01,OLS,4,1551,0.08486472068216655,-0.004950771011469145,-0.0021021428465233536,
1975-02,OLS,4,1548,0.0390032827485669,0.005884989229676832,0.003935237894815389,
1975-03,OLS,4,1548,0.07579677093457603,-0.0051076878267165655,-0.0018423771126650816,
1975-04,OLS,4,1546,0.07863797103531948,-0.0012420403919764626,-0.0008528109932789418,
1975-05,OLS,4,1543,0.06513443184201102,0.0024772547852701665,-0.0002951372858599687,
1975-06,OLS,4,1956,-0.05082121311352073,0.006365181661862209,-0.0010647591360119276,
1975-07,OLS,4,1956,-0.032892044355002016,-0.003916922113197056,-0.0002737240955365324,
1975-08,OLS,4,1956,-0.05902635777989228,0.0009786919580038128,0.0017191865287940731,
1975-09,OLS,4,1956,0.01099099262548765,-0.0029211778654788887,0.004099757697163948,
1975-10,OLS,4,1956,-0.021579005080052185,0.0032482190460104247,0.005495637579451961,
1975-11,OLS,4,1950,-0.0029157276062509166,8.236556725723823e-05,-0.002287044357883741,
1975-12,OLS,4,1901,0.11450039732422475,0.01990185960811083,-0.00036783005993415294,
1976-01,OLS,4,1944,-0.0060760132712183125,0.02224784487897822,-2.175733479379684e-05,
1976-02,OLS,4,1912,-0.0012559751163204649,2.8623155129138783e-05,0.0021166755658162707,
1976-03,OLS,4,1928,0.004197292739991641,-0.0015618628623187462,-0.0025965949884906745,
1976-04,OLS,4,1921,0.01628578831392998,-0.004997352712495879,-0.0028934586232267426,
1976-05,OLS,4,1912,0.05535691533418409,-0.000954086165614823,-0.002717093426625847,
1976-06,OLS,4,2368,-0.03054607752247573,0.0027450468045332353,0.001091637870148237,
1976-07,OLS,4,2170,-0.03831595287089582,0.0007739681056327679,0.0015141882741710269,
1976-08,OLS,4,2349,0.027778892141204208,-0.0021722430188156026,-0.0007228934829229619,
1976-09,OLS,4,2331,-0.01999137093081774,-0.0006871044904786747,-0.001107049090215979,
1976-10,OLS,4,2341,0.03111899076166343,-0.00033310493661160227,-0.001149273785989578,
1976-11,OLS,4,2332,0.07318913368281041,0.003968068916726789,-0.00018768228573020092,
1976-12,OLS,4,2296,-0.04098888300709978,0.012193077582264629,0.00016446231121779395,
1977-01,OLS,4,2310,-0.026941131645192733,0.002388939992063614,0.0011803715622013785,
1977-02,OLS,4,2301,0.004393505281506498,0.0014881283125916058,-0.0017633238917715362,
1977-03,OLS,4,2297,0.010158016918518342,0.0019220134935767008,-0.0018897591240638536,
1977-04,OLS,4,2279,-0.019705364037224126,0.0021281087696581593,0.001245864383801002,
1977-05,OLS,4,2273,0.050861396264787126,0.0006970779276888698,0.0001709109744580218,
1977-06,OLS,4,2409,-0.030164874038398775,0.002826364048574126,0.002341897010156058,
1977-07,OLS,4,2397,-0.02919832558011287,-0.0013282282370606624,0.0036364201598446263,
1977-08,OLS,4,2385,-0.003603027398581917,0.00043896359039989234,0.0013241094109721486,
1977-09,OLS,4,2370,-0.057494682974987665,0.0026007113067894588,0.002158939327109552,
1977-10,OLS,4,2368,0.058578825130596215,0.001950980743914512,0.0011556295953456621,
1977-11,OLS,4,2355,0.012005578901982228,0.0003048018359287559,4.172959823426939e-05,
1977-12,OLS,4,2331,-0.05661219979357965,0.006194534319711275,-0.00034316578983379335,
1978-01,OLS,4,2322,-0.01269565143865712,0.0035777898218176006,0.0023703747477941193,
1978-02,OLS,4,2311,0.05663647243998079,0.0025726655461727178,-0.000456071995562235,
1978-03,OLS,4,2300,0.07670255153924689,0.00031457216435942716,0.0011092723259013841,
1978-04,OLS,4,2282,0.044308417134298776,0.0018526666622934631,0.0021253408851996643,
1978-05,OLS,4,2259,-0.021621672497166736,0.0019380430578377207,0.0008623099684717053,
1978-06,OLS,4,2355,0.08280199692474405,-0.0038345076828535207,-0.0021318985979803446,
1978-07,OLS,4,2336,0.05428675347636478,0.003054642742241748,0.002686550796075138,
1978-08,OLS,4,2331,-0.01797272508782597,0.004037105818425874,-0.0019029288931454616,
1978-09,OLS,4,2328,-0.19709711002748379,-0.0003257278049548871,-0.0014987897026660698,
1978-10,OLS,4,2314,0.06260870375010553,-0.003229044394663879,0.0010290718263939378,
1978-11,OLS,4,2306,0.025451578703038522,-0.004514064791703293,0.0007135785959986718,
1978-12,OLS,4,2284,0.07170604418651053,0.006248890025043513,-0.002055024429633924,
1979-01,OLS,4,2258,-0.037470062648932406,0.0015918484042953189,-0.0009712977143583649,
1979-02,OLS,4,2259,0.1101524816177891,-0.0019622044556261114,-0.0036187369374032444,
1979-03,OLS,4,2252,0.020525140395763062,0.0014591058016536007,-0.001789403098514755,
1979-04,OLS,4,2242,-0.029630630009009635,0.001656794715376303,5.322442046406735e-05,
1979-05,OLS,4,2230,0.09007323309686678,-0.002805544693547278,-0.00627815468693338,
1979-06,OLS,4,2303,0.017232458706037672,-0.00018632804057005763,-1.028408385920816e-05,
1979-07,OLS,4,2287,0.09079428698439161,-0.0027513700310183116,-0.00023761401954131006,
1979-08,OLS,4,2273,0.009319023757365376,-0.0016919506992296785,-0.0020454013251448326,
1979-09,OLS,4,2272,-0.10424514247954625,-0.0009949599044291576,0.0005279772415309453,
1979-10,OLS,4,2264,0.11350297804075249,-0.006686942521730463,-0.0033821722553411186,
1979-11,OLS,4,2248,0.09467698001217666,-0.0030391885873560626,-0.0041276145962991125,
1979-12,OLS,4,2221,0.12974451536677026,0.0014931511016570494,-0.007673636294977758,
1980-01,OLS,4,2199,-0.00534371627748048,-0.0009712008291408855,-0.0031184090323518017,
1980-02,OLS,4,2190,-0.20553885617992723,0.0006321028906280844,0.004704317192446859,
1980-03,OLS,4,2183,0.04890556462236843,-0.0025282988843014966,-0.0006053941089095675,
1980-04,OLS,4,2171,0.061504550162605205,-0.001212798073703203,0.0020785630928903125,
1980-05,OLS,4,2169,0.05320009235343293,-0.002112421014981129,-0.0020899176407366024,
1980-06,OLS,4,2255,0.1154114873840784,-0.004759302574560406,0.0023034005046943004,
1980-07,OLS,4,2250,0.08588446725260472,-0.0037745762596472585,-0.00011056754768346064,
1980-08,OLS,4,2234,0.05216978172387569,-0.002659607752208549,-0.000861342617743521,
1980-09,OLS,4,2231,0.03843122696925816,-0.0021783052872394043,-0.0009776132690854395,
1980-10,OLS,4,2221,0.1628684405115212,-0.01442304061873602,-0.0056572103348792365,
1980-11,OLS,4,2215,-0.08451022903969461,0.0014755392554431028,0.0050029266911117455,
1980-12,OLS,4,2208,-0.06492734969908832,0.009930423321546172,0.0011457163259831061,
1981-01,OLS,4,2171,-0.009542249951218955,0.0033681216868619297,-0.0010275824110428414,
1981-02,OLS,4,2166,0.06116904595398577,0.0009382592943730486,0.0012481236430121369,
1981-03,OLS,4,2156,-0.036142162740796034,0.004286816728684801,0.00631571666383997,
1981-04,OLS,4,2149,0.0029820999660045543,0.0015542736959450497,0.0013163612491674606,
1981-05,OLS,4,2140,-0.07349841348114243,0.007931924143990009,0.0020874599965229404,
1981-06,OLS,4,2277,-0.017465360526784796,-0.000636851095246669,-0.0025197142884213473,
1981-07,OLS,4,2268,-0.13295779732996954,0.00659213951952244,0.0014755127485418767,
1981-08,OLS,4,2247,-0.14044253931036732,0.00456116522003508,0.004468220680436065,
1981-09,OLS,4,2246,0.11304805172593133,-0.00847847380053695,-0.0010581654028557117,
1981-10,OLS,4,2243,-0.0004121147390789026,0.0009189091438831926,0.000820592533528913,
1981-11,OLS,4,2234,-0.07019178788415778,0.0032121231636276933,0.004961252599855507,
1981-12,OLS,4,2224,-0.06357998171326766,0.004196303851124015,0.0026666492355153057,
1982-01,OLS,4,2200,-0.11095387328203309,0.007933493119588856,0.003502309384160228,
1982-02,OLS,4,2183,-0.0717775487417279,0.004824709648947323,0.005455081413178895,
1982-03,OLS,4,2172,0.03807419025202682,-0.0014184291411058786,0.0026145867367590235,
1982-04,OLS,4,2165,-0.06692221609294123,0.002956969138205918,0.0031307021750716178,
1982-05,OLS,4,2147,-0.08446532067305998,0.0064742823279333945,0.003347048084119636,
1982-06,OLS,4,2331,-0.064894064099794,0.0028482916276778535,0.00518252653363499,
1982-07,OLS,4,2327,0.10028772281480068,-0.005780300824247427,-0.0008859869568396637,
1982-08,OLS,4,2307,-0.0333027910587581,0.004142537015674219,0.006468815541141029,
1982-09,OLS,4,2296,0.14127073492219958,-0.004032667131170635,0.0011951647090695534,
1982-10,OLS,4,2287,0.010233481953598564,0.007989217074285591,0.007273101597934716,
1982-11,OLS,4,2278,-0.0006987478148042451,0.001474518874524924,0.0019138459319514624,
1982-12,OLS,4,2249,0.13718080902886498,-0.002411789659474919,-0.006979728644292842,
1983-01,OLS,4,2238,-0.0274760114302505,0.008753539689757485,0.006378438768978165,
1983-02,OLS,4,2227,0.0054403579444845,0.004798545675334585,0.003203955643600008,
1983-03,OLS,4,2217,0.044841839270325874,0.0027143744863071437,0.000948785119520639,
1983-04,OLS,4,2211,0.11444040249582174,-0.0024839851473252217,-0.003853384847347017,
1983-05,OLS,4,2200,0.034089025578322225,0.0009755580715525948,0.001418812341450185,
1983-06,OLS,4,2374,-0.08101669821219955,0.008145429536927443,0.001030048702673369,
1983-07,OLS,4,2361,-0.059043699542168995,0.0032217392799946914,0.0005196373313770688,
1983-08,OLS,4,2352,-0.043849440882959535,0.0035807572210323512,0.004585015462495435,
1983-09,OLS,4,2340,-0.10673785590125776,0.0068380710932780565,0.0013129096314478163,
1983-10,OLS,4,2337,0.01853422099097425,0.0008820688181545886,0.002652977367761879,
1983-11,OLS,4,2326,-0.04884578349388112,0.004572916491582167,0.0003183938441293474,
1983-12,OLS,4,2303,-0.022722275729112403,0.006351177123656552,-0.003476759670384604,
1984-01,OLS,4,2281,-0.07569178309052534,0.003099307369243753,-0.0012795275153819577,
1984-02,OLS,4,2273,-0.023561678826539346,0.004097054186663912,0.001233916844382253,
1984-03,OLS,4,2257,-0.05355158613662106,0.0027998207129247077,0.0032635382240292225,
1984-04,OLS,4,2246,-0.09640577384772643,0.004090057562372309,0.0036456203690275937,
1984-05,OLS,4,2226,-0.003569082066225692,-0.0016377698270035835,0.005250481433059703,
1984-06,OLS,4,2495,-0.11162740302558276,0.004122788291024036,0.005908970279767329,
1984-07,OLS,4,2483,0.10568279081856712,-0.005223808045136861,0.0033051056678680803,
1984-08,OLS,4,2458,-0.04803482792947596,0.004929484115503092,0.0010314492457312598,
1984-09,OLS,4,2439,-0.07677476372852711,0.002409758897036076,0.005026398999529941,
1984-10,OLS,4,2418,-0.08941077374120304,0.004478552255649373,0.004332955051085672,
1984-11,OLS,4,2403,-0.01916718473828249,-0.0008265620936853242,0.004161099542214311,
1984-12,OLS,4,2379,0.14690979309611618,-0.005590190049268563,-0.0002444777166274299,
1985-01,OLS,4,2358,0.03999330832871188,-0.0010067930178537829,0.00019563787720095494,
1985-02,OLS,4,2349,-0.042471397444253975,0.0029225626643249827,0.00029023276043757914,
1985-03,OLS,4,2338,-0.05327143482630097,0.003503513214997188,0.001533353496179049,
1985-04,OLS,4,2320,-0.0068173314925250895,0.00079437589150595,0.004559914315380415,
1985-05,OLS,4,2297,-0.030883271729173923,0.0009790483765938045,0.0037353308651831433,
1985-06,OLS,4,2524,0.019483599744267922,-2.2067476573555268e-05,-0.000493831024269994,
1985-07,OLS,4,2504,-0.020423762319184788,0.001140170299845396,-0.0001093141407599517,
1985-08,OLS,4,2492,-0.09963943981910954,0.003513370905495495,0.003971584921540793,
1985-09,OLS,4,2473,-0.010077766466884379,1.792533387366844e-05,0.00396719961113041,
1985-10,OLS,4,2451,0.02384569500290653,-0.0010609915467313766,0.005345179131676022,
1985-11,OLS,4,2432,-0.01198344538487812,-0.000640600935595264,0.00637996784198322,
1985-12,OLS,4,2416,0.04112639600129548,-0.002206652014962209,-0.0009482413677497429,
1986-01,OLS,4,2401,0.044032878744447,-0.0020024694567139074,0.0040157736855503615,
1986-02,OLS,4,2382,0.008604370013391061,0.003780072177220064,0.0023529633937286808,
1986-03,OLS,4,2363,-0.010534839271030404,-0.000267876536410311,0.0029165835300237475,
1986-04,OLS,4,2343,0.002991031119020129,0.0006632074806224985,0.004530923583164397,
1986-05,OLS,4,2320,-0.020067547032187615,0.000757785869739901,0.003232528178001984,
1986-06,OLS,4,2589,-0.12213230681496468,0.0038200973299269457,0.0025028725668359278,
1986-07,OLS,4,2577,0.025419240461037843,0.0016607045087412985,-0.0026960394401599032,
1986-08,OLS,4,2562,-0.07383954524899297,0.005699263912667917,-0.0031659954875500602,
1986-09,OLS,4,2534,0.0560593014611087,-0.005452537979065541,0.0012314426024883425,
1986-10,OLS,4,2503,-0.04228553297557361,0.0017596947688620277,0.0055662156341646455,
1986-11,OLS,4,2454,-0.08381930048084536,0.004409681161942167,0.004325292753715189,
1986-12,OLS,4,2427,0.1579085999447207,-0.0028481381511565136,-0.003937720444192659,
1987-01,OLS,4,2417,0.09924560670039839,-0.0041984805738591105,-0.00019596511102365987,
1987-02,OLS,4,2397,0.05370802360572718,0.002073702596430798,-0.00573534274110065,
1987-03,OLS,4,2376,-0.020188459972583322,0.001634660211807679,-0.0013310018292242843,
1987-04,OLS,4,2367,0.00588419190806434,0.001475233210459424,-0.0012377794256034933,
1987-05,OLS,4,2349,0.006908166994838002,0.0016345486867158565,0.0017633238107956045,
1987-06,OLS,4,2700,0.024099057415447225,0.006858262732641822,-0.002933433300077423,
1987-07,OLS,4,2677,-0.026273201349776287,0.0011628799533709825,0.005799922708511132,
1987-08,OLS,4,2657,-0.033569452846683785,0.00242165454766877,0.001282195703731721,
1987-09,OLS,4,2632,-0.3338803260696927,0.00430871100239337,0.00222586662137505,
1987-10,OLS,4,2605,-0.08215062449017202,0.0033624828889233104,0.0014788666384743226,
1987-11,OLS,4,2583,0.023766326776440107,-0.002236041102746976,0.006770769702741805,
1987-12,OLS,4,2561,0.07509494661406316,0.000646212929041387,-0.0025422177646258364,
1988-01,OLS,4,2541,0.052907735037070844,0.0007774181850754849,0.003067956578894006,
1988-02,OLS,4,2524,0.014142655712403326,0.003683074555883215,0.0009467784335750438,
1988-03,OLS,4,2499,0.003047649437397236,0.0020366514410688026,0.00014866275484523884,
1988-04,OLS,4,2475,-0.0629168427937936,0.0044701878565849545,0.0029588056247177898,
1988-05,OLS,4,2450,0.04219516430792544,-0.0005385794298894269,0.0022845363692200918,
1988-06,OLS,4,2552,-0.024499994595208362,0.002278965897917393,0.0002542183771585771,
1988-07,OLS,4,2527,-0.06002608309028484,0.00319046948544984,0.0022920218715944754,
1988-08,OLS,4,2508,0.016908180343220402,-0.0018805104407981818,0.0022143008036424336,
1988-09,OLS,4,2480,-0.045391241790530626,0.0019825982717628244,0.0030101301242775585,
1988-10,OLS,4,2456,-0.0698348595362867,0.0019879785252115037,0.0022738663339667924,
1988-11,OLS,4,2430,0.019110313139212267,-0.0004726087216455525,0.0019977211728256492,
1988-12,OLS,4,2408,0.049870316327641696,0.0013276673851110058,-0.0006119676650826139,
1989-01,OLS,4,2385,-0.025102753225106095,0.002023538239726322,0.002072423537142882,
1989-02,OLS,4,2367,0.018199125807864966,0.0009128270519627734,-0.0004340795807837491,
1989-03,OLS,4,2357,0.03584225971525162,-0.0007649006449955385,-0.00030040411606351263,
1989-04,OLS,4,2333,0.012628493423921574,0.0004150451155714736,0.002214584737996943,
1989-05,OLS,4,2308,-0.048751848821256924,0.00438283127734169,0.00032340928638567015,
1989-06,OLS,4,2591,0.033397777354270755,-0.0028613456734708016,0.0010042310538331684,
1989-07,OLS,4,2562,0.004679637206444408,0.0014193041554891024,-0.00014513327652717383,
1989-08,OLS,4,2542,0.004432477392206211,-0.002259473819773229,0.0004912354815791741,
1989-09,OLS,4,2522,-0.058286358406679076,-0.0016048471362769387,0.0008041823969044657,
1989-10,OLS,4,2499,0.006856818739564661,-0.0023551056417942503,-0.002419711148409405,
1989-11,OLS,4,2484,-0.012793548426423714,-0.0005088323868774967,0.0010037877854204528,
1989-12,OLS,4,2449,-0.07328440102962565,0.003436263832157347,-0.001678369504370976,
1990-01,OLS,4,2436,0.016161447749680685,0.001822627351573938,-0.0016424781234103,
1990-02,OLS,4,2421,0.010643483716818615,0.0008207792458438608,0.0028233985070634177,
1990-03,OLS,4,2406,-0.03794721639299981,-0.00089254367889806,0.002237581250462453,
1990-04,OLS,4,2390,0.0828939182048282,-0.0055199485149222864,-0.00010924668658396739,
1990-05,OLS,4,2364,0.0192431857068497,-0.0030195684287810088,-0.0003140077359146011,
1990-06,OLS,4,2701,-0.02486153337496496,0.0015423468212136461,-0.0034763817288240946,
1990-07,OLS,4,2679,-0.14556869975855152,0.0056015882111468416,-0.002340708163567464,
1990-08,OLS,4,2669,-0.09418753213719,0.0032038079607116733,-0.001435466266801682,
1990-09,OLS,4,2653,-0.07423830566821882,-0.00010035754884109928,0.0021820713652576152,
1990-10,OLS,4,2651,0.06255415732449307,-0.006438285415121626,0.0023934637663578597,
1990-11,OLS,4,2638,-0.009592057346973186,-0.0030880543273366463,0.005111945666797978,
1990-12,OLS,4,2615,0.08210930556962834,0.002751688770119194,0.000193728780135344,
1991-01,OLS,4,2603,0.16850561782630818,-0.005284647992978369,-0.002887869601404235,
1991-02,OLS,4,2587,0.06286423565784327,0.0009385135829266432,0.0027404602772443457,
1991-03,OLS,4,2569,-0.0009283854321586703,-0.0006310338880092225,0.003705480749960599,
1991-04,OLS,4,2555,0.03853169554617556,-0.002513460040099143,0.0017506940608476333,
1991-05,OLS,4,2548,-0.05573794157053893,0.0014258629989993665,0.0011042400426605618,
1991-06,OLS,4,2704,0.04481404425517646,-0.0026229271762188986,-0.00014376021991786836,
1991-07,OLS,4,2688,-6.218700410888694e-05,0.00047804307502442855,0.004344580813395813,
1991-08,OLS,4,2682,0.005784250348963252,-0.0009279721946089244,-1.2725174180209589e-05,
1991-09,OLS,4,2667,0.04767103831207119,-0.002698965837323099,-0.001489379821036083,
1991-10,OLS,4,2652,-0.04511580136144667,0.00022525536358172438,0.002220993777506583,
1991-11,OLS,4,2635,0.06308765848159047,-0.005782895337918781,0.0021933703983396126,
1991-12,OLS,4,2614,0.06967779088331644,0.011844430946528001,0.001365549371722983,
1992-01,OLS,4,2604,-0.014087162998222151,0.0069003064561303055,0.00516489434822788,
1992-02,OLS,4,2593,-0.07249123740204438,0.008098787381206592,0.00278940621318094,
1992-03,OLS,4,2580,-0.053548670874059824,0.003397075030385356,-0.0009471770916798218,
1992-04,OLS,4,2561,-0.015238754143707909,0.0024488887889185943,-0.0005570950304241882,
1992-05,OLS,4,2522,-0.06337095100215097,0.0031131430791614613,-0.0007297886878909355,
1992-06,OLS,4,2661,0.030175593988910527,-0.0004440165110582342,-0.0013228210830657226,
1992-07,OLS,4,2637,-0.04610633058023684,0.0007665801976844213,0.002164263259704768,
1992-08,OLS,4,2629,0.02992497949182907,-0.0006084089090912145,-0.002163130422556534,
1992-09,OLS,4,2609,-0.008956212291491504,0.0008664804827758223,0.00449970548040228,
1992-10,OLS,4,2601,0.053962504982773905,-0.0012536502042995576,0.005371214833744543,
1992-11,OLS,4,2594,-0.015452018708559978,0.005223413862150081,0.0035488070839646336,
1992-12,OLS,4,2581,0.011659588962530042,0.007975397234092265,0.00022195466557850129,
1993-01,OLS,4,2568,-0.05198441005666498,0.008587205368137943,-0.0015397398610473875,
1993-02,OLS,4,2555,0.010664490838281419,0.003097678771354471,-0.00099747457021701,
1993-03,OLS,4,2540,-0.030974931217811565,0.003523801505279952,-0.003180475599215607,
1993-04,OLS,4,2532,0.05586885979489817,-0.0003278628723525698,-0.00047184140989784583,
1993-05,OLS,4,2521,0.0011978859601843143,0.0024623301168121016,-0.0016649413508742748,
1993-06,OLS,4,2723,-0.011780718343068382,0.003623195378852936,-0.000885611403106177,
1993-07,OLS,4,2711,0.08981445158906072,-0.00484887185073322,-0.003850712350098916,
1993-08,OLS,4,2704,-0.0012253346042163168,0.0019645359299835614,0.0021900983810266435,
1993-09,OLS,4,2696,0.04076152666542339,0.0019133749397163243,-0.0012315777331429923,
1993-10,OLS,4,2683,-0.06039195680969683,0.0036426088590217026,0.0046743573584868015,
1993-11,OLS,4,2668,0.006859807631141894,0.00023016455446182328,0.0014792320849112846,
1993-12,OLS,4,2651,0.03748109654084999,0.00630857030592211,-0.0033764189029680414,
1994-01,OLS,4,2632,-0.037269917926754825,0.0046632304945139385,0.00254748036370372,
1994-02,OLS,4,2617,-0.079529633854407,0.004543207426561551,0.00149361363397507,
1994-03,OLS,4,2601,-0.03670994299246528,0.003344085060782018,0.0014354458601732768,
1994-04,OLS,4,2583,-0.0017571651472955926,0.0011581414376117807,-0.0013648591254430366,
1994-05,OLS,4,2574,-0.061725154658577364,0.003968279781973569,0.0011273439926329564,
1994-06,OLS,4,2819,0.011471545711899319,0.0007523383414426878,-0.0005122785625313533,
1994-07,OLS,4,2801,0.026706746799041867,-0.0006450291644867343,0.0030081500985220714,
1994-08,OLS,4,2785,-0.021982747805174167,0.003563744347475965,0.0021023645469711587,
1994-09,OLS,4,2774,-0.028238884031747364,0.0026051710215181942,0.003586045280289502,
1994-10,OLS,4,2759,-0.08222636947591987,0.002970443065645052,0.005130385787178835,
1994-11,OLS,4,2737,-0.03987504082233685,0.00126676246235377,0.002663483007654872,
1994-12,OLS,4,2725,0.04780385438361641,-0.0017580267546270627,-0.0015931422099230406,
1995-01,OLS,4,2711,0.028305416517655793,-0.0002936021792421966,0.0007214236659168097,
1995-02,OLS,4,2691,0.023759509786287013,-0.0013921665227343578,0.00024336951911080264,
1995-03,OLS,4,2677,-0.0016669370985066992,0.0029355553858498016,0.002065912905012081,
1995-04,OLS,4,2654,0.026427489056104623,0.0005497155345571916,-0.002266428877447973,
1995-05,OLS,4,2642,0.07308569150739412,-0.005663269248608852,0.0015658400944192127,
1995-06,OLS,4,3011,0.04459412827650768,-0.002394942758897347,0.003823447975803882,
1995-07,OLS,4,2991,0.040474620900427354,2.427991616439074e-05,-0.002215231446805455,
1995-08,OLS,4,2973,0.024454622857430122,0.00031392826802773433,-7.134114595464843e-05,
1995-09,OLS,4,2952,-0.08514331710339758,0.001597449096210148,0.002782489638700254,
1995-10,OLS,4,2934,0.028970832325140933,-0.0026951049172371025,-0.0004362225799641639,
1995-11,OLS,4,2921,0.03987792057329139,-0.0013869612558943456,-0.005036785751785963,
1995-12,OLS,4,2897,0.043461345498277806,0.0007871799423388888,-0.004565857221473582,
1996-01,OLS,4,2876,0.02252024450203893,0.00032384638060560387,0.002194578659152266,
1996-02,OLS,4,2860,0.025281674923417787,0.0005034708389663046,5.3993402447896036e-05,
1996-03,OLS,4,2844,0.04959945192313691,0.0010243749571646034,0.0018345649045208522,
1996-04,OLS,4,2822,0.04473536478298585,0.0030705483384185273,0.0025108570076519746,
1996-05,OLS,4,2810,-0.06056636724972032,0.003607311909496824,-0.0003540642559464132,
1996-06,OLS,4,3201,-0.13954890178946985,0.00623933627213333,0.0018162898030134645,
1996-07,OLS,4,3174,0.05382054761597158,-0.001348885621074994,-0.0015325937414313615,
1996-08,OLS,4,3152,0.03776617165959945,-0.002258083297286615,0.00014013212786627774,
1996-09,OLS,4,3137,-0.06591157367469327,0.005818176087293933,0.0013749269846160914,
1996-10,OLS,4,3125,0.011365174186662724,0.0009812257718057145,0.001235866001412882,
1996-11,OLS,4,3097,-0.019871965785116182,0.0020119190866508263,0.0004928243131002469,
1996-12,OLS,4,3071,0.08859102054455004,-0.0027368129357638496,-0.0022530367827789527,
1997-01,OLS,4,3046,-0.0689431370926432,0.006132259576894278,0.0020022417205523943,
1997-02,OLS,4,3032,-0.10013779937910083,0.008317000446816753,0.0010803230820869937,
1997-03,OLS,4,3011,-0.053153936593695814,0.001978192625469895,0.003113841916967991,
1997-04,OLS,4,2993,0.13218650690754163,-0.006184246197472788,-0.000491024001013247,
1997-05,OLS,4,2968,0.012343027350937575,0.003403458524919917,0.001141598781288332,
1997-06,OLS,4,3231,0.03891982718638376,-0.000606789216377681,0.002341141259699782,
1997-07,OLS,4,3205,0.03396066141206303,-7.41636456902442e-05,0.00010930253779280195,
1997-08,OLS,4,3182,0.09387140930794538,0.0014431686232323773,-0.00409613152188984,
1997-09,OLS,4,3148,-0.05697204964681684,0.00445926833938452,0.0007800731999120048,
1997-10,OLS,4,3130,-0.07192565480618839,0.002835453050453646,0.006091895543000513,
1997-11,OLS,4,3092,-0.0545644416045346,0.0007606481075484031,0.0013689381726079463,
1997-12,OLS,4,3055,0.006929345751942409,0.0009419861333010231,-2.064188394129257e-05,
1998-01,OLS,4,3032,0.054760461839652705,-0.0005523315845810398,0.0023748820067753746,
1998-02,OLS,4,2996,0.02797511387342858,0.0025155595784774084,7.824016147459629e-05,
1998-03,OLS,4,2969,-0.015021337645465068,0.0034529761508698036,0.0027555221570347366,
1998-04,OLS,4,2949,-0.0910951785668271,0.005486348333363348,0.0029199675411738157,
1998-05,OLS,4,2908,-0.06600813720796309,0.00011185692631215375,0.006142327773020702,
1998-06,OLS,4,3143,-0.09604342322455002,0.0027815289106360823,0.0024103557029202566,
1998-07,OLS,4,3110,-0.2612391237506924,0.006144997401642642,0.0049430162510871985,
1998-08,OLS,4,3070,0.10347207632246871,-0.008731970442185263,-0.002941603665329578,
1998-09,OLS,4,3025,0.09078828658914938,-0.007435519672264547,-0.0010687819191804611,
1998-10,OLS,4,2994,0.010461312777658296,0.0016350922333779213,0.010143837364588616,
1998-11,OLS,4,2966,-0.012862741852494352,-0.0016148501454490312,0.007549437416292388,
1998-12,OLS,4,2917,0.01535033556770974,0.0048098020049535326,0.002371859953797531,
1999-01,OLS,4,2890,-0.07593857505707888,0.0016995175197233466,0.0018065355784909903,
1999-02,OLS,4,2853,0.0419942762201757,-0.005498417882699862,-0.005397761695674572,
1999-03,OLS,4,2827,0.11727019578891897,-0.00017677288798736428,-0.0044824594132729404,
1999-04,OLS,4,2799,0.014985666230322806,0.0021798284981311977,0.0028254522524338,
1999-05,OLS,4,2761,0.03383483774717773,-0.000788066136004202,0.002515603326332378,
1999-06,OLS,4,3121,-0.008620400007146596,0.0035692692799086678,-0.0003142658705517266,
1999-07,OLS,4,3088,-0.04404223604424965,0.0006780381688314865,0.0014251878366545777,
1999-08,OLS,4,3051,-0.009056322597817154,-0.004529069676318265,0.002268099887386479,
1999-09,OLS,4,3025,-0.01927442917706554,-0.004161948153230751,0.004379528694956691,
1999-10,OLS,4,2980,0.0987959763165921,-0.002629294151301896,0.0009828176599007029,
1999-11,OLS,4,2943,0.16395854879611405,-0.00986412954205081,-0.003736203716537356,
1999-12,OLS,4,2922,0.004290401714313874,0.011323309137974337,-0.0028044884386034057,
2000-01,OLS,4,2890,0.13104894838191627,0.00046798629663552483,0.0004121673641235219,
2000-02,OLS,4,2859,0.03270998162575134,-0.001057119976704911,-0.0018801467504150568,
2000-03,OLS,4,2827,-0.08767985531463159,0.002681859465474179,-0.0005134078078222653,
2000-04,OLS,4,2804,-0.05812131891224223,0.0005774203687946286,-0.001218672889574092,
2000-05,OLS,4,2769,0.10326726490323267,-0.004254693541832697,-0.0026857564036088136,
2000-06,OLS,4,3057,-0.08620896298236062,0.010742536541547672,0.00033243675562812444,
2000-07,OLS,4,3022,0.12040199589838219,-0.00792191638946917,-0.002279107037405948,
2000-08,OLS,4,2990,-0.0940099583467757,0.006422612839751994,0.0021248930923384803,
2000-09,OLS,4,2943,-0.08504922984019343,0.0002948682631764104,0.004701153418294366,
2000-10,OLS,4,2904,-0.2169774504873481,0.012989739215497282,0.005495677794851275,
2000-11,OLS,4,2866,0.009328063757752626,0.0014109155610891881,-0.0049737931017940894,
2000-12,OLS,4,2823,0.2733109136239144,-0.009370264293373632,0.0014012365146860689,
2001-01,OLS,4,2798,-0.18446582921197266,0.01703729607687793,0.005115596142762897,
2001-02,OLS,4,2770,-0.11772707544734978,0.009097051995652637,0.0006520008728088098,
2001-03,OLS,4,2735,0.13804280869955776,-0.010177647802420692,-0.0017706360309843517,
2001-04,OLS,4,2699,0.030340059428784063,0.0073960213523212,-0.00027039768532487586,
2001-05,OLS,4,2671,-0.017093516064293487,-0.00026049045340023527,0.005359581001367003,
2001-06,OLS,4,2840,-0.08993516005369823,0.006996637775007715,0.005316636812784836,
2001-07,OLS,4,2790,-0.08676245344834585,0.005222060919762283,0.0041262022196265,
2001-08,OLS,4,2777,-0.19304027913435154,0.0030682506624018896,0.006207538811734666,
2001-09,OLS,4,2759,0.1257527540224004,-0.008888968659021458,0.0001273392066917335,
2001-10,OLS,4,2734,0.056287431150871516,-0.001536399632046021,0.005477726262618669,
2001-11,OLS,4,2712,0.04476244129747225,0.0010148057432106646,0.0021485859360048146,
2001-12,OLS,4,2686,-0.09146965948274356,0.013538857717485284,0.00922665979871292,
2002-01,OLS,4,2660,-0.06499163566123649,0.004379196688706129,0.0027709410441535518,
2002-02,OLS,4,2640,0.08019128520147037,0.003383440164415317,-0.0011156307589566745,
2002-03,OLS,4,2616,-0.10583216450819839,0.0141412174376399,0.006796834904431292,
2002-04,OLS,4,2600,-0.06650627831885243,0.006913977221013121,0.0030583203869394707,
2002-05,OLS,4,2571,-0.14443754580810989,0.008223840124197341,0.005144380062233055,
2002-06,OLS,4,2765,-0.1336531429452428,0.0014140616213483765,-0.0009010297000141242,
2002-07,OLS,4,2743,-0.02439681445768836,0.00025389970800739466,0.00325279339656154,
2002-08,OLS,4,2729,-0.12543205067572424,0.001929905709917784,0.004186825378686288,
2002-09,OLS,4,2698,0.10120367030684545,-0.009316013579688845,0.00011953416533983867,
2002-10,OLS,4,2675,0.19321031024678595,-0.0027726393124864667,-0.007774160259119918,
2002-11,OLS,4,2655,-0.11536619470224062,0.006126302344024592,0.004518190934787398,
2002-12,OLS,4,2625,-0.03762231536270608,0.002888532420140357,0.002227391480108151,
2003-01,OLS,4,2606,-0.05697013925919175,0.002549011403695651,0.0030861677728249537,
2003-02,OLS,4,2573,0.008790945247972297,-0.001844610392690817,0.0015424086317534853,
2003-03,OLS,4,2557,0.1514708306087735,-0.004470462440981241,-0.0041393015545417135,
2003-04,OLS,4,2533,0.2217523927514632,-0.006153292385582142,-0.009728366377733114,
2003-05,OLS,4,2515,0.006790340187723445,0.0052496637178090335,0.003177218942467034,
2003-06,OLS,4,2748,0.010100631131248577,0.006566270858559985,0.0066055372453198286,
2003-07,OLS,4,2723,0.04721884972590852,0.002037798042695026,0.00016339342595839278,
2003-08,OLS,4,2704,-0.022846945772513918,0.008275591136828414,-0.0007834065693207137,
2003-09,OLS,4,2690,0.03779170002094212,0.007341196440665107,0.0035448068936316775,
2003-10,OLS,4,2671,-0.0002632088719567194,0.00447473864516863,0.0033761280306489087,
2003-11,OLS,4,2652,0.054648336908257385,0.0035232544728507086,-0.006400383276114587,
2003-12,OLS,4,2630,0.03452353475196979,0.008312224866247171,-0.0013090800809712597,
2004-01,OLS,4,2616,-0.022013826108649697,0.0026640805304236404,0.003199696883023502,
2004-02,OLS,4,2601,-0.022876823549052367,0.002607778234313892,0.002530326178120938,
2004-03,OLS,4,2583,-0.031230235134977382,-0.0003071557067180532,0.001323316436620976,
2004-04,OLS,4,2570,0.00530582116721628,-0.0008423342382763857,0.0006868129970978261,
2004-05,OLS,4,2549,0.02256495496133329,0.0019307755051434466,-0.0003249028438012313,
2004-06,OLS,4,2632,-0.13235643526156704,0.008756307141119028,0.0020195502636504055,
2004-07,OLS,4,2617,-0.030764023026830848,0.0014206304210769944,-8.158698509128776e-05,
2004-08,OLS,4,2610,0.04577961514363259,-5.847509526933067e-05,-0.0002849435973585898,
2004-09,OLS,4,2595,0.021596126588200093,-0.001429357602935579,0.0008039229344193884,
2004-10,OLS,4,2578,0.07336830155577918,0.0027688838311169506,0.0010526914017642986,
2004-11,OLS,4,2559,0.07122943283439587,-0.00046402300006494814,-0.0006926794889579708,
2004-12,OLS,4,2540,-0.07458516130759042,0.003934491233922023,0.0031187226166496176,
2005-01,OLS,4,2529,0.012542680527911569,0.001923196448768943,-0.0013909716006625754,
2005-02,OLS,4,2513,-0.09054666981771664,0.005929780964974358,0.005747126978805783,
2005-03,OLS,4,2497,-0.07347929155199293,-0.00013873666524956066,0.001798644724654589,
2005-04,OLS,4,2479,0.06722321132864828,-0.003160327464596092,0.0006926927406178547,
2005-05,OLS,4,2465,-0.0019012212990627327,0.004431200382160804,0.0011945260857413756,
2005-06,OLS,4,2521,0.07149595856117928,0.001359810776221288,-0.001582031153334928,
2005-07,OLS,4,2502,-0.02450496947533903,0.002369450431679752,-0.0006747824886680362,
2005-08,OLS,4,2487,0.0153020580553899,-0.0002483836892566725,-0.001743449677224877,
2005-09,OLS,4,2466,-0.04575510806154172,-0.00026159791811859436,0.0024243154447045347,
2005-10,OLS,4,2451,0.029940296393964734,3.268074102349747e-05,0.001635955435430665,
2005-11,OLS,4,2433,-0.0049897075430841145,0.0009725229911572591,0.001286939690012204,
2005-12,OLS,4,2411,0.11239542459604887,-0.0003093844613701012,-0.005264677195366547,
2006-01,OLS,4,2398,-0.011455039439129882,-6.963462979134889e-05,0.0019937714978068765,
2006-02,OLS,4,2381,0.027768764074911335,0.0029195999905841223,-1.2343528719392852e-05,
2006-03,OLS,4,2370,-0.017156821910833824,0.0040117465469635604,0.0003183050626588302,
2006-04,OLS,4,2351,-0.08458202257758637,0.0034978116334993693,0.0014491492229085343,
2006-05,OLS,4,2337,-0.030727389498095642,0.0016681975868292763,0.0011392110221402822,
2006-06,OLS,4,2439,-0.0776021796449487,0.0030691257670790563,0.0032407698190771803,
2006-07,OLS,4,2426,0.052815179622760465,-0.003138352840137369,-0.0024286603734062716,
2006-08,OLS,4,2414,-0.05010102651877395,0.0032065198316663505,0.007574433670834178,
2006-09,OLS,4,2397,0.062308177686256,-0.001160953047557013,-0.0014796001935577952,
2006-10,OLS,4,2381,0.0418619096185881,-0.0004536011316724503,-0.0026484592737070147,
2006-11,OLS,4,2360,-0.0312693091917868,0.004921798236592832,0.002562982729728725,
2006-12,OLS,4,2330,0.014151785268741366,0.0009883478990438859,0.0011854544637525841,
2007-01,OLS,4,2317,-0.008730239022639886,0.0018060074665749303,0.0004349318985274645,
2007-02,OLS,4,2299,0.004358383718099039,-0.0011394574921202378,0.001049771497901201,
2007-03,OLS,4,2278,0.053105835876223424,-0.0021303731498675906,-0.0027607765634441095,
2007-04,OLS,4,2259,0.02483967789627182,0.00010200293875974018,0.00024895968773216396,
2007-05,OLS,4,2235,-0.016600446409165883,0.0012101782743614905,0.0006506732074653248,
2007-06,OLS,4,2367,-0.05010893192867459,0.0001767062294923766,0.000608792560201205,
2007-07,OLS,4,2342,0.021145742827687372,-0.005736409794545455,-0.0015024648570568894,
2007-08,OLS,4,2324,0.04441723870841021,-0.004553786427166345,-0.0016028334095665724,
2007-09,OLS,4,2300,0.06690214969316721,-0.0048273950660413225,-0.003726436596758432,
2007-10,OLS,4,2275,-0.08937505160337089,-0.0021355782642953824,0.0024608843157141514,
2007-11,OLS,4,2250,-0.005541312369062239,-0.001051891855484099,-0.00017733953383298472,
2007-12,OLS,4,2240,-0.07106489510750338,0.0023204774686270725,-0.0006429404848607215,
2008-01,OLS,4,2228,0.005085893839888609,-0.0013858891600482591,-0.0027197148169407033,
2008-02,OLS,4,2212,-0.02753456801594367,0.001165715917560168,0.0012617711770150496,
2008-03,OLS,4,2196,0.043455456825231,-0.001841352526826725,-0.0005511012688359968,
2008-04,OLS,4,2174,0.061545939301887544,-0.0008531397319161875,-0.0023192621073700567,
2008-05,OLS,4,2167,-0.09715500089511721,0.0022662607213380396,2.35622180219936e-05,
2008-06,OLS,4,2323,0.001829656993616316,-0.002238251144130311,0.0023050750139412403,
2008-07,OLS,4,2306,-0.02208591119756565,0.003589723160298493,0.005825989126011477,
2008-08,OLS,4,2292,-0.17362920298396356,0.000965269621386551,0.007752574630507967,
2008-09,OLS,4,2274,-0.2540092476512995,-0.0021747152233068854,0.005586099857572753,
2008-10,OLS,4,2258,-0.08250433308031518,-0.009215738627159121,-0.0021723962089840276,
2008-11,OLS,4,2242,0.06147928744141067,-0.0026457505854798695,-0.001118927678275936,
2008-12,OLS,4,2228,0.007339129035316869,-0.0039686918617530586,-0.004173932049268723,
2009-01,OLS,4,2215,-0.12183075877722155,-0.00507095074652102,0.0074209538246373845,
2009-02,OLS,4,2198,0.08934654580550444,0.0036466269872649265,0.001752709880995159,
2009-03,OLS,4,2180,0.1751710870992937,0.014263876279747435,-0.001259332153251519,
2009-04,OLS,4,2167,0.09102372975104094,0.006209562889855926,-0.007356683761934659,
2009-05,OLS,4,2153,0.027698603794691745,0.000645444501278395,0.0018875617508582639,
2009-06,OLS,4,2286,0.08071932623064837,0.007029559872418912,-0.002866511932631594,
2009-07,OLS,4,2276,-0.031485175443465775,0.017749513423474073,0.0010074077915732023,
2009-08,OLS,4,2267,0.07819831941710237,0.004501912352795537,-0.003418869429512986,
2009-09,OLS,4,2252,-0.098824284251743,0.0008591934944598711,0.006876199327960189,
2009-10,OLS,4,2232,0.0352680482051047,0.001984398018086105,-0.002949719748716032,
2009-11,OLS,4,2221,0.07943415473124385,0.0009963292726080592,-0.00139082385405607,
2009-12,OLS,4,2209,-0.03966626251590189,0.004038651795158877,-0.00039029535222473227,
2010-01,OLS,4,2190,0.013955747831094536,0.0030756242663484306,0.0029871484696756025,
2010-02,OLS,4,2178,0.022145267613724953,0.006912945043613609,0.004559869691351173,
2010-03,OLS,4,2164,0.024548635039725993,0.008955656484530616,3.70090350708812e-05,
2010-04,OLS,4,2157,-0.07847750845434338,-0.0028503112359834584,0.002892620112326971,
2010-05,OLS,4,2151,-0.04622205764089981,-0.005715346211738093,0.0006465996797486201,
2010-06,OLS,4,2273,0.10759213939180619,-0.002100943865707804,-0.005189231091125947,
2010-07,OLS,4,2257,-0.06645384798466464,-0.0016426970090832667,0.0013697531179979832,
2010-08,OLS,4,2246,0.105403572461286,-7.535884268486306e-05,0.0033586623395463846,
2010-09,OLS,4,2230,0.05319806864057147,0.00024448155709842366,-0.0010568882267281321,
2010-10,OLS,4,2212,0.023352067249070005,0.0015032734768206206,0.0002668028917939581,
2010-11,OLS,4,2188,0.11112573121264063,4.2927205375792576e-05,-0.00522182275406349,
2010-12,OLS,4,2171,0.018493008983255406,0.0027052126671938204,-0.0023934409677955934,
2011-01,OLS,4,2160,0.04755596035662387,0.0019877697993626133,-0.0015275487078646472,
2011-02,OLS,4,2148,0.03190496653387875,-0.0025111252861089507,0.0006258062749496171,
2011-03,OLS,4,2134,0.023155485216426002,-0.0027199982667464816,0.0023876052682020744,
2011-04,OLS,4,2120,-0.02109545684599657,-0.001984441786687129,0.002632750052534616,
2011-05,OLS,4,2094,-0.05024706209891141,0.0022332702619033305,0.0030905084233414136,
2011-06,OLS,4,2152,-0.06432025404700346,0.0040597923241366685,0.0030293988012177913,
2011-07,OLS,4,2142,-0.09743535023631252,-0.0027877524000015064,0.0032167562079056158,
2011-08,OLS,4,2134,-0.1640496054339188,0.001145435017707779,0.008591320207896014,
2011-09,OLS,4,2121,0.197435028545214,-0.00584438800519301,-0.00559227511197597,
2011-10,OLS,4,2108,-0.011621238667826128,0.0003547533159599243,-0.00023691162844648053,
2011-11,OLS,4,2094,-0.028644984504641792,0.00307166711062964,0.0023798835648183724,
2011-12,OLS,4,2082,0.13570051887586312,-0.002944620281628071,-0.004929961766894054,
2012-01,OLS,4,2072,0.036842778273404035,0.0008631571382792077,-0.0006894105004513545,
2012-02,OLS,4,2065,-0.014314530450045602,0.002575441461669024,0.0050408638030365535,
2012-03,OLS,4,2053,-0.02297539667047474,0.0011361908087773689,0.0006871604809838985,
2012-04,OLS,4,2045,-0.11382195078360974,0.002017302903130632,0.004821140082955361,
2012-05,OLS,4,2035,0.056482598388469266,-0.00020613506139065407,-0.00288981603843018,
2012-06,OLS,4,2090,0.004455163488513423,-0.0015418491422391207,-0.0013933777653831363,
2012-07,OLS,4,2076,0.038311212250432936,-0.0016984251730561518,0.00031716050847319083,
2012-08,OLS,4,2067,0.04066995889175504,0.0005898508991462276,-0.0015013747737754265,
2012-09,OLS,4,2052,-0.042141994604038814,0.0022971973631170685,0.001103654973643239,
2012-10,OLS,4,2039,-0.0009718998442336998,0.0010336260468065865,0.0009302938899582332,
2012-11,OLS,4,2022,0.016030044103764244,0.002303478627455251,0.00011777448699696116,
2012-12,OLS,4,2015,0.066449643692474,0.0023730257345505705,-0.0017108483303924925,
2013-01,OLS,4,2006,-0.010499677500421434,0.0020984165584715057,0.0010430588404936158,
2013-02,OLS,4,1998,0.04832238569034531,-0.00039737665161255055,-0.0007277645096202275,
2013-03,OLS,4,1989,0.0044412407208462385,-0.002502963105163075,0.0013994554777462846,
2013-04,OLS,4,1978,0.03540976663066187,0.0033419580872900766,0.0007949887593662323,
2013-05,OLS,4,1965,-0.03754013946905832,0.0026036781170406752,0.0033569847138411593,
2013-06,OLS,4,2057,0.08883739612494793,-0.0009940375916092337,-0.0016705488973345188,
2013-07,OLS,4,2043,-0.027739480475577595,0.0016895086440844242,0.000101980887739321,
2013-08,OLS,4,2034,0.07252520345871175,0.0010157721094500376,-0.0025719846686371984,
2013-09,OLS,4,2018,-0.016016016597127133,0.005744154390845022,0.0033816200123237385,
2013-10,OLS,4,2001,0.04882663828102824,-0.0019630804637889203,0.0011477486541304777,
2013-11,OLS,4,1993,0.034633150511469986,0.0008787910974348807,-0.0020200563803844124,
2013-12,OLS,4,1981,0.009328100207924309,-0.00020775795345387134,-0.003241978129862753,
2014-01,OLS,4,1962,0.0686178737901461,-7.098095781070564e-05,-0.0030532567271877656,
2014-02,OLS,4,1956,-0.025207585457508935,0.005169185102457894,0.00011403662465059429,
2014-03,OLS,4,1949,-0.03420166655923894,0.00015749779741425907,2.6656533535055905e-05,
2014-04,OLS,4,1940,0.0054892784191971356,-0.000342167627680126,-0.0007046014780029888,
2014-05,OLS,4,1934,0.09370913321155155,-0.0036280148999698896,-0.005586213256403153,
2014-06,OLS,4,1990,-0.07984303981760274,0.00215024325492576,0.0040279103713016335,
2014-07,OLS,4,1984,0.039236254440954625,-0.0002926570839641389,0.0013381174737493301,
2014-08,OLS,4,1977,-0.08472532963972787,-0.0005754088826811186,0.006839971619368574,
2014-09,OLS,4,1965,0.03013753100729831,-0.0053674775816729995,0.005155281160760225,
2014-10,OLS,4,1958,-0.007509153990107298,-0.002817216292242552,0.004643706942038463,
2014-11,OLS,4,1949,-0.036334393034082965,0.00194426137237152,0.007127085730659723,
2014-12,OLS,4,1933,-0.021030479177181836,-0.0025226409625373814,0.0006917650206453999,
2015-01,OLS,4,1921,0.150506285225514,-0.004640394629963679,-0.009451356739680849,
2015-02,OLS,4,1911,-0.009361188518194112,-0.00152539466524575,0.0024862840084468847,
2015-03,OLS,4,1905,-0.008175509816673218,0.004139075778908188,-0.0027204131645416053,
2015-04,OLS,4,1899,0.013778713714187997,-0.0028339799643911493,0.0007140438291587034,
2015-05,OLS,4,1888,-0.019446081686129706,-0.0017079721014087094,0.003760628800089128,
2015-06,OLS,4,1942,0.0021800289072896207,-0.010991730087229737,0.004005349079085836,
2015-07,OLS,4,1932,-0.09186015342888323,0.007446147289656884,0.0017415471321170477,
2015-08,OLS,4,1923,-0.11061581045913776,-2.4985541495785642e-05,0.008665026550913616,
2015-09,OLS,4,1905,0.08291227922639902,-0.001518940287994856,-0.002022809988751935,
2015-10,OLS,4,1901,0.047232065857030624,-0.0028577204889089153,-0.0025819053226348522,
2015-11,OLS,4,1888,-0.07160842347320102,-0.003383297918924776,0.007272610599222094,
2015-12,OLS,4,1868,-0.13962621838276332,0.002465554296823428,0.007983575363989479,
2016-01,OLS,4,1854,0.0015742170371737412,0.0007305542097524018,0.0018210926052833695,
2016-02,OLS,4,1844,0.075198015314352,0.0059431741166470885,-0.004145282405031376,
2016-03,OLS,4,1829,0.04469688236881551,0.005409327888772021,-0.007468731542893743,
2016-04,OLS,4,1813,0.03247302286566729,-0.004948577535728839,-0.0011768749245732887,
2016-05,OLS,4,1804,-0.06904691879828868,0.008468324652219625,0.005527858266765467,
2016-06,OLS,4,1883,0.04476657065993154,0.001765015285108978,0.0011375753283279025,
2016-07,OLS,4,1868,-0.003206072738605282,0.0033934554302820826,-4.773798871390219e-05,
2016-08,OLS,4,1854,0.04117018493931488,0.00031133305491493296,-0.004602804229495468,
2016-09,OLS,4,1848,-0.09601874743089356,0.00145077745689625,0.00624904821200404,
2016-10,OLS,4,1833,0.04943818172028266,0.009143506448995328,-0.001972131760470232,
2016-11,OLS,4,1825,-0.029075745131501178,0.0046086154360034165,0.003730731152915898,
2016-12,OLS,4,1815,0.0653779195348082,-0.003912931122929551,-0.005020623611627679,
2017-01,OLS,4,1804,0.04638208699557158,-0.00691602513600196,0.0005537694032498023,
2017-02,OLS,4,1791,0.010623964243650695,-0.0014000572972910506,0.0009629493720050116,
2017-03,OLS,4,1778,0.002429020439205991,-0.0018508168902589585,0.0030748973804541322,
2017-04,OLS,4,1767,-0.01105521242881332,-0.003349873622856007,0.0026634218130845598,
2017-05,OLS,4,1755,0.054602336313489964,-0.0020881014528184912,-0.003412315121425417,
2017-06,OLS,4,1864,0.0035026057048001577,-0.0008340717515505822,-0.00029513755585614546,
2017-07,OLS,4,1853,-0.0020915912813505065,-0.003121432309403386,0.0007486131866428678,
2017-08,OLS,4,1836,0.07496210236352194,0.0030556696514254097,-0.004264941304395832,
2017-09,OLS,4,1828,0.007084553046141194,-0.00047678460866954473,0.00020231214625176445,
2017-10,OLS,4,1815,-0.012937719902781924,0.004616062965328311,0.004508561840566823,
2017-11,OLS,4,1803,0.002294275879851439,0.0022107348735346537,-0.00025782503718788276,
2017-12,OLS,4,1798,0.05600898608224093,-0.0021822681333494845,-0.002460662830148599,
2018-01,OLS,4,1787,-0.0627702575229646,-0.000519703777876522,0.003957676090373919,
2018-02,OLS,4,1779,-0.023752835753642242,0.0016491591236819582,0.0033163736099680527,
2018-03,OLS,4,1772,0.0006711649035416224,0.0007692486428383166,-0.0002072902346451873,
2018-04,OLS,4,1770,0.041214139890640517,-0.00032392644532903725,0.001789189895201603,
2018-05,OLS,4,1759,-0.028464944861822813,0.0009725173225913752,0.005963654981912934,
2018-06,OLS,4,1825,0.0068776946086293285,-0.001121316377015902,0.002054687809190507,
2018-07,OLS,4,1816,0.02965694231206771,-0.004621712845097083,0.005648494560161117,
2018-08,OLS,4,1816,-8.108805364982087e-05,-0.0024146433897980035,-0.0012377903381827263,
2018-09,OLS,4,1805,-0.15598576033672137,0.0032841127157605923,0.005625035404996938,
2018-10,OLS,4,1791,0.02062155342433365,-0.005854222352736391,0.0015173848102133516,
2018-11,OLS,4,1778,-0.1564299967552317,-0.0025337205096365324,0.0077103791753475315,
2018-12,OLS,4,1770,0.16067758660947593,0.0008787202827885316,-0.005823345487893788,
2019-01,OLS,4,1761,0.06733538927678692,-0.0031749835369282737,-0.0001524248543997521,
2019-02,OLS,4,1748,0.03075109247088526,-0.005526716106872444,-0.0034709512529689157,
2019-03,OLS,4,1739,0.02532792194008702,-0.0009662861637951595,0.0010754807988884848,
2019-04,OLS,4,1734,-0.06379204982774403,-0.005225283566176871,-0.0002613859002398721,
2019-05,OLS,4,1728,0.11767769971824388,-0.007796825197053207,-0.0019827988546395345,
2019-06,OLS,4,1820,0.012204422322636622,-0.004075504779052803,0.001035878285896234,
2019-07,OLS,4,1810,-0.037286970629044985,-0.0054137966577287346,0.0021626600422151583,
2019-08,OLS,4,1801,-0.07952877882956406,0.012311908450092744,0.00737302975335331,
2019-09,OLS,4,1790,0.02151250655744608,-0.006056382000720363,0.0023989644057681113,
2019-10,OLS,4,1779,0.11991064894894621,-0.009644425474734196,-0.0050466141315924015,
2019-11,OLS,4,1763,0.02223440834672211,0.007635238137290608,-0.004173263688233668,
2019-12,OLS,4,1762,0.04421857621967665,-0.008603799164353682,-0.0034431286544184094,
2020-01,OLS,4,1758,-0.05408925231126281,-0.004238022730691435,-0.0001931771565907968,
2020-02,OLS,4,1752,-0.13111777157537532,-0.01909864805309535,0.0008587470386286546,
2020-03,OLS,4,1744,0.17148742280758505,0.011733420139620046,-0.004619247880211234,
2020-04,OLS,4,1735,0.08775254164099738,-0.002076432927637746,0.0005082316330970267,
2020-05,OLS,4,1724,0.01701121857335634,0.00779737498775706,0.0014477735146387065,
2020-06,OLS,4,1786,0.0076299247123170055,0.005227744543195875,0.003272238126993331,
2020-07,OLS,4,1779,0.032484012541528606,0.002734494943813607,0.0016551811917478632,
2020-08,OLS,4,1773,-0.02221354786669933,-0.002284109877788399,0.0006045860161265428,
2020-09,OLS,4,1763,-0.01180399488563075,0.0015770577321655658,0.0029072161129573616,
2020-10,OLS,4,1760,0.1774657677848481,0.013204148208677682,-0.006116157759347068,
2020-11,OLS,4,1750,0.08259591828174849,0.00349648202318999,-0.002570054042016292,
2020-12,OLS,4,1741,-0.03971760450884753,0.02706498654300823,0.0010096882200429822,
2021-01,OLS,4,1735,0.06512084332826158,0.00930094233026372,-0.003169628967210877,
2021-02,OLS,4,1732,-0.026949204491432076,0.00820753063205865,0.0015836871231452861,
2021-03,OLS,4,1720,0.011754010167821008,-0.002168917361137909,0.0029935081092737057,
2021-04,OLS,4,1714,-0.03271905648624668,0.009606806033565967,0.0007656743018661378,
2021-05,OLS,4,1707,0.018429452553046902,0.001213201641912558,0.001687592361200954,
2021-06,OLS,4,1783,-0.07890134973784467,-0.00019302024588575275,0.00928776293833546,
2021-07,OLS,4,1776,0.03057025248314354,-0.00016990875860811727,-0.0022602072845194286,
2021-08,OLS,4,1768,-0.050280017871532995,0.00696530340234211,-0.00349859575183953,
2021-09,OLS,4,1757,0.027519016499952812,-0.0013858074570228774,0.002363275985244122,
2021-10,OLS,4,1750,-0.11464885927513652,0.0024794004185031246,0.009841798535243874,
2021-11,OLS,4,1741,-0.0394540501047608,0.0047235751693494085,0.005898357304498255,
2021-12,OLS,4,1737,-0.1405149932991903,0.012060035330414977,-0.00013249882158828554,
2022-01,OLS,4,1732,0.010284707113365094,0.004254105814641166,-0.004995424918512108,
2022-02,OLS,4,1722,0.052221031383190654,0.0019054387776194616,-0.007325840762372433,
2022-03,OLS,4,1717,-0.20218652375021617,0.010523913134661462,0.0084399659684305,
2022-04,OLS,4,1707,-0.061665572075704125,0.007498875421155501,0.001883465168906196,
2022-05,OLS,4,1703,-0.022950040695825548,-0.007507594063425452,-0.002555928816508734,
2022-06,OLS,4,1799,0.11124630652052368,-0.005709143706509977,0.001962555657753934,
2022-07,OLS,4,1793,0.007164185807538951,0.0003132123746053091,-0.00477980979497226,
2022-08,OLS,4,1786,-0.10079997048300453,-0.005814484914360326,0.00249475193810477,
2022-09,OLS,4,1776,0.031737111584671296,0.006658718726387684,0.003946508160425052,
2022-10,OLS,4,1771,0.00046876317874733857,-0.00043775222302949664,0.005486800999906762,
2022-11,OLS,4,1762,-0.05222640383824812,-0.0013291683369536205,7.000598144705373e-05,
2022-12,OLS,4,1758,0.16734905991185273,0.001983614909286027,-0.007691063438870065,
2023-01,OLS,4,1748,-0.06839772199757006,-0.0008456774691363591,0.006647197905427409,
2023-02,OLS,4,1736,-0.03629684812748609,-0.005218191977657547,0.004122560737354319,
2023-03,OLS,4,1729,-0.019547239102286156,-0.0015751080218494085,-3.758920284817688e-05,
2023-04,OLS,4,1721,0.03733956554218865,-0.004384425577880529,-0.004178273538900719,
2023-05,OLS,4,1714,0.028626036866674424,0.0036034674992398708,0.003943998010775301,
2023-06,OLS,4,1854,-0.013128919824531815,0.006987457356595246,0.0031002256700807,
2023-07,OLS,4,1844,-0.07056646659162362,-0.002615630537841078,0.005183784199867909,
2023-08,OLS,4,1832,-0.10062749506835285,0.0009293757355785125,0.004774044014423053,
2023-09,OLS,4,1822,-0.10271895842345324,-0.0018750000136496285,0.005046465894143247,
2023-10,OLS,4,1810,0.07278644438731645,-0.001994138873291948,0.003845467560425084,
2023-11,OLS,4,1800,0.10697766042134084,0.003488047268820384,-0.0024211221297982997,
2023-12,OLS,4,1793,-0.00596509943770501,-0.005285874808377916,-0.0001885869433101908,
2024-01,OLS,4,1786,0.0996699820086705,-0.003961953101959057,-0.005198847544739579,
2024-02,OLS,4,1781,0.009341020295669243,0.003650635768561249,0.0001927562030765507,
2024-03,OLS,4,1772,-0.08874498144044703,-0.0006793399342042549,0.0027847210907486963,
2024-04,OLS,4,1759,-0.03912245458548944,0.009824537651046692,0.006318306738921623,
2024-05,OLS,4,1752,-0.01968768049915631,-0.005992383335770999,0.0029951736821298884,
2024-06,OLS,4,1969,0.07148910906944884,0.0028837312628560807,-0.0032339330206340717,
2024-07,OLS,4,1955,-0.012131497847232546,-0.0033961511524631203,0.0006830298151910125,
2024-08,OLS,4,1949,0.016553241386475917,-0.0025173510361903863,0.0005309892347952139,
2024-09,OLS,4,1935,0.017706333317656052,-0.0030423666055970837,-0.0037454203671155725,
2024-10,OLS,4,1923,0.0756859592539998,-0.001126524259350003,0.0039032586676819446,
2024-11,OLS,4,1911,-0.09813543519005342,0.007281035887522863,0.003549859599215687,
1973-06,OLS,5,1445,0.09086574400337372,-0.0004166961109384609,,0.006494263194270041
1973-07,OLS,5,1443,-0.07596314526382757,0.0022623894928623786,,0.0018225915095474495
1973-08,OLS,5,1443,-0.033720459665034334,0.0086758512860065,,0.013326130116711167
1973-09,OLS,5,1443,-0.08367474096629593,0.010017949056452747,,0.005290372754604962
1973-10,OLS,5,1441,-0.171417902852022,-0.0011043776804154325,,-0.0036770891307145327
1973-11,OLS,5,1444,-0.08135386543204137,0.0028484841452235776,,0.00505819649993731
1973-12,OLS,5,1442,0.14358012105341275,0.007526743504683224,,-0.008798650593351966
1974-01,OLS,5,1440,-0.050085765181487954,0.006692541019726303,,0.0025941523337479895
1974-02,OLS,5,1440,0.03067296636173084,-0.0014761500523272296,,-0.00476324195950708
1974-03,OLS,5,1439,-0.019843448164049274,-0.0006969383299920974,,-0.005224896691715573
1974-04,OLS,5,1439,-0.0171613628696794,-0.005810065940752152,,-0.004848871681214448
1974-05,OLS,5,1437,-0.054048145657290346,0.0035991334781465874,,0.0010373521452128232
1974-06,OLS,5,1561,-0.1492882722766485,0.012613957241810744,,0.004705093133572376
1974-07,OLS,5,1560,-0.07926282239637478,0.001761373469511136,,-0.0022155343282619653
1974-08,OLS,5,1556,-0.0025040879994893094,-0.006041708116622966,,-0.011706525046443542
1974-09,OLS,5,1558,-0.03343165814519081,0.006153039403755696,,0.019456182112142655
1974-10,OLS,5,1551,-0.0062698952807251065,-0.007354739249823161,,-0.0017011875096407236
1974-11,OLS,5,1553,-0.002780342236647361,-0.00998231360351834,,-0.0040477958750631095
1974-12,OLS,5,1553,0.2787886424587288,0.01374593686355771,,-0.010166756960802372
1975-01,OLS,5,1551,0.01515275851559421,0.0003937845923465284,,0.005228145543172952
1975-02,OLS,5,1548,0.14647018384742833,-0.0020823050551272734,,-0.007637086932349559
1975-03,OLS,5,1548,0.041457462746341094,-0.0028010160290963086,,0.002093588875817728
1975-04,OLS,5,1546,0.06206890424911453,-0.00011585001109361183,,0.0010330695408302028
1975-05,OLS,5,1543,0.11575683573198496,-0.0021178050881443004,,-0.004905359323493548
1975-06,OLS,5,1956,-0.006673942220402478,0.002058753809804861,,-0.004785430522717104
1975-07,OLS,5,1956,-0.06552059111456696,-0.0011305947396986747,,0.0028725862292305923
1975-08,OLS,5,1956,0.011064962011054077,-0.004570470875151517,,-0.005475002319317228
1975-09,OLS,5,1956,0.02498391868963129,-0.0026122060829458214,,0.0012462909991469413
1975-10,OLS,5,1956,0.06897366712410645,-0.0026650073442801266,,-0.005053544243516516
1975-11,OLS,5,1950,-0.06821229418324198,0.004978740955777579,,0.004686851235801528
1975-12,OLS,5,1901,0.3389595232237767,2.124365282644614e-05,,-0.021261790445547518
1976-01,OLS,5,1944,0.09810473986707752,0.013070058890820914,,-0.009786182559676199
1976-02,OLS,5,1912,0.052012729727971566,-0.0038559306644008746,,-0.003677957991056853
1976-03,OLS,5,1928,-0.02368270475830267,-9.854948976678862e-05,,0.0010079859152662498
1976-04,OLS,5,1921,-0.050797968676496864,-0.0001972754534023769,,0.004503773972652126
1976-05,OLS,5,1912,-0.010913863554219652,0.0038419720271387504,,0.004538218703132312
1976-06,OLS,5,2368,-0.003246222076934491,0.0007218165524892122,,-0.0018490822418353939
1976-07,OLS,5,2170,0.026153644879200164,-0.004385489979222931,,-0.005049769767893526
1976-08,OLS,5,2349,0.05986587538597979,-0.005259399435282103,,-0.0034705657258374306
1976-09,OLS,5,2331,-0.003423392858524616,-0.002540384188589658,,-0.0022628173785459948
1976-10,OLS,5,2341,0.05663837011833613,-0.002991171078393628,,-0.0031301390631102337
1976-11,OLS,5,2332,0.07576539742366337,0.003674174793481313,,-0.00036220539679807784
1976-12,OLS,5,2296,-0.028270699369893567,0.01113197052318185,,-0.001087235027930468
1977-01,OLS,5,2310,0.04712642598243211,-0.0036972420134762755,,-0.006197934229038847
1977-02,OLS,5,2301,-0.007606045496592925,0.0019082990302249244,,-2.8489525471561156e-07
1977-03,OLS,5,2297,-0.0056322661714527916,0.0026254422864006076,,0.0002764231689336457
1977-04,OLS,5,2279,0.07271547458233747,-0.005516110609750177,,-0.007911147054947831
1977-05,OLS,5,2273,-0.01155660111186664,0.006224313403759714,,0.00599176421295935
1977-06,OLS,5,2409,0.04713693730322222,-0.0030446879827620613,,-0.005840674293220807
1977-07,OLS,5,2397,0.035318899378558026,-0.005597809318385902,,-0.0038215954545614715
1977-08,OLS,5,2385,0.006507776621265012,4.8581256302405055e-05,,-0.00012250529089980093
1977-09,OLS,5,2370,0.029051901744855963,-0.004106582341818997,,-0.006860209589080895
1977-10,OLS,5,2368,0.07070340908792096,0.0013270696586115795,,-0.0004241614152509686
1977-11,OLS,5,2355,-0.013430930308756051,0.0025233163806133363,,0.0024460610580627866
1977-12,OLS,5,2331,-0.03838514126240482,0.004486336008495921,,-0.0019478816285551598
1978-01,OLS,5,2322,0.04803958715541631,-0.0007984869986709248,,-0.004295621463939579
1978-02,OLS,5,2311,0.054225675001974005,0.0026117571500469724,,-5.700142246904628e-05
1978-03,OLS,5,2300,0.042509535756169184,0.0036809327481125914,,0.003961864104032582
1978-04,OLS,5,2282,0.049821864507067326,0.002171752203148313,,0.0008051398019354289
1978-05,OLS,5,2259,-0.016346386917501496,0.0018071470676768978,,3.404200832843097e-05
1978-06,OLS,5,2355,0.003945382165684841,0.002286315975406338,,0.0060849757226051375
1978-07,OLS,5,2336,0.057124467907083275,0.003772550721668147,,0.0014599407428361082
1978-08,OLS,5,2331,-0.06717136569583525,0.007639472758741265,,0.0034405796356185426
1978-09,OLS,5,2328,-0.12647489661476743,-0.007007958838718003,,-0.007647260487533327
1978-10,OLS,5,2314,0.042807876972528594,-0.001135286746600191,,0.0025359030987485744
1978-11,OLS,5,2306,0.028947291898765225,-0.004560944751100951,,0.00012677697997415802
1978-12,OLS,5,2284,0.03581708596250615,0.008619783829298788,,0.002098963156109599
1979-01,OLS,5,2258,-0.06280443765953811,0.0034394394439993927,,0.0017855757887465203
1979-02,OLS,5,2259,-0.013557439279801194,0.0074599378857859505,,0.009446167115840358
1979-03,OLS,5,2252,-0.028571043941558752,0.005064005416951592,,0.0035364687830665128
1979-04,OLS,5,2242,-0.03249243989122192,0.0019235143987301705,,0.0003067777821409463
1979-05,OLS,5,2230,-0.04714036733091716,0.006787431215313536,,0.009065420859551766
1979-06,OLS,5,2303,0.06228148104927756,-0.004126761996827777,,-0.00425851155115334
1979-07,OLS,5,2287,0.06027505826243121,-0.00016677202725762195,,0.002724894008727038
1979-08,OLS,5,2273,-0.04316312975458945,0.0021619828382700105,,0.0036413339498536233
1979-09,OLS,5,2272,-0.03576522781415726,-0.006789614489775318,,-0.006125196653909474
1979-10,OLS,5,2264,-0.02943651293276696,0.004598439386347699,,0.011322137925727335
1979-11,OLS,5,2248,-0.012432432832151659,0.004847464705833778,,0.0074544304406705154
1979-12,OLS,5,2221,-0.03756063801576652,0.013314772756758868,,0.010911718020475204
1980-01,OLS,5,2199,-0.04825769096388556,0.0016441613898599105,,0.002068268882151639
1980-02,OLS,5,2190,-0.07384528824173105,-0.009153085191016496,,-0.00945873266897776
1980-03,OLS,5,2183,0.011121401860707333,0.0005348100207834685,,0.0032006552357442875
1980-04,OLS,5,2171,0.11391122072478492,-0.005010148730993937,,-0.0036500209652961086
1980-05,OLS,5,2169,0.015985387885411397,0.00035703500609814164,,0.0022021056334349484
1980-06,OLS,5,2255,0.12933058055659816,-0.005051129659599156,,6.765215071634672e-05
1980-07,OLS,5,2250,0.06152281005257945,-0.0016829902528362295,,0.0022281121067537985
1980-08,OLS,5,2234,0.012957637976879387,0.000423133151609604,,0.0031870818950025677
1980-09,OLS,5,2231,0.03762452694006686,-0.0025064209237624442,,-0.0005035532494148158
1980-10,OLS,5,2221,0.013034166282799912,-0.003616407996943937,,0.010778869436382402
1980-11,OLS,5,2215,0.007716952596007354,-0.004534271863205588,,-0.00575017686412553
1980-12,OLS,5,2208,0.003424238525772258,0.004423693805940325,,-0.005786558890564583
1981-01,OLS,5,2171,0.01802566339743786,0.0005278386972089123,,-0.0032070715211070886
1981-02,OLS,5,2166,0.07844484053572945,-5.472602743605441e-05,,-0.0009012658476218584
1981-03,OLS,5,2156,0.03853474108044871,0.0004009148615146071,,-0.003373298483734713
1981-04,OLS,5,2149,0.028591728140461844,-0.0001318723413703664,,-0.0016525935230903535
1981-05,OLS,5,2140,0.031244598742822694,-0.00033385007313327077,,-0.0086921231343647
1981-06,OLS,5,2277,-0.006810391637923191,-0.002654751760511574,,-0.0024417727043601345
1981-07,OLS,5,2268,-0.018527870281105065,-0.00278261637826224,,-0.009952387994888805
1981-08,OLS,5,2247,-0.014171995203498105,-0.004559997748781325,,-0.009374265608208294
1981-09,OLS,5,2246,0.11505664151995752,-0.009104948611245403,,-0.0007945601355713879
1981-10,OLS,5,2243,0.044161936429778136,-0.002626467311726712,,-0.0037378161133240118
1981-11,OLS,5,2234,0.04843210547483604,-0.005018764964501731,,-0.008371256263085469
1981-12,OLS,5,2224,0.011695156544650743,-0.0012139028924674758,,-0.005605367851982219
1982-01,OLS,5,2200,-0.0013995644638662948,-9.644521676469105e-05,,-0.008377769596436399
1982-02,OLS,5,2183,-0.02468881776367961,0.0030754829553305964,,-0.0013608522174823616
1982-03,OLS,5,2172,0.03417571713969326,6.491369780740976e-05,,0.0018414061418123118
1982-04,OLS,5,2165,0.03341909552287662,-0.004406952613937454,,-0.007745340503310654
1982-05,OLS,5,2147,-0.040867222116897015,0.004155555751690984,,-0.002250907152309361
1982-06,OLS,5,2331,0.04381509071810249,-0.004358064896801801,,-0.007360604314273394
1982-07,OLS,5,2327,0.09015441672739559,-0.0052736354468878935,,0.0004503126128498576
1982-08,OLS,5,2307,0.0794454952602257,-0.0028859460098100065,,-0.007008748789821206
1982-09,OLS,5,2296,0.1199561773180235,-0.001710716955419597,,0.002746771503748351
1982-10,OLS,5,2287,0.002704388510992375,0.011646450386183702,,0.00498460752536977
1982-11,OLS,5,2278,0.028107637594249644,-0.0002064089614016637,,-0.0016413099464811518
1982-12,OLS,5,2249,0.007811274797327564,0.005790184095524537,,0.008340615269743591
1983-01,OLS,5,2238,0.053552824511076264,0.004434673873154153,,-0.004031229071397456
1983-02,OLS,5,2227,0.048729931675257646,0.0024044123631971623,,-0.002270185031844501
1983-03,OLS,5,2217,0.05857894692625909,0.001924742097380315,,-0.0007582845735274578
1983-04,OLS,5,2211,-0.0061045175238669015,0.00623523277955813,,0.009342262681229575
1983-05,OLS,5,2200,0.03719536624165691,0.0012974049758255305,,0.0005329249657908143
1983-06,OLS,5,2374,-0.04495590841770619,0.005491503554385821,,-0.0028746222740041226
1983-07,OLS,5,2361,-0.014019042524919543,-0.00033637877005270733,,-0.0041074847911182445
1983-08,OLS,5,2352,0.06512738783773664,-0.003929009693504545,,-0.00771255425554886
1983-09,OLS,5,2340,-0.06229743229591119,0.003588579303427207,,-0.0035200977781172657
1983-10,OLS,5,2337,0.06891991454853676,-0.0024007213913340795,,-0.0032253153856478768
1983-11,OLS,5,2326,-0.00986657877226072,0.0014565038460229028,,-0.0036513894235280725
1983-12,OLS,5,2303,-0.07743430664285558,0.009706869406947396,,0.003111683026000453
1984-01,OLS,5,2281,-0.08355876083846878,0.0033195438362674354,,-7.198999582140479e-05
1984-02,OLS,5,2273,0.022011436381419672,0.0007552222354809117,,-0.003709098221387625
1984-03,OLS,5,2257,0.04685676470119173,-0.004358615981882698,,-0.007831940944503235
1984-04,OLS,5,2246,-0.008771101693082846,-0.0018810650618591284,,-0.0063135231725836944
1984-05,OLS,5,2226,0.08413797820725269,-0.007050613187074982,,-0.005279156847268515
1984-06,OLS,5,2495,0.03692231966189512,-0.0056348043621340565,,-0.01134541618026398
1984-07,OLS,5,2483,0.15328112705449376,-0.007855604658037038,,-0.002718099053820171
1984-08,OLS,5,2458,0.008014663148208777,0.0008540091080800056,,-0.005101648830548813
1984-09,OLS,5,2439,0.06000974606316421,-0.006649449641956736,,-0.010810662754956507
1984-10,OLS,5,2418,0.034082643582869374,-0.003763209196525924,,-0.00988020359857979
1984-11,OLS,5,2403,0.07867486370021136,-0.0070963808967215315,,-0.007360139631827313
1984-12,OLS,5,2379,0.10073765716037263,-0.0020261609673009376,,0.004590662840765546
1985-01,OLS,5,2358,0.051855843154290655,-0.0018722445910839144,,-0.0010942518615179395
1985-02,OLS,5,2349,-0.0023625843567352386,-0.00013250450455802278,,-0.003938253722264566
1985-03,OLS,5,2338,0.008283077047292992,-0.0008078764285631369,,-0.0053432403966534505
1985-04,OLS,5,2320,0.06658427681098116,-0.0034099411717818354,,-0.004583586138784621
1985-05,OLS,5,2297,0.042248836331286045,-0.0034846193279775505,,-0.0050931529355522955
1985-06,OLS,5,2524,0.03923388302881549,-0.0016692139720947102,,-0.0024363777080654266
1985-07,OLS,5,2504,-0.0002495220239418305,-0.0004336832576920373,,-0.0022047644743645243
1985-08,OLS,5,2492,-0.0001574629977520062,-0.0029451866601218415,,-0.007662195762062949
1985-09,OLS,5,2473,0.0873090271952348,-0.00628254900160637,,-0.007436732217316885
1985-10,OLS,5,2451,0.08972098597980822,-0.004513425435576885,,-0.003176665715121851
1985-11,OLS,5,2432,0.13342610311286274,-0.009940708331778177,,-0.01077602468346997
1985-12,OLS,5,2416,0.016448744164743005,-0.000592577834677481,,0.0019265893298782847
1986-01,OLS,5,2401,0.13735854162019034,-0.007976120095958677,,-0.006989528930263769
1986-02,OLS,5,2382,0.06576729455424062,8.669909199794189e-05,,-0.004349966865670029
1986-03,OLS,5,2363,0.03254175240280916,-0.0026825919902817926,,-0.002493027072951996
1986-04,OLS,5,2343,0.05189179086001577,-0.0016944715829986924,,-0.0019918557955331717
1986-05,OLS,5,2320,-0.007495769289680401,0.0008236936503436425,,0.0008885157006492918
1986-06,OLS,5,2589,-0.07640558434338485,0.001077758853658944,,-0.0030701633812875713
1986-07,OLS,5,2577,0.026150046923890616,0.0008965898206516127,,-0.0020655140549668584
1986-08,OLS,5,2562,-0.1004607646055139,0.006836960250316269,,0.0005362952830026645
1986-09,OLS,5,2534,0.09084372132121392,-0.007702953903315366,,-0.002850104754679651
1986-10,OLS,5,2503,0.04561465808298061,-0.003265299913137187,,-0.005408424881565945
1986-11,OLS,5,2454,-0.015426579748894035,0.0005054783545826236,,-0.0042164740527185374
1986-12,OLS,5,2427,0.10700202389371505,-0.000142841802783536,,0.0026164959943585564
1987-01,OLS,5,2417,0.05819857084545622,-0.0011813552283252632,,0.0042476449260521664
1987-02,OLS,5,2397,-0.02668726691688735,0.00646187010177521,,0.004491639366966877
1987-03,OLS,5,2376,-0.037954693268564196,0.0025777234030395146,,0.0009561509769165779
1987-04,OLS,5,2367,9.474753387451246e-05,0.0015442319768997554,,-0.0002533159658897777
1987-05,OLS,5,2349,0.04058762206537758,-0.0003686143343044702,,-0.0023602314925183034
1987-06,OLS,5,2700,-0.04352632253324788,0.010826940358423815,,0.0054028693312400365
1987-07,OLS,5,2677,0.0721027078632385,-0.004221440132362767,,-0.006710973107895774
1987-08,OLS,5,2657,-0.022632891980109905,0.0019892694884075406,,-0.00027443762093365013
1987-09,OLS,5,2632,-0.27474034406336345,0.0007808244944194262,,-0.005004309733680763
1987-10,OLS,5,2605,-0.0276612948580266,-3.1976678477007656e-05,,-0.005037897591551773
1987-11,OLS,5,2583,0.1321953791831176,-0.007998422583815919,,-0.007195075724183941
1987-12,OLS,5,2561,0.006526674953535587,0.004697624413814193,,0.005873268767791772
1988-01,OLS,5,2541,0.10194344806017701,-0.0017862532515496798,,-0.003283190920925703
1988-02,OLS,5,2524,0.038025909413209075,0.0022896179374593704,,-0.001998119694631745
1988-03,OLS,5,2499,0.01101230374546821,0.0015340274621279003,,-0.0007959106077395303
1988-04,OLS,5,2475,-0.01817963034148767,0.002202438683767613,,-0.0029023598309513917
1988-05,OLS,5,2450,0.05986233249946392,-0.0011533634094814528,,-0.00031442091872234027
1988-06,OLS,5,2552,-0.005533775196885668,0.0009771010620010254,,-0.001893406147340088
1988-07,OLS,5,2527,-0.01972108341711436,0.0008984306381110163,,-0.002748637766770908
1988-08,OLS,5,2508,0.047740895756950195,-0.0035038959991610143,,-0.0017652209842920028
1988-09,OLS,5,2480,0.007567123871559292,-0.0010167641414502476,,-0.0036190280004032116
1988-10,OLS,5,2456,-0.0059697074218536365,-0.0020006869974646796,,-0.005351988931627368
1988-11,OLS,5,2430,0.07682740769729264,-0.004089161342378507,,-0.004883469383047283
1988-12,OLS,5,2408,0.010956330976548547,0.003963540317787686,,0.003830452031115127
1989-01,OLS,5,2385,0.00630416389381859,0.00031408466841917576,,-0.0019278879697675955
1989-02,OLS,5,2367,0.006811997640507821,0.001618290792273995,,0.0009299808990392603
1989-03,OLS,5,2357,0.03414810384804204,-0.0007248633657974313,,-3.260206324162356e-05
1989-04,OLS,5,2333,0.02771810354222326,-6.549933918218871e-05,,-4.809530166384847e-05
1989-05,OLS,5,2308,-0.049854687491148526,0.004552260694779631,,0.0003554143886988665
1989-06,OLS,5,2591,0.06444480487882412,-0.004795839605396115,,-0.002709857849307562
1989-07,OLS,5,2562,0.025127871987322963,-7.515796045349917e-05,,-0.0023705573656810966
1989-08,OLS,5,2542,0.018652146550854523,-0.003133821475568084,,-0.0012218212707900131
1989-09,OLS,5,2522,-0.009977991445447039,-0.004801257502186523,,-0.004786141132510198
1989-10,OLS,5,2499,-0.0012137311592751124,-0.00244017358569693,,-0.0008634570406149168
1989-11,OLS,5,2484,0.010774879196411244,-0.0019065894150002353,,-0.001882272830010777
1989-12,OLS,5,2449,-0.0823507338616387,0.0036118648989763185,,-0.00020726222786962244
1990-01,OLS,5,2436,-0.031155669534471506,0.004720334380801262,,0.004061151154529718
1990-02,OLS,5,2421,0.055338579026581305,-0.0015579089963917985,,-0.002918164538080358
1990-03,OLS,5,2406,-0.011591104134457332,-0.002133388018874432,,-0.001309271549793618
1990-04,OLS,5,2390,0.06386936682348508,-0.004206003057649819,,0.0020378241079426385
1990-05,OLS,5,2364,0.01043608678285217,-0.002484769164810731,,0.0007540591573707637
1990-06,OLS,5,2701,-0.06735597426611711,0.0035277099131578384,,0.0022737245578305708
1990-07,OLS,5,2679,-0.15353353507679499,0.005468085171475043,,-0.0007617846122115484
1990-08,OLS,5,2669,-0.09920728786389052,0.0031287390965149893,,-0.00044818805276017364
1990-09,OLS,5,2653,-0.0332279922281575,-0.0023404431914867897,,-0.003037279863382242
1990-10,OLS,5,2651,0.11333650388812297,-0.009312949372805713,,-0.003962565310446061
1990-11,OLS,5,2638,0.1153475566476728,-0.01037501562243424,,-0.010310977303513352
1990-12,OLS,5,2615,0.05482185539084847,0.004722959261572588,,0.003183562060753535
1991-01,OLS,5,2603,0.12513237309115346,-0.0030840517319658044,,0.002799854774003311
1991-02,OLS,5,2587,0.06357434102187513,0.0016995753419928254,,0.00186273420963983
1991-03,OLS,5,2569,0.030587399818348873,-0.0017685139347966906,,-0.00088032650354335
1991-04,OLS,5,2555,0.03653182708832864,-0.0018532284141612653,,0.0014602175948250878
1991-05,OLS,5,2548,-0.022579878956826605,-0.0005972841942469938,,-0.0029087116073773073
1991-06,OLS,5,2704,0.042760205364745084,-0.002517275372076059,,0.000124232666178038
1991-07,OLS,5,2688,0.02320932153960705,0.0001385288215336094,,0.00046276017017535004
1991-08,OLS,5,2682,-0.03165783058491487,0.0018446202281340095,,0.004034000420340706
1991-09,OLS,5,2667,0.010380605614014597,-0.0004158216453996396,,0.0030126865921395194
1991-10,OLS,5,2652,-0.03157130240725868,-7.579940331692029e-05,,5.609681731141158e-05
1991-11,OLS,5,2635,0.15493938984446282,-0.01189825245387441,,-0.00841664955278402
1991-12,OLS,5,2614,-0.02138989290780844,0.019003790178744265,,0.010809580184502895
1992-01,OLS,5,2604,0.013749978440979095,0.00645489958599669,,0.0005513649152153309
1992-02,OLS,5,2593,-0.04569410281517003,0.006994142411963581,,-0.0009815529014401798
1992-03,OLS,5,2580,-0.02394518307925209,0.0009193354105562257,,-0.003852535947268683
1992-04,OLS,5,2561,-0.006116837084113545,0.0015959547978391217,,-0.0013674612095759939
1992-05,OLS,5,2522,-0.07028256501992394,0.0033929762912999215,,0.00024485931391772655
1992-06,OLS,5,2661,0.017656629084097254,9.019085122142858e-05,,0.000420563209033493
1992-07,OLS,5,2637,0.011481972333291169,-0.002725246855097599,,-0.004835395589905073
1992-08,OLS,5,2629,-0.0011050823182361356,0.0010055063589488988,,0.001867167280243793
1992-09,OLS,5,2609,0.07870227514069107,-0.004125354484523605,,-0.006456181702511622
1992-10,OLS,5,2601,0.12462599301713757,-0.00479846239275528,,-0.003928850671494068
1992-11,OLS,5,2594,0.03513327450992426,0.002603232652969911,,-0.003028177183339287
1992-12,OLS,5,2581,-0.024005925566367884,0.010537545488877567,,0.004147373052776651
1993-01,OLS,5,2568,-0.09474835847402759,0.011188102905301622,,0.0036374261387756555
1993-02,OLS,5,2555,-0.017900024218567713,0.004843812629064727,,0.0024540142306424314
1993-03,OLS,5,2540,-0.06857018163289734,0.005326165961555262,,0.001855943152543156
1993-04,OLS,5,2532,0.0446305491075371,0.0003354040073450552,,0.0009080860229429217
1993-05,OLS,5,2521,-0.06123828734007847,0.006401172150970813,,0.005752531088062662
1993-06,OLS,5,2723,-0.026789756164606597,0.004404192693735386,,0.0010629771101047635
1993-07,OLS,5,2711,0.05155115198142564,-0.0032499357611656095,,0.001506335778813613
1993-08,OLS,5,2704,0.027863643131500533,0.0005743513455174173,,-0.0017085745435804476
1993-09,OLS,5,2696,0.003533604380683635,0.004067686372972638,,0.003384962094273663
1993-10,OLS,5,2683,-0.005730269530684083,0.0011750268314710205,,-0.0027969378580104567
1993-11,OLS,5,2668,0.034113615595998154,-0.0012059664713399026,,-0.0020387695295119544
1993-12,OLS,5,2651,-0.03720266000842523,0.01038318549584095,,0.006127598028245004
1994-01,OLS,5,2632,-0.006868668581507242,0.0032905459213442424,,-0.0016092607644914425
1994-02,OLS,5,2617,-0.04592901821888605,0.002705761896007534,,-0.0027791768180839903
1994-03,OLS,5,2601,-0.01790498205876391,0.0024615429264502166,,-0.0011003106695065947
1994-04,OLS,5,2583,-0.009599391003476754,0.0013403716365113674,,-0.00012538451272314007
1994-05,OLS,5,2574,-0.03622778978373846,0.0025801118157200227,,-0.0021192274739199055
1994-06,OLS,5,2819,0.014622006876244053,0.0004274139001326624,,-0.000762216347849513
1994-07,OLS,5,2801,0.07362132889607383,-0.002905094047064399,,-0.0032656619528728284
1994-08,OLS,5,2785,0.0040966817992008275,0.0024136156743933554,,-0.0014916331441427416
1994-09,OLS,5,2774,0.028851445980100303,-0.00015894940994452822,,-0.004027511807787697
1994-10,OLS,5,2759,0.00016857575322125134,-0.001027861526370912,,-0.005854984719504376
1994-11,OLS,5,2737,0.003338816960113031,-0.0008347541599029114,,-0.0030971682691332014
1994-12,OLS,5,2725,0.026711228487903544,-0.0008148695054852772,,0.0012999790042168883
1995-01,OLS,5,2711,0.04502308075029284,-0.0011747998688344796,,-0.001438014180013197
1995-02,OLS,5,2691,0.0373111016443879,-0.0021902712176741852,,-0.001422449756497561
1995-03,OLS,5,2677,0.018260136807863463,0.0021872603392602812,,-0.0008076524120685421
1995-04,OLS,5,2654,0.014703522206794616,0.0007293572834599841,,-0.0003178476264972692
1995-05,OLS,5,2642,0.07426636573347185,-0.00535373794438331,,0.0010435212912052723
1995-06,OLS,5,3011,0.08640305314880532,-0.004154897353094823,,-0.0020239819344088777
1995-07,OLS,5,2991,-0.004197610594171426,0.0023009044403657797,,0.003638226167493973
1995-08,OLS,5,2973,0.023674462045598515,0.000346402024733651,,3.814169515066776e-05
1995-09,OLS,5,2952,-0.020109158229792024,-0.0018500016111204338,,-0.00561121855694916
1995-10,OLS,5,2934,0.033584620860169986,-0.003078638326715468,,-0.0008939799302754041
1995-11,OLS,5,2921,-0.009592611462175304,0.0006107827437961681,,0.001963123262429338
1995-12,OLS,5,2897,-0.028393400660871374,0.004278605883049731,,0.005013700469680765
1996-01,OLS,5,2876,0.03393212050756171,0.00010743651932488604,,0.0003358085349633886
1996-02,OLS,5,2860,0.014447077752673584,0.001194141456632407,,0.0013340556297333878
1996-03,OLS,5,2844,0.052163281695753495,0.001289754647833482,,0.0011048122308163443
1996-04,OLS,5,2822,0.053819878489592375,0.0030799350427087487,,0.0008503697272878906
1996-05,OLS,5,2810,-0.04805494186889518,0.002741989359873734,,-0.0017633937305329642
1996-06,OLS,5,3201,-0.08414438914074016,0.0031752370239285276,,-0.00520106227619983
1996-07,OLS,5,3174,0.04489495186277867,-0.0011696646922580377,,-9.02715856080936e-05
1996-08,OLS,5,3152,0.03674376332589332,-0.002156502291418874,,0.0002254632334308766
1996-09,OLS,5,3137,-0.01842676436181457,0.0031325290608789124,,-0.004581386032987392
1996-10,OLS,5,3125,0.048792843073774954,-0.0010972270054385208,,-0.003496699631500395
1996-11,OLS,5,3097,0.014672081440692694,-8.056447049005403e-05,,-0.003702778782726753
1996-12,OLS,5,3071,0.0350287253600471,0.0001153922012533621,,0.004644572623141252
1997-01,OLS,5,3046,-0.031105882286524847,0.004223655030075001,,-0.00297557241216532
1997-02,OLS,5,3032,-0.06938563782313956,0.0066344858047000885,,-0.00283011840301011
1997-03,OLS,5,3011,-0.0052763732817525544,-0.0002650921986627139,,-0.0033469791320234277
1997-04,OLS,5,2993,0.12302480111353849,-0.0057289203193370015,,0.0007196559386689337
1997-05,OLS,5,2968,0.02295929442026988,0.0030234187502685304,,-0.00040843794653826286
1997-06,OLS,5,3231,0.06882156497849003,-0.0018529941817863283,,-0.0018551665744578878
1997-07,OLS,5,3205,0.03381944237915354,-4.0278137378596545e-05,,0.00010099883776940463
1997-08,OLS,5,3182,0.04897118466295103,0.0031537409090853373,,0.002358718275965103
1997-09,OLS,5,3148,-0.04460997800701912,0.0039090139058196105,,-0.000917601994247834
1997-10,OLS,5,3130,0.01903420498776625,-0.0011374706878477282,,-0.006472328538717536
1997-11,OLS,5,3092,-0.020135915069252833,-0.0009670250042910024,,-0.0031642594192019874
1997-12,OLS,5,3055,-0.004589719317264977,0.001623880738474734,,0.001395932137963354
1998-01,OLS,5,3032,0.07042423615346173,-0.0009353015482487656,,-9.279686281344653e-05
1998-02,OLS,5,2996,0.020403137349527447,0.0029849065069680776,,0.0009878498529987843
1998-03,OLS,5,2969,0.011112754005803083,0.0025356438471418976,,-0.001082654845674289
1998-04,OLS,5,2949,-0.05007441388855196,0.0037320060373008195,,-0.00278669702158322
1998-05,OLS,5,2908,0.008328835401643513,-0.002893396506859966,,-0.004375771931579885
1998-06,OLS,5,3143,-0.06927698777607608,0.0017220561051448603,,-0.0013996253432502009
1998-07,OLS,5,3110,-0.1613359520885693,0.0014347055433593268,,-0.008532670081401905
1998-08,OLS,5,3070,0.06321916837043752,-0.006998564202696497,,0.002655182178116959
1998-09,OLS,5,3025,0.10439738974391914,-0.008435769044237318,,-0.002565055991958887
1998-10,OLS,5,2994,0.13167701801450782,-0.00338351538482395,,-0.006907525639695426
1998-11,OLS,5,2966,0.09840934392282705,-0.006584242012322419,,-0.007734199411934015
1998-12,OLS,5,2917,0.017127194354733265,0.005189988812964698,,0.0016766065902423222
1999-01,OLS,5,2890,-0.055298840797457616,0.0008704619498998326,,-0.0011163064509620197
1999-02,OLS,5,2853,-0.029558018734369897,-0.0024514835095070515,,0.004570349825211435
1999-03,OLS,5,2827,0.04383506221193063,0.0031690864264253228,,0.005529701935619719
1999-04,OLS,5,2799,0.061163843272004866,8.148670523116539e-05,,-0.00347251310235146
1999-05,OLS,5,2761,0.06842898374198665,-0.0022815763510308216,,-0.002277818718400042
1999-06,OLS,5,3121,-0.012899416739509461,0.0037679068686467198,,0.00026577999206150413
1999-07,OLS,5,3088,-0.021455290897463883,-0.00041733227899154435,,-0.001587687316905645
1999-08,OLS,5,3051,0.029203454392502562,-0.006415081880191604,,-0.002806335410430506
1999-09,OLS,5,3025,0.0513306353809249,-0.007597667984728249,,-0.005032317615990984
1999-10,OLS,5,2980,0.12415687250810792,-0.003983373220414982,,-0.0022760054119789134
1999-11,OLS,5,2943,0.11666990992763286,-0.007723974736321732,,0.002718241276953229
1999-12,OLS,5,2922,-0.05966531874860794,0.01468792254548444,,0.00546780420241009
2000-01,OLS,5,2890,0.11806533942366226,0.0013458363767140864,,0.0018917801247035114
2000-02,OLS,5,2859,0.018737390223733434,-0.0005776398644763876,,0.00018522202701325486
2000-03,OLS,5,2827,-0.06957166417800263,0.0014583005197755115,,-0.002584034348148689
2000-04,OLS,5,2804,-0.07220069125951414,0.001188162361574769,,0.0007309358076044995
2000-05,OLS,5,2769,0.07554608006000975,-0.003118992825078154,,0.0012183867922285084
2000-06,OLS,5,3057,-0.06823560409735611,0.009633802267884335,,-0.0018276105641826656
2000-07,OLS,5,3022,0.06424528572161899,-0.004778682247189434,,0.004798839292045924
2000-08,OLS,5,2990,-0.03647897908608256,0.003148291425805702,,-0.005073094806661362
2000-09,OLS,5,2943,0.021168747331088648,-0.005555598018602227,,-0.008782002948944103
2000-10,OLS,5,2904,-0.08578038463692783,0.005637239154602894,,-0.011054333796367851
2000-11,OLS,5,2866,-0.014471988712277423,0.0016680534444734867,,-0.0009187150467203724
2000-12,OLS,5,2823,0.18225160400592244,-0.00293165330924245,,0.011530700731627628
2001-01,OLS,5,2798,-0.08400123444915292,0.011714710887988427,,-0.007832465446851858
2001-02,OLS,5,2770,-0.09979224448020049,0.008077841671010624,,-0.001593106745981738
2001-03,OLS,5,2735,0.09950478570170374,-0.008092374857410257,,0.0031574127106235375
2001-04,OLS,5,2699,0.026509367346346787,0.007576338335512046,,0.00024593367106596776
2001-05,OLS,5,2671,0.07108856478151598,-0.004644987696138929,,-0.006278050279235109
2001-06,OLS,5,2840,0.024441098204396685,0.000678244876456636,,-0.009205218066623996
2001-07,OLS,5,2790,0.009182525935992602,-0.0002011368196953938,,-0.007933372928271124
2001-08,OLS,5,2777,-0.07013927675773932,-0.0035863005722576937,,-0.009538171204729638
2001-09,OLS,5,2759,0.11305598646912453,-0.00796162337625414,,0.001511773662352463
2001-10,OLS,5,2734,0.11247984276278981,-0.003767096943528901,,-0.0025141551756537447
2001-11,OLS,5,2712,0.07794132713436316,-0.0006468910822970581,,-0.002228108413792997
2001-12,OLS,5,2686,0.020150987741302744,0.008597786187906603,,-0.006129233585157841
2002-01,OLS,5,2660,0.0054792669973205725,0.00026285768934040477,,-0.0059462923443531265
2002-02,OLS,5,2640,0.06818177895441165,0.003877305418530806,,0.0005721433535944723
2002-03,OLS,5,2616,0.022276685686988113,0.007220329197551519,,-0.009579427278677681
2002-04,OLS,5,2600,-0.020415394921680357,0.004624411131588359,,-0.003034094673382034
2002-05,OLS,5,2571,-0.02070943441169288,0.0010689227523803804,,-0.010218585477570114
2002-06,OLS,5,2765,-0.11160450358734691,-0.0001433157830659792,,-0.003352272482255238
2002-07,OLS,5,2743,0.003512830662453,-0.0007291964761688213,,-0.0008329828129090422
2002-08,OLS,5,2729,-0.045875696845366944,-0.002038801045797459,,-0.00632638642602339
2002-09,OLS,5,2698,0.09386738380039482,-0.008832941093494579,,0.0009731807129217236
2002-10,OLS,5,2675,-0.03128883913375718,0.009399581197238443,,0.020941539592169153
2002-11,OLS,5,2655,-0.00713579522445298,0.00041672765285855046,,-0.0094852109286909
2002-12,OLS,5,2625,-0.01368326186980077,0.0019228040080518014,,-0.0011618376735360533
2003-01,OLS,5,2606,-0.03569102072130996,0.0019721436084256206,,-0.0002024391012668818
2003-02,OLS,5,2573,0.005642723499497844,-0.0012650273700699098,,0.0015477221319129876
2003-03,OLS,5,2557,0.06484423764101992,5.011957909925389e-07,,0.007167415308672768
2003-04,OLS,5,2533,0.07030197220109385,0.0010894542298089593,,0.010592092800945922
2003-05,OLS,5,2515,0.016497940150783263,0.005402628057764041,,0.0012601413537170945
2003-06,OLS,5,2748,0.059103327119996524,0.004731893784394545,,-0.00047499449007823614
2003-07,OLS,5,2723,0.05200025193614505,0.0017835946729079359,,-0.0004534296662663115
2003-08,OLS,5,2704,-0.05574638126384832,0.01008048432713068,,0.0033990225765966027
2003-09,OLS,5,2690,0.05875582177334607,0.0066649005285714736,,0.0004000769240136128
2003-10,OLS,5,2671,0.0486643818398979,0.002151667442255431,,-0.0032016368651041262
2003-11,OLS,5,2652,-0.029116662777038928,0.007401129104811938,,0.004958977792494953
2003-12,OLS,5,2630,-0.028563579363295073,0.011748356820374731,,0.006718682833429271
2004-01,OLS,5,2616,0.022494414586429663,0.0005664294656527564,,-0.002797110648885909
2004-02,OLS,5,2601,0.01842338665524642,0.000600801356063524,,-0.0029722094980074573
2004-03,OLS,5,2583,-0.007402719817684196,-0.0014817150630370343,,-0.0018341019748945118
2004-04,OLS,5,2570,0.03191763725232592,-0.002271637850317012,,-0.002719176633301042
2004-05,OLS,5,2549,0.034989277851904775,0.001160312099049771,,-0.0018137840842892556
2004-06,OLS,5,2632,-0.08374624849818076,0.0062542228262144174,,-0.004318517415468358
2004-07,OLS,5,2617,-0.019087260656500304,0.0007258971562828792,,-0.0015109206271346376
2004-08,OLS,5,2610,0.04382112013309277,1.0093254256937464e-05,,2.7348650830727546e-06
2004-09,OLS,5,2595,0.02858988113279992,-0.0017049899867278664,,-0.0001914973042168266
2004-10,OLS,5,2578,0.07371584222426943,0.0029236331214388136,,0.0008372096277714263
2004-11,OLS,5,2559,0.052438722923417426,0.0005171490052756716,,0.0017464899040146099
2004-12,OLS,5,2540,-0.014804372939330887,0.0009890677997865624,,-0.00481649579296235
2005-01,OLS,5,2529,-0.0015073804032571365,0.0025012240832402947,,0.0005874644412046809
2005-02,OLS,5,2513,0.0014504619222679076,0.0015538871189177735,,-0.006607571155056379
2005-03,OLS,5,2497,-0.022980821390061794,-0.002770157912075398,,-0.004755375382204856
2005-04,OLS,5,2479,0.07393562609774848,-0.0034285650121483285,,-0.0002590418002623818
2005-05,OLS,5,2465,0.007803397024170351,0.004080884238918685,,-0.00021750734361519644
2005-06,OLS,5,2521,0.03218152777759124,0.0033272039457515404,,0.0036026910626659444
2005-07,OLS,5,2502,-0.0233145663493626,0.0021933316085372694,,-0.0007152448289903298
2005-08,OLS,5,2487,-0.016960722352141033,0.001300555264116337,,0.002575654646173479
2005-09,OLS,5,2466,-0.005032368221855195,-0.002182489722941218,,-0.0030592849355370287
2005-10,OLS,5,2451,0.056747703713413464,-0.001236026309603521,,-0.0019741192025683808
2005-11,OLS,5,2433,0.0036923578126187937,0.0006851746344026366,,-6.494547470780881e-06
2005-12,OLS,5,2411,0.02845262555485972,0.003662584253425535,,0.00603935809164201
2006-01,OLS,5,2398,0.011733165492924112,-0.0010815516242225077,,-0.0012156429899020512
2006-02,OLS,5,2381,0.012759417194466747,0.0037874695893021487,,0.0018504372796657757
2006-03,OLS,5,2370,-0.01711565356221715,0.00406257986737549,,0.00025981147493128954
2006-04,OLS,5,2351,-0.05115432910387436,0.0017995392753419825,,-0.002930190322488945
2006-05,OLS,5,2337,-0.014208107606361235,0.0008992775846569503,,-0.0010945522225280424
2006-06,OLS,5,2439,-0.022751924002974974,0.00041676648599042157,,-0.004080418380861251
2006-07,OLS,5,2426,0.016866365729179465,-0.001444665991419515,,0.002413057659956708
2006-08,OLS,5,2414,0.05613249587209248,-0.0017354468242628252,,-0.0067996566363142516
2006-09,OLS,5,2397,0.04009473889213416,-0.00011692097204576247,,0.001515494256233841
2006-10,OLS,5,2381,0.004545624117845241,0.0012830059085939137,,0.0023994267944624902
2006-11,OLS,5,2360,-0.007321566695910118,0.003928761941544701,,-0.0007966413970987969
2006-12,OLS,5,2330,0.021048416241408116,0.0007611341690772005,,0.00015794347147000547
2007-01,OLS,5,2317,-0.014737284142465074,0.0022048877477139897,,0.0011307207726187736
2007-02,OLS,5,2299,0.020822446689462284,-0.0019258060299222966,,-0.0011576645171468588
2007-03,OLS,5,2278,0.01970960648137291,-0.0006233751018835114,,0.0018086875716219974
2007-04,OLS,5,2259,0.029576274355147564,-0.0001299008038427958,,-0.00038009941361240334
2007-05,OLS,5,2235,-0.010538111779499952,0.0009570748321659112,,-0.0002002416917708159
2007-06,OLS,5,2367,-0.040340609440846845,-0.0002651562660132062,,-0.0007250411852228848
2007-07,OLS,5,2342,-0.001178128222502197,-0.004732389888345927,,0.0015539524035450222
2007-08,OLS,5,2324,0.01694724481621291,-0.00329095053639558,,0.002133433516468624
2007-09,OLS,5,2300,0.02652764147554877,-0.0030993519348211417,,0.001884624823623686
2007-10,OLS,5,2275,-0.04352034347544644,-0.004280877653388473,,-0.003728056353742543
2007-11,OLS,5,2250,0.007480935471425494,-0.0017481395783096433,,-0.001854270869613832
2007-12,OLS,5,2240,-0.0706373066689552,0.002236531524924971,,-0.0006396175465462372
2008-01,OLS,5,2228,-0.018313389456069532,-0.00042408019616687936,,0.0005760504602613738
2008-02,OLS,5,2212,-0.0016343280261321021,-6.042718632179438e-05,,-0.0022251251102466205
2008-03,OLS,5,2196,0.0426334555824374,-0.0018509753928726775,,-0.0003903940204358964
2008-04,OLS,5,2174,0.01822804565657905,0.0012013107342547333,,0.003517247834186964
2008-05,OLS,5,2167,-0.102260759963045,0.0025364015709614146,,0.000682711964125163
2008-06,OLS,5,2323,0.046409641987419224,-0.0043059594431488915,,-0.0037373356426823497
2008-07,OLS,5,2306,0.05232339591670566,0.00034748459033749596,,-0.004475003672547069
2008-08,OLS,5,2292,-0.054411332554291016,-0.004392334944521657,,-0.008571707591641286
2008-09,OLS,5,2274,-0.15423677632276833,-0.006752345167345877,,-0.007985310255140831
2008-10,OLS,5,2258,-0.08512120811387193,-0.009303080729581175,,-0.0016075036880276684
2008-11,OLS,5,2242,0.0859874083278862,-0.004007984361321863,,-0.004216337705300523
2008-12,OLS,5,2228,-0.07555140654489872,-0.00010935075030760221,,0.007050328303514437
2009-01,OLS,5,2215,-0.007777312916841872,-0.01024239655506458,,-0.008157456950111839
2009-02,OLS,5,2198,0.10501648927061162,0.0030051696923461975,,-0.0004495520295836503
2009-03,OLS,5,2180,0.13877782201181238,0.01603120775290659,,0.0036088286532151783
2009-04,OLS,5,2167,-0.026339635738249784,0.0115795603090726,,0.008637351592786752
2009-05,OLS,5,2153,0.03422086607119777,0.0004936840191112709,,0.0008601450019626238
2009-06,OLS,5,2286,0.02102185388100354,0.00914396852705519,,0.005890514941915535
2009-07,OLS,5,2276,-0.08436379595534291,0.01975115852738704,,0.008629129987836909
2009-08,OLS,5,2267,0.014646283594274596,0.0067942767168455,,0.005858971237712404
2009-09,OLS,5,2252,0.002844901008608887,-0.0027871727067238423,,-0.007992522193793249
2009-10,OLS,5,2232,0.03239628799149026,0.0020149103336509332,,-0.0024644431341410452
2009-11,OLS,5,2221,0.0530513357962703,0.001961630595510721,,0.0024446449614536825
2009-12,OLS,5,2209,-0.057688538332606065,0.004709694514474656,,0.002213977678356325
2010-01,OLS,5,2190,0.056747700220646215,0.0015398297888683692,,-0.003257914448237104
2010-02,OLS,5,2178,0.04742500332556959,0.006039663751430809,,0.0008330712172241549
2010-03,OLS,5,2164,0.00011559000419985431,0.009864946729446988,,0.0035678211540784615
2010-04,OLS,5,2157,-0.024173934930216082,-0.004809961063146909,,-0.005025839511486242
2010-05,OLS,5,2151,-0.019683847757064856,-0.006687207311453412,,-0.003213161228970124
2010-06,OLS,5,2273,0.04211423612357735,0.0005631057391882109,,0.004053560518285343
2010-07,OLS,5,2257,-0.044471227388145254,-0.0025470616484551054,,-0.0017226386779432622
2010-08,OLS,5,2246,0.12747243724347865,-0.0008979571089512674,,0.0001678041305318462
2010-09,OLS,5,2230,0.031724206839959565,0.0011390082957799046,,0.0019572270564285304
2010-10,OLS,5,2212,0.03213886788926142,0.0011326194615363643,,-0.0009606894067541408
2010-11,OLS,5,2188,0.04085607338211376,0.002870558963823794,,0.004736631702619871
2010-12,OLS,5,2171,-0.02707986798923086,0.004581576931423305,,0.004024773002571907
2011-01,OLS,5,2160,0.021238347921485032,0.00306458884796743,,0.0021863115168473733
2011-02,OLS,5,2148,0.03862773825991977,-0.0027737889687680633,,-0.00033554774644217685
2011-03,OLS,5,2134,0.05945696924723479,-0.004193142236054076,,-0.0027421776291071216
2011-04,OLS,5,2120,0.015110041604893985,-0.003444882114271187,,-0.002489841255400333
2011-05,OLS,5,2094,0.0005626694026419777,0.00016828396675990827,,-0.004076372905521731
2011-06,OLS,5,2152,-0.01776710710308742,0.0021196581703102056,,-0.003490007670765203
2011-07,OLS,5,2142,-0.0322231915134468,-0.005585205408750506,,-0.005846859366602163
2011-08,OLS,5,2134,-0.03211720515838242,-0.004363192242922288,,-0.009900657639982716
2011-09,OLS,5,2121,0.11377516008754689,-0.00236258272205796,,0.006138492083312682
2011-10,OLS,5,2108,-0.005919654173513322,7.910279877895386e-05,,-0.000995656602831152
2011-11,OLS,5,2094,-7.857339302702566e-05,0.0019144306015551789,,-0.001658958718999273
2011-12,OLS,5,2082,0.06471053216622466,-1.1962081348672913e-05,,0.005046913638978004
2012-01,OLS,5,2072,0.02435997536054581,0.0013918709602562384,,0.0010514641796228006
2012-02,OLS,5,2065,0.0477714201363769,5.8763516215052596e-05,,-0.00373028049328537
2012-03,OLS,5,2053,-0.009128012516586853,0.0005380122062900808,,-0.0012334856126393493
2012-04,OLS,5,2045,-0.03797090911579037,-0.0011751348926894389,,-0.005791711522196614
2012-05,OLS,5,2035,0.019883721089606014,0.0012905442076188772,,0.002267813228098287
2012-06,OLS,5,2090,-0.011186226841214958,-0.0008784802211884235,,0.0007893238104779681
2012-07,OLS,5,2076,0.02465852558566148,-0.0010859561776708937,,0.0021838845045338076
2012-08,OLS,5,2067,0.015222456061490156,0.0016886594966501846,,0.0020261501633922017
2012-09,OLS,5,2052,-0.027221954789852367,0.0016522483990275994,,-0.0009643115458230153
2012-10,OLS,5,2039,0.014127818364642305,0.00037223181699734813,,-0.001154875329752119
2012-11,OLS,5,2022,0.015252414822602228,0.0023414055675694267,,0.00022115826826169975
2012-12,OLS,5,2015,0.045727293713638394,0.003272928191121071,,0.0011570549603820968
2013-01,OLS,5,2006,0.005841682987475205,0.0013797732161025208,,-0.0012104030213497313
2013-02,OLS,5,1998,0.035441606557679216,0.00017099000444688412,,0.0010474604625607233
2013-03,OLS,5,1989,0.020156277363996056,-0.003185945292789784,,-0.0007747787340196786
2013-04,OLS,5,1978,0.03631216007575843,0.0033206799382308892,,0.0006533386336233168
2013-05,OLS,5,1965,0.007023808772646208,0.000651520617825588,,-0.002799597197108421
2013-06,OLS,5,2057,0.06583370985723717,-2.596836646360882e-05,,0.0015457858265382957
2013-07,OLS,5,2043,-0.021667473805497113,0.0014198077466590242,,-0.0007326562142385276
2013-08,OLS,5,2034,0.0355414393502649,0.002583865195751916,,0.0025878943018545907
2013-09,OLS,5,2018,0.01763615205986086,0.004359060506733851,,-0.0013520430510356115
2013-10,OLS,5,2001,0.07034273143950248,-0.002889302275799404,,-0.0018379633406916589
2013-11,OLS,5,1993,-0.00022526972386058524,0.002367104248347168,,0.0028332061353682383
2013-12,OLS,5,1981,-0.05346950167217721,0.002485870398611722,,0.00548784731118067
2014-01,OLS,5,1962,0.033170390848429335,0.0014119553218757493,,0.0019134169925633458
2014-02,OLS,5,1956,-0.027564111929866665,0.005279444651289334,,0.00043246331845805323
2014-03,OLS,5,1949,-0.03033522754950338,-1.7204792193155685e-05,,-0.0005019346786049757
2014-04,OLS,5,1940,-0.008025430441534871,0.0002422478508362304,,0.0011685527082097526
2014-05,OLS,5,1934,0.01295533454502992,-0.0001916847470227266,,0.005668444913332058
2014-06,OLS,5,1990,-0.025374200050854494,-0.0001300165734321374,,-0.003599055223878168
2014-07,OLS,5,1984,0.05429444361483508,-0.0009294253739443103,,-0.0007653660564755907
2014-08,OLS,5,1977,0.01762491145369709,-0.0048604269203077165,,-0.0074897052174243296
2014-09,OLS,5,1965,0.11586816398052058,-0.008945423642085447,,-0.006857824180252315
2014-10,OLS,5,1958,0.06963760732465593,-0.006051356076665643,,-0.006150129617367671
2014-11,OLS,5,1949,0.06497566899136828,-0.002332580285934667,,-0.007017882906505713
2014-12,OLS,5,1933,-0.0011124548948484342,-0.0033387953228534097,,-0.0021116212119604984
2015-01,OLS,5,1921,0.029038809867446787,0.00048041333545656347,,0.007544709628363077
2015-02,OLS,5,1911,0.04499071371434494,-0.003769193824339615,,-0.005159768783458748
2015-03,OLS,5,1905,-0.052206603170776085,0.005969305761170374,,0.0034548866628167185
2015-04,OLS,5,1899,0.03692649105774243,-0.003767345940330055,,-0.0025594400965783296
2015-05,OLS,5,1888,0.041478795201210304,-0.004245512060346512,,-0.0047812109318227086
2015-06,OLS,5,1942,0.08023514495685614,-0.014078950361672076,,-0.007110056860987986
2015-07,OLS,5,1932,-0.08539444322149665,0.007103050267513748,,0.0009065040045927498
2015-08,OLS,5,1923,0.015596645992785551,-0.005150280211949889,,-0.00916485273857607
2015-09,OLS,5,1905,0.05779033533401542,-0.0004812313963828726,,0.0015148826327613394
2015-10,OLS,5,1901,0.020135423765803448,-0.0017094026949108685,,0.0012007050379400236
2015-11,OLS,5,1888,0.04182354664324129,-0.007969945154426105,,-0.008768422248800178
2015-12,OLS,5,1868,-0.021922744069094245,-0.002323718179415538,,-0.008647734762838581
2016-01,OLS,5,1854,0.03822782967225451,-0.0007299013495955486,,-0.0033922623340787374
2016-02,OLS,5,1844,-0.005963613908955438,0.00920054500082387,,0.007361415062642993
2016-03,OLS,5,1829,-0.06795772550355099,0.010001938855105528,,0.008439922293367649
2016-04,OLS,5,1813,0.011203960177365468,-0.00409456901942584,,0.0018362821732043066
2016-05,OLS,5,1804,-0.0020446134984422703,0.005670467892369822,,-0.0038529970313953194
2016-06,OLS,5,1883,0.052513332514418594,0.001426404315453246,,6.926770330941154e-05
2016-07,OLS,5,1868,-0.007489630134149924,0.0035170823630165304,,0.0006090829019247017
2016-08,OLS,5,1854,-0.012156360575819243,0.0022999561973456274,,0.00311250894446958
2016-09,OLS,5,1848,0.0007214327443295728,-0.0019219944758285573,,-0.007977166041810743
2016-10,OLS,5,1833,0.03371914198327593,0.009795061533293658,,0.0002358022171426758
2016-11,OLS,5,1825,0.02462320691442619,0.002707016548205027,,-0.004140377444553811
2016-12,OLS,5,1815,-0.011635623380919096,-0.0012495919403479772,,0.0063210574990158475
2017-01,OLS,5,1804,0.04469892469078912,-0.006926976871292749,,0.0008698592604822765
2017-02,OLS,5,1791,0.02100380283004461,-0.0017882886524774723,,-0.0005380038525339768
2017-03,OLS,5,1778,0.04699292793293469,-0.003393579456372961,,-0.0034845874503563884
2017-04,OLS,5,1767,0.030752365105998544,-0.004767741798774611,,-0.003526065689346082
2017-05,OLS,5,1755,0.029163559113762744,-0.0010359761953586115,,0.0001573973772083192
2017-06,OLS,5,1864,0.0004367308040201762,-0.0007242527735249987,,0.0001523204328123082
2017-07,OLS,5,1853,0.0073082114327203,-0.003449623209275038,,-0.0006327627340413903
2017-08,OLS,5,1836,0.013548684427145666,0.005157961298130296,,0.004804822642835501
2017-09,OLS,5,1828,0.010603310955191236,-0.000593216680977727,,-0.0003213973492816943
2017-10,OLS,5,1815,0.040196018827423026,0.0026947922677130736,,-0.003240999719839416
2017-11,OLS,5,1803,-0.0030712378821806255,0.0023827654800360233,,0.0005467602410873593
2017-12,OLS,5,1798,0.022845120485913615,-0.0010088176491069407,,0.0023936415912076997
2018-01,OLS,5,1787,-0.019377672113980483,-0.002131115867683082,,-0.0023194231664636143
2018-02,OLS,5,1779,0.01762072386981769,0.00016004552338923803,,-0.0027149775193652977
2018-03,OLS,5,1772,-0.004476727289755112,0.0009345545426469071,,0.0005639720523446208
2018-04,OLS,5,1770,0.06651847815175096,-0.0012136606365670155,,-0.0019225804825279552
2018-05,OLS,5,1759,0.04422572106813969,-0.001680608124065733,,-0.004599599139810181
2018-06,OLS,5,1825,0.04991908399469778,-0.0026357944146150245,,-0.004261866420774006
2018-07,OLS,5,1816,0.09551584310724084,-0.00708099121797375,,-0.0038707389668547264
2018-08,OLS,5,1816,-0.011244078120593769,-0.001981197605179708,,0.0003594166152322845
2018-09,OLS,5,1805,-0.06710322578610195,7.789554031833253e-05,,-0.007328525484065258
2018-10,OLS,5,1791,0.06233064712504169,-0.007287555922085596,,-0.00463478930702158
2018-11,OLS,5,1778,-0.033643202331070966,-0.006964962089977815,,-0.010207906462607398
2018-12,OLS,5,1770,0.04811656813048379,0.004888982895683268,,0.01064327384041603
2019-01,OLS,5,1761,0.04889109539449225,-0.0025637549061277103,,0.002590418535774386
2019-02,OLS,5,1748,-0.009084107244563135,-0.004041232933598795,,0.0022838169658484907
2019-03,OLS,5,1739,0.054717109326821625,-0.0019890051133465074,,-0.0032482658896310908
2019-04,OLS,5,1734,-0.04170665741085603,-0.005942341435102239,,-0.003567396275083152
2019-05,OLS,5,1728,0.1005598664453051,-0.007130103165450246,,0.00046566578575430394
2019-06,OLS,5,1820,0.03698398555202588,-0.0048220470254850024,,-0.0027312563786763694
2019-07,OLS,5,1810,-0.00021453339412628956,-0.006602727042202734,,-0.003397892271827207
2019-08,OLS,5,1801,0.019383608912339707,0.008926696702435476,,-0.007238680880228782
2019-09,OLS,5,1790,0.07165450090306927,-0.007611246111176604,,-0.005158344538457638
2019-10,OLS,5,1779,0.05657946959140519,-0.007410793875923893,,0.0042436665906378165
2019-11,OLS,5,1763,-0.04097098732128844,0.00978254003656695,,0.005190742970369353
2019-12,OLS,5,1762,-0.014296961448109895,-0.006663630004320623,,0.005264598802652025
2020-01,OLS,5,1758,-0.05399094188995888,-0.00421748686975316,,-0.00023174457085633115
2020-02,OLS,5,1752,-0.08907404365636004,-0.020300480825059565,,-0.00559087486366467
2020-03,OLS,5,1744,0.06409353481912505,0.015077984931804681,,0.011573805661994523
2020-04,OLS,5,1735,0.05528224827936379,-0.0013067181452217234,,0.005647593980613179
2020-05,OLS,5,1724,-0.016648104171495648,0.008489013747203745,,0.006892700214221268
2020-06,OLS,5,1786,0.008717143660403333,0.004896651843363209,,0.0034197248411371155
2020-07,OLS,5,1779,0.04925419259162986,0.0021645393130124914,,-0.0008285405098245294
2020-08,OLS,5,1773,-0.006773774883810813,-0.002720473040357572,,-0.001768780764761902
2020-09,OLS,5,1763,0.024665020507605176,0.0004010617006089272,,-0.002548967843495213
2020-10,OLS,5,1760,0.05828255693352576,0.016743389651678063,,0.012045374505303507
2020-11,OLS,5,1750,0.03550512515943914,0.004901724803166427,,0.004591351709384338
2020-12,OLS,5,1741,-0.0796082299787642,0.027934729185267834,,0.007370141368062328
2021-01,OLS,5,1735,0.0144868026935447,0.010833258209791755,,0.004505399541551115
2021-02,OLS,5,1732,0.01361151615616369,0.0070847357625504264,,-0.004669785142088591
2021-03,OLS,5,1720,0.0640806128600042,-0.0037140663973100414,,-0.004981218359527825
2021-04,OLS,5,1714,-0.028620899937044,0.009433119197686602,,0.00019497539676329248
2021-05,OLS,5,1707,0.0016312292998906747,0.0014426631531066813,,0.004507918340803807
2021-06,OLS,5,1783,0.0665852088185903,-0.004632236572013255,,-0.012714166813752054
2021-07,OLS,5,1776,0.003343440243629998,0.0007084926717779739,,0.0018128089909692034
2021-08,OLS,5,1768,-0.10308043768956748,0.008610204451674066,,0.004457192116539803
2021-09,OLS,5,1757,0.07114647182816632,-0.0027041623171424434,,-0.004253170167668926
2021-10,OLS,5,1750,0.03198268455612123,-0.0020958020529537346,,-0.012249577878265501
2021-11,OLS,5,1741,0.053182608954405394,0.0018579683281355899,,-0.008078086847305772
2021-12,OLS,5,1737,-0.13770471489301583,0.011996060758077498,,-0.0005804152980781642
2022-01,OLS,5,1732,-0.0510557038425875,0.006212942908023929,,0.0042005244383100555
2022-02,OLS,5,1722,-0.05811970196019089,0.005300387262988477,,0.009340217408784528
2022-03,OLS,5,1717,-0.06256218775656813,0.006242903594857243,,-0.012674719406666
2022-04,OLS,5,1707,-0.021953955540415553,0.006310721245899462,,-0.004151996544386441
2022-05,OLS,5,1703,-0.041576802780806,-0.006862625340059857,,0.00019107320038761898
2022-06,OLS,5,1799,0.13957733690262122,-0.006705130072107836,,-0.0021927558284408257
2022-07,OLS,5,1793,-0.06711341984817397,0.002877594680592027,,0.006155903108196539
2022-08,OLS,5,1786,-0.043261293356887914,-0.00770958737681116,,-0.006071823652278029
2022-09,OLS,5,1776,0.11395417657538828,0.0038991474354375757,,-0.008249017990661345
2022-10,OLS,5,1771,0.09795112326606065,-0.0037773750324676166,,-0.00890409192333111
2022-11,OLS,5,1762,-0.04014356178590911,-0.0016968417208246232,,-0.0017602274251101151
2022-12,OLS,5,1758,0.025408827476497812,0.006835864928250668,,0.013277230888354835
2023-01,OLS,5,1748,0.03770022833186441,-0.004537876499348455,,-0.008969184639918013
2023-02,OLS,5,1736,0.040500273516243086,-0.007840248569666758,,-0.007231289865355602
2023-03,OLS,5,1729,-0.010168426172485277,-0.0018554084174527768,,-0.0014652521993129353
2023-04,OLS,5,1721,-0.026759804179778544,-0.0021394608267517458,,0.0052401603258791195
2023-05,OLS,5,1714,0.09588558025722099,0.0012769905361927044,,-0.005974382473241254
2023-06,OLS,5,1854,0.017015583225242742,0.005979179208774205,,-0.0013705127350772176
2023-07,OLS,5,1844,0.02410368030498636,-0.00532369091335441,,-0.009338719960015304
2023-08,OLS,5,1832,-0.01632748202329068,-0.0015688252751755196,,-0.00807510421125667
2023-09,OLS,5,1822,-0.0004021273680165649,-0.004836872514926307,,-0.010621851604320234
2023-10,OLS,5,1810,0.08100646477839193,-0.002552593523293327,,0.002913114718095888
2023-11,OLS,5,1800,0.0395737065110941,0.005354955333599984,,0.007978665525934089
2023-12,OLS,5,1793,0.003393992752388843,-0.005502479356218398,,-0.001675207618478005
2024-01,OLS,5,1786,0.04530819814207958,-0.0021191310879776406,,0.0028374341713818586
2024-02,OLS,5,1781,0.018878322567837887,0.0033971144722605645,,-0.0012908000883913703
2024-03,OLS,5,1772,-0.03686786799726969,-0.0022566585866371906,,-0.0050807327498595305
2024-04,OLS,5,1759,-0.0011858279511433158,0.008288707397650622,,0.0009785758507986787
2024-05,OLS,5,1752,0.003458722112446429,-0.006850903225729958,,-0.0003514721393352165
2024-06,OLS,5,1969,0.039452843513863176,0.004100616138759413,,0.001379060611120419
2024-07,OLS,5,1955,0.017199574587570574,-0.004219241525235896,,-0.0038385581397513157
2024-08,OLS,5,1949,0.038399274531939066,-0.0031250400229673988,,-0.002844573364926162
2024-09,OLS,5,1935,-0.044588072041828755,-0.0009849341205524504,,0.0055276674731626705
2024-10,OLS,5,1923,0.1160776482946182,-0.002668632926799265,,-0.0019018250786445457
2024-11,OLS,5,1911,-0.10414823398383267,0.006947094323866583,,0.004998047890820094
1973-06,OLS,6,1445,0.08514553781449866,,0.00029220591913411373,0.006825301346537475
1973-07,OLS,6,1443,-0.04226191678387057,,-0.0022184650948216637,0.00017846765266725618
1973-08,OLS,6,1443,0.07938683439311056,,-0.004746116145801403,0.006185005064095396
1973-09,OLS,6,1443,0.04970624963989042,,-0.006181465587077459,-0.0027597740790888344
1973-10,OLS,6,1441,-0.16796885082813004,,-0.0036276703133803715,-0.0017781723046079053
1973-11,OLS,6,1444,-0.018556378451438676,,-0.00767475411835822,0.004163709857954969
1973-12,OLS,6,1442,0.2331881808877679,,-0.0021657967736778594,-0.015397613666668588
1974-01,OLS,6,1440,0.02580970903019114,,-0.0010365353077248592,-0.003477177892234233
1974-02,OLS,6,1440,0.0013618858526203998,,0.0032363213788896353,-0.004141777154265261
1974-03,OLS,6,1439,-0.029944634412859866,,0.0006331020399793893,-0.004718129627762543
1974-04,OLS,6,1439,-0.09109263010078758,,0.002853875257112436,-7.692248977829621e-05
1974-05,OLS,6,1437,-0.0035836128097049944,,-0.002875057610006921,-0.0016586051862062779
1974-06,OLS,6,1561,0.008414571905151809,,-0.004391418497312815,-0.006955988844940134
1974-07,OLS,6,1560,-0.05259866963246932,,-0.0015413304759467371,-0.003759904163919142
1974-08,OLS,6,1556,-0.0712034209244345,,0.000719285106106562,-0.005971574826153084
1974-09,OLS,6,1558,0.054634120201457206,,-0.004388081812240498,0.013990746591060825
1974-10,OLS,6,1551,-0.08070485167400679,,-0.0009058907614126171,0.005387452942167592
1974-11,OLS,6,1553,-0.11247830292422832,,0.0005059506248171902,0.005408410502179644
1974-12,OLS,6,1553,0.4093759497205615,,0.0034310488378631095,-0.02359665682141386
1975-01,OLS,6,1551,0.027875294302674634,,-0.0017170952895654346,0.005025458445639225
1975-02,OLS,6,1548,0.10696451280640311,,0.0034811530972016463,-0.006016851272178937
1975-03,OLS,6,1548,0.018526268901388046,,-0.001425775718303979,0.00488948915664704
1975-04,OLS,6,1546,0.06459431943361232,,-0.000758538967383424,0.001216632471103475
1975-05,OLS,6,1543,0.09523782538909208,,-0.000435079890031044,-0.00285633954383179
1975-06,OLS,6,1956,0.023091745216606823,,-0.0016076518810636375,-0.006529002992876766
1975-07,OLS,6,1956,-0.07791328706597488,,5.7399934915905974e-05,0.003937904154792899
1975-08,OLS,6,1956,-0.04594244364364232,,0.0016887972925791665,-0.001369493506292938
1975-09,OLS,6,1956,-0.02352360193889182,,0.004305353624286556,0.0031487510285172636
1975-10,OLS,6,1956,0.01542436954236604,,0.00523505436273603,-0.0032187153753025525
1975-11,OLS,6,1950,-0.0038335133125178764,,-0.002345125846372389,0.0003071448646611067
1975-12,OLS,6,1901,0.34740993145966165,,-0.0017143024483351527,-0.021058112783766805
1976-01,OLS,6,1944,0.2455984685841167,,-0.001706628014381316,-0.02182391639273547
1976-02,OLS,6,1912,0.000515209113763358,,0.0021545969082562818,-0.00033040161840420634
1976-03,OLS,6,1928,-0.012914707842704914,,-0.0024726822818503867,0.0014251915001099495
1976-04,OLS,6,1921,-0.040719996003729504,,-0.0025545345897930788,0.0050284141215069305
1976-05,OLS,6,1912,0.04284452387663931,,-0.0026972079027095764,0.0013005632912017062
1976-06,OLS,6,2368,0.0009238604431142408,,0.0007483493823945811,-0.002633193419813806
1976-07,OLS,6,2170,-0.027736579024205527,,0.0014753934762050571,-0.001102550509235927
1976-08,OLS,6,2349,0.005561353120565997,,-0.0003996816828351712,0.0015447802313503839
1976-09,OLS,6,2331,-0.026006236950138713,,-0.000975641488373059,0.0002756204592978651
1976-10,OLS,6,2341,0.029567313104043192,,-0.001042401072001239,-0.00015744283702010388
1976-11,OLS,6,2332,0.11773599577502823,,-0.0005989802278342981,-0.0037203716313740413
1976-12,OLS,6,2296,0.09523453241716119,,-0.0010497213078171448,-0.011368094354688463
1977-01,OLS,6,2310,0.0028475530402451827,,0.001057181141707292,-0.002902250636960164
1977-02,OLS,6,2301,0.021455993340654726,,-0.0018871532009454338,-0.0014901696649573957
1977-03,OLS,6,2297,0.031848022579334265,,-0.002058522760355954,-0.0018517667951983051
1977-04,OLS,6,2279,0.008523688514673685,,0.0012105751109367127,-0.002969411398578611
1977-05,OLS,6,2273,0.05457423944746325,,-1.7137486057403346e-05,0.0002115131977601957
1977-06,OLS,6,2409,0.0052333761326148346,,0.0018887299740857478,-0.003155722926186076
1977-07,OLS,6,2397,-0.043825996891944455,,0.0038590421690826945,0.0011077525543949317
1977-08,OLS,6,2385,0.0005298678293588351,,0.0012439940616341275,-0.00023216226186166463
1977-09,OLS,6,2370,-0.023530088597762074,,0.001789643834016676,-0.0032005263489059267
1977-10,OLS,6,2368,0.08026940087655686,,0.0008432598847748133,-0.0016795390662751304
1977-11,OLS,6,2355,0.01324828871915967,,-2.879315728519765e-05,0.00014873867551496873
1977-12,OLS,6,2331,0.015206035105379028,,-0.0012385163062869713,-0.005968350196910952
1978-01,OLS,6,2322,0.029965142871554797,,0.00187397034424477,-0.0036802434851451633
1978-02,OLS,6,2311,0.0859301718017908,,-0.0008255233064344455,-0.0023814216432253175
1978-03,OLS,6,2300,0.07587836078256949,,0.0010090015848326513,0.0005639185001002604
1978-04,OLS,6,2282,0.06308714164339058,,0.0018569890934425095,-0.0012903283549466373
1978-05,OLS,6,2259,-0.0005449246983904995,,0.0006096592292675444,-0.0016397845548745936
1978-06,OLS,6,2355,0.03575928555928797,,-0.001485874211205861,0.004072374376391194
1978-07,OLS,6,2336,0.08608195984619046,,0.0021219519646207747,-0.002161337262857068
1978-08,OLS,6,2331,0.02689987631515288,,-0.0026037633329108823,-0.0034202255474264473
1978-09,OLS,6,2328,-0.1936914475943639,,-0.0013489324208638398,-0.0010934150631519406
1978-10,OLS,6,2314,0.023036222659082638,,0.0015260416276890042,0.003467154005780456
1978-11,OLS,6,2306,-0.02662100806942345,,0.0014487698759521879,0.004220454137903271
1978-12,OLS,6,2284,0.14223319412115745,,-0.0030246641049525807,-0.005609142730213889
1979-01,OLS,6,2258,-0.020290342551826084,,-0.0012280870135438987,-0.0012757985169407917
1979-02,OLS,6,2259,0.08232428304799859,,-0.0034001589434676277,0.0028769710243232195
1979-03,OLS,6,2252,0.034949050894716525,,-0.0020421619454399236,-0.0009115200774757333
1979-04,OLS,6,2242,-0.011277136926231775,,-0.0002015399035278138,-0.001425431418081568
1979-05,OLS,6,2230,0.05425779366745611,,-0.005924318425954686,0.003350398679181951
1979-06,OLS,6,2303,0.018187495693472795,,6.723805452584617e-05,-0.00043777818293832415
1979-07,OLS,6,2287,0.05754596442374432,,0.00018926578616926823,0.0028649743232068378
1979-08,OLS,6,2273,-0.011179298847626232,,-0.0017865235267071338,0.0017757692985331298
1979-09,OLS,6,2272,-0.11154044281044731,,0.0007551068437017587,0.00010489395214996311
1979-10,OLS,6,2264,0.03148126796966673,,-0.002419675315462366,0.007264986890293389
1979-11,OLS,6,2248,0.057536941436032024,,-0.0036967685957460727,0.0032830043716334076
1979-12,OLS,6,2221,0.1432266801707704,,-0.007958797648876411,-0.0006734309425503992
1980-01,OLS,6,2199,-0.01596663310369011,,-0.0029665121827361393,0.0008085614043040338
1980-02,OLS,6,2190,-0.19377908851297232,,0.004697499227545651,-0.0014981965885394086
1980-03,OLS,6,2183,0.018142653353654177,,-0.00027837650818567507,0.0027375502032211973
1980-04,OLS,6,2171,0.04975310220303641,,0.0022826806231345718,0.0007197712090591811
1980-05,OLS,6,2169,0.02883328526226555,,-0.0018087351107444324,0.002035666737718422
1980-06,OLS,6,2255,0.0592285629713055,,0.0030159954376883552,0.004745622855590961
1980-07,OLS,6,2250,0.041360616930066395,,0.0004209822659095295,0.003790522103469879
1980-08,OLS,6,2234,0.02016294741850901,,-0.0004947644623998573,0.0027941532294722847
1980-09,OLS,6,2231,0.014765190346489612,,-0.0006819206676482273,0.0018297269400586096
1980-10,OLS,6,2221,-0.004889885789888182,,-0.0037516473627269113,0.014175685577678163
1980-11,OLS,6,2215,-0.06663853642619988,,0.004815022030333527,-0.0015865940236796416
1980-12,OLS,6,2208,0.050519498138806844,,-5.957971815472782e-05,-0.009876075448500587
1981-01,OLS,6,2171,0.03134573448147893,,-0.0014221431101550052,-0.0036775963513922504
1981-02,OLS,6,2166,0.07167853630761714,,0.0011388145672819108,-0.0008643361036732715
1981-03,OLS,6,2156,0.011016084850851223,,0.005834182016225346,-0.0038073938639443627
1981-04,OLS,6,2149,0.020967125068867002,,0.0011444817896030962,-0.0015454907115420137
1981-05,OLS,6,2140,0.020973747596534753,,0.0012474559316504503,-0.008407360322552543
1981-06,OLS,6,2277,-0.02060452500038143,,-0.0024653413857542036,-0.00011987061908165535
1981-07,OLS,6,2268,-0.05062605807255287,,0.0004529132320910818,-0.00735231150186757
1981-08,OLS,6,2247,-0.08424224653818756,,0.0037875095850653825,-0.004976825694191956
1981-09,OLS,6,2246,0.01790355709808246,,0.00012485219733868698,0.007637136274951357
1981-10,OLS,6,2243,0.012473510400078311,,0.0006768509798956351,-0.0012798713116075793
1981-11,OLS,6,2234,-0.030414971851457404,,0.004493145967974656,-0.003550442088880517
1981-12,OLS,6,2224,-0.013177182546207802,,0.0020926625027919725,-0.00439089890185133
1982-01,OLS,6,2200,-0.01630892971227984,,0.0024125372689949042,-0.008177406172560776
1982-02,OLS,6,2183,-0.019981978491546027,,0.004827191693645198,-0.0039621181159839045
1982-03,OLS,6,2172,0.018425648982918624,,0.0028355052198277995,0.001932354303202693
1982-04,OLS,6,2165,-0.02880195958815144,,0.00269829374661748,-0.0035407655423861455
1982-05,OLS,6,2147,-0.011734196472170076,,0.002523068134176866,-0.005923847304547253
1982-06,OLS,6,2331,-0.028979967380127456,,0.0045921076455726845,-0.003090667964969551
1982-07,OLS,6,2327,0.03394120989668422,,0.00019728918081849067,0.0052018101071225715
1982-08,OLS,6,2307,0.015683573928484778,,0.005684373452957209,-0.003980390035351512
1982-09,OLS,6,2296,0.09036053145749094,,0.0019841057081678116,0.00443503506978735
1982-10,OLS,6,2287,0.08872684099683838,,0.006013185033625266,-0.005027156271460632
1982-11,OLS,6,2278,0.01619666788720218,,0.0016535323169708206,-0.0013363468913513894
1982-12,OLS,6,2249,0.10625181196337515,,-0.006526700916192713,0.002759144039898577
1983-01,OLS,6,2238,0.0710315616502906,,0.004903038782609175,-0.007681179088888247
1983-02,OLS,6,2227,0.059719798690384227,,0.002402827143508157,-0.004274524823371239
1983-03,OLS,6,2217,0.0756746907351675,,0.0005038636791270402,-0.0024475382956877794
1983-04,OLS,6,2211,0.07832009015910296,,-0.0033897023399023104,0.003618807432219499
1983-05,OLS,6,2200,0.04322187758498623,,0.001285529921679338,-0.0005517923312626736
1983-06,OLS,6,2374,0.016173642473901365,,-0.0009870610539985047,-0.007515396340207305
1983-07,OLS,6,2361,-0.015873549234121997,,-0.00027578175486717165,-0.003830152897735423
1983-08,OLS,6,2352,0.0047304111684889506,,0.0037127573334322906,-0.004376254862012473
1983-09,OLS,6,2340,-0.02427921707108494,,-0.00031002687720992317,-0.006537606494729813
1983-10,OLS,6,2337,0.031112603833905548,,0.0024462907265067643,-0.001198302536680149
1983-11,OLS,6,2326,0.008909246234756656,,-0.0007369988466805478,-0.004871140700653044
1983-12,OLS,6,2303,0.04719277538887203,,-0.004896569509946161,-0.004945667589685527
1984-01,OLS,6,2281,-0.03926461723561476,,-0.001966656671612548,-0.0028382594779332287
1984-02,OLS,6,2273,0.02779282951838695,,0.0003273543087123827,-0.004334220588634627
1984-03,OLS,6,2257,-0.011631219715588436,,0.0026716409457279984,-0.004228571461445596
1984-04,OLS,6,2246,-0.043114016485477726,,0.0028016135457046005,-0.004755964192069061
1984-05,OLS,6,2226,-0.017568365067848035,,0.0055777790939757176,0.000580231578355792
1984-06,OLS,6,2495,-0.04374121979497929,,0.004013733179210963,-0.006323274321460825
1984-07,OLS,6,2483,0.04496128074556113,,0.004976842733921985,0.004151066620519995
1984-08,OLS,6,2458,0.021695809272853823,,-0.0008332339781079398,-0.0059041470194048365
1984-09,OLS,6,2439,-0.028794100119667897,,0.003754927505187427,-0.0050499157781897725
1984-10,OLS,6,2418,-0.01848336252059482,,0.00248337855896724,-0.006569244285006408
1984-11,OLS,6,2403,-0.016585449726965983,,0.00408788883313987,-0.0012244726989063001
1984-12,OLS,6,2379,0.07035914507439864,,0.0016676958476640473,0.006416740078632702
1985-01,OLS,6,2358,0.031029154791358024,,0.0004170755541286912,0.00040191389375754643
1985-02,OLS,6,2349,0.0013950534072254936,,-0.0007917914808632167,-0.003960965168201131
1985-03,OLS,6,2338,-0.0014297119875197536,,0.00029477072348691163,-0.004680599750725236
1985-04,OLS,6,2320,0.006858133377290512,,0.004240016030171325,-0.0013710577170902454
1985-05,OLS,6,2297,-0.01220926840687605,,0.0033060461610054386,-0.001984492364099146
1985-06,OLS,6,2524,0.027938005668593165,,-0.0007067599621724132,-0.0013444402843034772
1985-07,OLS,6,2504,3.226409100419343e-05,,-0.0006874262892794905,-0.002001130003080488
1985-08,OLS,6,2492,-0.04329311864221843,,0.002381933146562708,-0.005144027513987012
1985-09,OLS,6,2473,0.004550117757551807,,0.0036175121496280728,-0.0022895653256218163
1985-10,OLS,6,2451,0.010585971474103409,,0.005711545991310693,0.0009835557247460161
1985-11,OLS,6,2432,-8.892830036259236e-05,,0.006150232897112388,-0.0025796714618873244
1985-12,OLS,6,2416,0.012069833738598578,,-0.00020815566358648447,0.0023382261249495118
1986-01,OLS,6,2401,0.033911969661959175,,0.004344206680721165,-0.0004942839370145981
1986-02,OLS,6,2382,0.05986979141524919,,0.001086286739688996,-0.004279677141217201
1986-03,OLS,6,2363,-0.011410056180255639,,0.002950338938218407,-0.00014301141872187671
1986-04,OLS,6,2343,0.008752333706856675,,0.004378919232499915,-0.00023106776540286972
1986-05,OLS,6,2320,-0.018885298502891897,,0.0031598452446797024,0.0006181898180936669
1986-06,OLS,6,2589,-0.07232804872026076,,0.0009203648219491384,-0.0036547167451991824
1986-07,OLS,6,2577,0.058172827996879166,,-0.0036736022746056943,-0.003315722280578983
1986-08,OLS,6,2562,-0.0020538930065830026,,-0.0054172133378886786,-0.005108865559153907
1986-09,OLS,6,2534,0.00022928132660035528,,0.002973724068552864,0.0029689959577960585
1986-10,OLS,6,2503,-0.015575356370601546,,0.004791104427167074,-0.002331303550266497
1986-11,OLS,6,2454,-0.02778320011478219,,0.0026721113757654825,-0.004138306264099872
1986-12,OLS,6,2427,0.12436276417215938,,-0.002965104137721089,0.0022780223817401297
1987-01,OLS,6,2417,0.03771412405332184,,0.0014936912938548776,0.005295426171609738
1987-02,OLS,6,2397,0.07371119120700549,,-0.006323476731452871,-0.0009781740547141983
1987-03,OLS,6,2376,-0.0024807887488973203,,-0.001818349323533223,-0.00109873078722903
1987-04,OLS,6,2367,0.025338514960680632,,-0.0017354248538428412,-0.0015661456995534886
1987-05,OLS,6,2349,0.029748826725449932,,0.0011910380108764614,-0.0019505033820599903
1987-06,OLS,6,2700,0.09058155071712386,,-0.005234013376272719,-0.0029389165815475998
1987-07,OLS,6,2677,0.00037912556035009517,,0.004765990692261802,-0.0026519925239781024
1987-08,OLS,6,2657,-0.00760543495155772,,0.00037244569392805944,-0.0013903350785248777
1987-09,OLS,6,2632,-0.26583101195213177,,-0.0002791162275207099,-0.0055646695213887815
1987-10,OLS,6,2605,-0.022885042183346558,,-0.0007155427942326177,-0.005224143605923619
1987-11,OLS,6,2583,0.010881362736501355,,0.007147007718239797,-0.00026924987032320776
1987-12,OLS,6,2561,0.06207315434385595,,-0.001988289539413986,0.002457768552328593
1988-01,OLS,6,2541,0.06852819446933794,,0.0025150486926301388,-0.0015086243485732237
1988-02,OLS,6,2524,0.06323421127760168,,-0.0007123559288487627,-0.003576550119142111
1988-03,OLS,6,2499,0.029416433844808375,,-0.0007146443629447843,-0.0018909090205659462
1988-04,OLS,6,2475,-0.006906653841517981,,0.0011663362379668435,-0.003921517572534329
1988-05,OLS,6,2450,0.031844566101971936,,0.0026259710850358017,0.0010011666300608615
1988-06,OLS,6,2552,0.009569440568391053,,-0.0009014122189660961,-0.002763800007242166
1988-07,OLS,6,2527,-0.017413712718266576,,0.0008625000286232567,-0.0031339743848255663
1988-08,OLS,6,2508,-0.0040406226552706665,,0.002905445149160483,0.0012364209435583343
1988-09,OLS,6,2480,-0.015344186548571784,,0.0020279557378875446,-0.002498878541287805
1988-10,OLS,6,2456,-0.031014039208293386,,0.001024248711596113,-0.003822922856026352
1988-11,OLS,6,2430,0.028233986150944954,,0.001707968987368212,-0.0018467530671839284
1988-12,OLS,6,2408,0.05153253794728374,,-0.0006763084593189704,0.0010924186309269957
1989-01,OLS,6,2385,0.0007692092745201183,,0.0012837534579426802,-0.0018922904418713028
1989-02,OLS,6,2367,0.02602933208325976,,-0.0006774805383900447,-0.000267520561338325
1989-03,OLS,6,2357,0.027982269485158823,,-6.710417824581142e-05,0.00043157909870206445
1989-04,OLS,6,2333,0.012944707693318444,,0.002195540013460368,0.00037604546762424725
1989-05,OLS,6,2308,-0.0017518387155604771,,-0.0010181305312981564,-0.0028176647548176373
1989-06,OLS,6,2591,0.008129175414718394,,0.0018267666617817647,0.0009087583370972738
1989-07,OLS,6,2562,0.03275166676529274,,-0.0011744555314896123,-0.0026565187789094544
1989-08,OLS,6,2542,-0.018428175792802384,,0.0012447550743479685,0.0011418914276374716
1989-09,OLS,6,2522,-0.058022915215736603,,0.0006947541116043928,-0.0015418491524249324
1989-10,OLS,6,2499,-0.009884090738749015,,-0.0019115062905947398,0.00018189728707341602
1989-11,OLS,6,2484,-0.013429693723914293,,0.0009951159790432544,-0.0003849501050560077
1989-12,OLS,6,2449,-0.027697799931270525,,-0.0031759836311456386,-0.003352329168497837
1990-01,OLS,6,2436,0.024106839823234222,,-0.0018370486588510108,0.0005762310171916068
1990-02,OLS,6,2421,0.02520523777906464,,0.0023319704820678583,-0.0013346841936713533
1990-03,OLS,6,2406,-0.04838913043498924,,0.0025659603109794236,0.0006770416361758635
1990-04,OLS,6,2390,0.011182016665379074,,0.00217225694538911,0.005238786377564481
1990-05,OLS,6,2364,-0.0176275236689896,,0.000841107174605595,0.0025334533264990853
1990-06,OLS,6,2701,-0.00446489197795863,,-0.004209099448340232,-0.0014386815503694985
1990-07,OLS,6,2679,-0.06521868357434725,,-0.005276984865909495,-0.006084934171418432
1990-08,OLS,6,2669,-0.04798910125309107,,-0.0031134536840908985,-0.0035204280947012585
1990-09,OLS,6,2653,-0.06804977663389647,,0.00188273642061821,-0.0009271447282371434
1990-10,OLS,6,2651,-0.0034764790889963773,,0.004502769217499275,0.0034538059797640957
1990-11,OLS,6,2638,-0.01363211781714939,,0.004869543605703918,-0.002113072032593827
1990-12,OLS,6,2615,0.09844754923594864,,-0.00017088871248305948,0.0001482625847704871
1991-01,OLS,6,2603,0.10199302723249984,,-0.0006232016266391086,0.0045477264669735095
1991-02,OLS,6,2587,0.05582607600141076,,0.00316854816908867,0.001795723248817042
1991-03,OLS,6,2569,-0.016116897722080917,,0.0042792453816187966,0.0015587583997377658
1991-04,OLS,6,2555,-0.0032859586826120618,,0.0032240847323183664,0.003621156638945292
1991-05,OLS,6,2548,-0.02896115500870075,,0.00013931315793064392,-0.0024836454623694357
1991-06,OLS,6,2704,0.014115793260093205,,0.0007757630452988204,0.002047076038598437
1991-07,OLS,6,2688,-0.007675704309365904,,0.0046619856637167695,0.0015476521923100367
1991-08,OLS,6,2682,-0.02054372153623524,,0.0008693024817011261,0.0029838256885351662
1991-09,OLS,6,2667,0.00859893130780717,,-0.0003029696350716518,0.0032243155693273073
1991-10,OLS,6,2652,-0.04820979250250032,,0.002343442072282987,0.000663963290967173
1991-11,OLS,6,2635,0.022928266289509863,,0.003217965274686291,0.0005109499532673039
1991-12,OLS,6,2614,0.16184695872519125,,-0.001089441363358436,-0.0024726083761536497
1992-01,OLS,6,2604,0.05085717108287277,,0.003383578929089202,-0.0031307693820424006
1992-02,OLS,6,2593,0.017163999106882037,,0.0002809827163288975,-0.005700777366461199
1992-03,OLS,6,2580,0.001616670392790504,,-0.0025500349335915934,-0.0050286847436432055
1992-04,OLS,6,2561,0.018758718988148522,,-0.0015066347261809751,-0.0027814945914534017
1992-05,OLS,6,2522,-0.027415860099801508,,-0.0017156836113731682,-0.002435437491291187
1992-06,OLS,6,2661,0.02747071556907378,,-0.0012427311855577625,-3.061922926496731e-05
1992-07,OLS,6,2637,-0.021265421465267137,,0.0011538238698913224,-0.002745907565015859
1992-08,OLS,6,2629,0.021229237281785655,,-0.0018413927560028886,0.0006524280207855598
1992-09,OLS,6,2609,0.016567894369580574,,0.003485835966153099,-0.0027646558508917954
1992-10,OLS,6,2601,0.03914195333238247,,0.005895357624252579,0.0009178019191606016
1992-11,OLS,6,2594,0.04988031365177913,,0.0012046890953328856,-0.004312830399598571
1992-12,OLS,6,2581,0.08704686740293084,,-0.0023349301018584065,-0.0031735469540007688
1993-01,OLS,6,2568,0.03897203496478496,,-0.004722878197369449,-0.004774057294529141
1993-02,OLS,6,2555,0.0396906794660293,,-0.0019777112172976925,-0.001201615393707862
1993-03,OLS,6,2540,0.01277825823917102,,-0.004727594382427529,-0.0028878386534442677
1993-04,OLS,6,2532,0.04922401470866811,,-0.0002233036823539574,0.0006318089835010579
1993-05,OLS,6,2521,0.008825483987048532,,-0.001780472665276142,0.0011947854785519822
1993-06,OLS,6,2723,0.032732718257451714,,-0.002734792930614849,-0.002624483023231327
1993-07,OLS,6,2711,0.037743542146631906,,-0.0018040615300754324,0.0025769526125953507
1993-08,OLS,6,2704,0.02374976868290425,,0.0011523679222768166,-0.0015389150012872531
1993-09,OLS,6,2696,0.04943468132216661,,-0.0013759198166876292,0.00048422745804689127
1993-10,OLS,6,2683,-0.01974230041080699,,0.003076822100093233,-0.002149860321071974
1993-11,OLS,6,2668,0.015465448741767807,,0.0010512328638280497,-0.0009052849957584565
1993-12,OLS,6,2651,0.09386854227717106,,-0.005354910570020609,-0.001977085546467309
1994-01,OLS,6,2632,0.01895541770831881,,0.00031475749585747426,-0.0033367853069806645
1994-02,OLS,6,2617,-0.012144879620153957,,-0.0013492299206603526,-0.004867270356626754
1994-03,OLS,6,2601,0.005032959275132644,,-0.0002360993931425461,-0.002574857252362245
1994-04,OLS,6,2583,0.019919540218970317,,-0.002323573151132069,-0.0018231835014040265
1994-05,OLS,6,2574,-0.0043485438222589596,,-0.0012615630347836667,-0.004069779574765067
1994-06,OLS,6,2819,0.03084977470667213,,-0.0015233871276800757,-0.0017612834094689186
1994-07,OLS,6,2801,0.024029709833851994,,0.0030267825086438462,-0.00017621622714039838
1994-08,OLS,6,2785,0.023217870595191904,,0.00016020742642434618,-0.002715376701215874
1994-09,OLS,6,2774,0.01448220600216197,,0.0015833402448414162,-0.0031593479509769034
1994-10,OLS,6,2759,-0.030288436795242284,,0.0026555773468232473,-0.004000402109209332
1994-11,OLS,6,2737,-0.016062632028426064,,0.0015112805814610562,-0.001913721794273054
1994-12,OLS,6,2725,0.02488193104818661,,-0.00061472179031259,0.0014333563219391292
1995-01,OLS,6,2711,0.03115381365676776,,0.0004892928015624061,-0.0005792702037197792
1995-02,OLS,6,2691,0.015253621266689443,,0.0004413996281808821,-4.434535444715128e-05
1995-03,OLS,6,2677,0.029571020558951208,,0.0008666158748974546,-0.0015417010803254582
1995-04,OLS,6,2654,0.049283169829176035,,-0.003492896918704718,-0.002382213401493738
1995-05,OLS,6,2642,-0.016239794538107307,,0.005595385249831304,0.006561029994787038
1995-06,OLS,6,3011,0.003296518852157577,,0.00584857197683137,0.003093566593780432
1995-07,OLS,6,2991,0.025838219930993202,,-0.0013124821912665436,0.001786347188316275
1995-08,OLS,6,2973,0.028793681717890172,,-0.00026941777411902706,-0.00027805441507254076
1995-09,OLS,6,2952,-0.037655416073118134,,0.00025436978248817474,-0.004520098444724805
1995-10,OLS,6,2934,0.0032687619075271617,,0.0005590288539298992,0.0009869887418666962
1995-11,OLS,6,2921,0.038065718418745724,,-0.005202065396414976,-0.0008926544002972311
1995-12,OLS,6,2897,0.04308020450146697,,-0.004389962516517822,0.0006814906262130765
1996-01,OLS,6,2876,0.010941625333491961,,0.0029396350602553783,0.0016836290167387973
1996-02,OLS,6,2860,0.02133799904078553,,0.0003845208630793383,0.000888555563768373
1996-03,OLS,6,2844,0.0436693507947074,,0.002386149338858189,0.0015489490632076865
1996-04,OLS,6,2822,0.0628211208104048,,0.0020785046429255562,0.00021279289618163436
1996-05,OLS,6,2810,0.0004340145473951115,,-0.0031568022572975867,-0.00467869852990836
1996-06,OLS,6,3201,-0.024745201482306828,,-0.0038660385983863978,-0.008964281070906922
1996-07,OLS,6,3174,0.047087593983696836,,-0.0014429796156519416,-0.00021302990651874738
1996-08,OLS,6,3152,0.004574908671657394,,0.0016565524582524548,0.002265866422157946
1996-09,OLS,6,3137,0.0389802091364247,,-0.003685931006635169,-0.008203561635582633
1996-10,OLS,6,3125,0.04399739172476786,,-0.0005416542900985879,-0.003177863556827854
1996-11,OLS,6,3097,0.03295675776959159,,-0.002277055015608298,-0.004829784546898339
1996-12,OLS,6,3071,0.030912435825566804,,0.0006163138992085886,0.004893072227494855
1997-01,OLS,6,3046,0.021984149581731775,,-0.0020911379189093946,-0.006323164021559948
1997-02,OLS,6,3032,0.02426599783863064,,-0.004526937469733398,-0.008700073607468611
1997-03,OLS,6,3011,-0.02101569613463745,,0.0016419074624777752,-0.002393262073714881
1997-04,OLS,6,2993,0.050054465770075475,,0.00299890532103662,0.0052583492265693525
1997-05,OLS,6,2968,0.05213942923122861,,-0.00045079395719247074,-0.0022408322197807035
1997-06,OLS,6,3231,0.02936435373466847,,0.002811030977749099,0.0006624811593373813
1997-07,OLS,6,3205,0.031054228240194943,,0.0002812965378484999,0.0002824404651312981
1997-08,OLS,6,3182,0.12425237581678446,,-0.00571179848272917,-0.0024657090199178074
1997-09,OLS,6,3148,0.005549270549670621,,-0.002119991744662677,-0.004013612858304088
1997-10,OLS,6,3130,-0.020059812190023812,,0.0034508562088647757,-0.003953323027766387
1997-11,OLS,6,3092,-0.024799223771881644,,-0.0003765582835960307,-0.0029061473226052177
1997-12,OLS,6,3055,0.006426016979606618,,0.0002598683835444169,0.000750104036686001
1998-01,OLS,6,3032,0.03037255634994186,,0.0038031867121876904,0.0024571637375137637
1998-02,OLS,6,2996,0.05131794301471277,,-0.0007657007354925559,-0.0008846511063886676
1998-03,OLS,6,2969,0.019636649424236496,,0.0014365280665356534,-0.0015381835398371752
1998-04,OLS,6,2949,-0.01598324881204714,,-0.00042096267086911263,-0.004835013579191926
1998-05,OLS,6,2908,-0.06920274204506435,,0.006373933852919091,0.000461899267669405
1998-06,OLS,6,3143,-0.06419198074486729,,0.0009854184347484495,-0.0015939678291790255
1998-07,OLS,6,3110,-0.13119342257774377,,-0.002153965336604639,-0.010429164727070405
1998-08,OLS,6,3070,-0.018298610229986943,,0.0029503203094320444,0.007558298045742942
1998-09,OLS,6,3025,0.023828474841443546,,0.0014875030193545959,0.002208497745616177
1998-10,OLS,6,2994,0.016853572804724694,,0.010128541943671712,0.00048240540802416425
1998-11,OLS,6,2966,-0.02100790895621404,,0.007684359161968879,-0.00026102208397022045
1998-12,OLS,6,2917,0.04474309711625727,,0.0016461899315790157,0.00017539962839604274
1999-01,OLS,6,2890,-0.05659250446281181,,0.0009646111124752945,-0.000980168481752303
1999-02,OLS,6,2853,-0.033647813153035395,,-0.0018249119314360542,0.004688451849732074
1999-03,OLS,6,2827,0.09692059240210518,,-0.0032027468878978262,0.002246075603135941
1999-04,OLS,6,2799,0.05549976483585884,,0.0007383338349713509,-0.003100975926801621
1999-05,OLS,6,2761,0.0256224033821262,,0.002854633953624281,0.00036613923943093176
1999-06,OLS,6,3121,0.03961116316581603,,-0.002556789769117474,-0.002962158420251834
1999-07,OLS,6,3088,-0.03150931749620988,,0.0007934558683771032,-0.0009698837931570603
1999-08,OLS,6,3051,-0.06251008264517935,,0.004628694606187043,0.002835423357654114
1999-09,OLS,6,3025,-0.06296585437562285,,0.006197920759288917,0.0019668080056150696
1999-10,OLS,6,2980,0.07580826283067268,,0.0018483777856320555,0.0006824667693900668
1999-11,OLS,6,2943,0.035417674691031235,,0.0020897167694265664,0.007684875056215105
1999-12,OLS,6,2922,0.1275904460615563,,-0.007990399540076295,-0.005933373281116421
2000-01,OLS,6,2890,0.11954910440028518,,0.001185081366093212,0.0017850365652509403
2000-02,OLS,6,2859,0.02914627335740669,,-0.001867228450509754,-0.0004207941377765746
2000-03,OLS,6,2827,-0.029964936690662865,,-0.0033928848515113567,-0.0049389811754326895
2000-04,OLS,6,2804,-0.04897588245560475,,-0.0016438839110828238,-0.0006607088755703172
2000-05,OLS,6,2769,0.05522043049374949,,-0.0006988827713809861,0.0025018037882892155
2000-06,OLS,6,3057,0.07305245353380319,,-0.006971152769840829,-0.010916448186608183
2000-07,OLS,6,3022,-0.008740962331756976,,0.0038060308937927943,0.009501854946251432
2000-08,OLS,6,2990,0.01751023680779022,,-0.0032205428987648462,-0.008531552502099405
2000-09,OLS,6,2943,-0.047599758252736914,,0.002494670584920915,-0.004307688014160773
2000-10,OLS,6,2904,0.004330051981583695,,-0.004974971597374112,-0.016859898149748195
2000-11,OLS,6,2866,0.06802696581794795,,-0.00820548106476202,-0.006032704251248078
2000-12,OLS,6,2823,0.05160524906056319,,0.012696814883201237,0.01964673697980128
2001-01,OLS,6,2798,0.07147343228092382,,-0.0065122054512351734,-0.017884887531264066
2001-02,OLS,6,2770,0.013446222190994186,,-0.005222690108467009,-0.008898144086537307
2001-03,OLS,6,2735,-0.010722919704074355,,0.004844870544709419,0.010279090404365844
2001-04,OLS,6,2699,0.12973229470666614,,-0.004548983610502477,-0.0064091125799106
2001-05,OLS,6,2671,-0.008825610868930375,,0.004792558844084994,-0.001192657485462843
2001-06,OLS,6,2840,0.028802745357671387,,0.00020714392312616694,-0.0095308768774236
2001-07,OLS,6,2790,0.007425054410927367,,-4.309776754601939e-06,-0.007809911251889964
2001-08,OLS,6,2777,-0.1276108365746017,,0.0032037804345722287,-0.005853375105798236
2001-09,OLS,6,2759,0.0015070769242095125,,0.005083088495109193,0.00877437203827518
2001-10,OLS,6,2734,0.02342658346134166,,0.0069668064289582984,0.002954293814032996
2001-11,OLS,6,2712,0.06009233254773291,,0.0015236346101450448,-0.0011506216725597719
2001-12,OLS,6,2686,0.07122491166211783,,0.0033044931529640927,-0.010161580257721556
2002-01,OLS,6,2660,0.011290460991678228,,-0.0004372052180347725,-0.006303308440597542
2002-02,OLS,6,2640,0.12544618672902622,,-0.002838955647188782,-0.0031296678211622476
2002-03,OLS,6,2616,0.0951636201425295,,-0.000999784018200866,-0.014631509204491761
2002-04,OLS,6,2600,0.02344172373170909,,-0.000276355212081616,-0.006121391080323459
2002-05,OLS,6,2571,-0.00804203200492205,,-0.0003877152102868239,-0.011068196786418833
2002-06,OLS,6,2765,-0.0834127762339458,,-0.0035927168027634453,-0.005030304586656325
2002-07,OLS,6,2743,-0.03468859864489425,,0.0039185590651550474,0.0014579379115744957
2002-08,OLS,6,2729,-0.07664842898987373,,0.0016838863178552416,-0.004448857544553912
2002-09,OLS,6,2698,-0.026372635068150626,,0.005692877455422639,0.008340316920570447
2002-10,OLS,6,2675,0.04276700355473281,,0.0005366879174973404,0.01628916864074965
2002-11,OLS,6,2655,0.009023400610582188,,-0.0015511846716040269,-0.010455792691128282
2002-12,OLS,6,2625,-0.0052413486292767365,,0.0009426425704886449,-0.0017249097048669274
2003-01,OLS,6,2606,-0.041272798009372634,,0.002722444749326826,5.28409244574595e-05
2003-02,OLS,6,2573,-0.03529071058857549,,0.0037321728392480775,0.0040034370171964425
2003-03,OLS,6,2557,0.0659306459865778,,-0.00013407780447823988,0.0071042998104548765
2003-04,OLS,6,2533,0.12205953915198996,,-0.00527428638082374,0.0075435985301899565
2003-05,OLS,6,2515,0.046130933015675495,,0.001984461459743439,-0.0007292320802294505
2003-06,OLS,6,2748,0.056247747981039646,,0.004922371746953457,-0.00015894837670615174
2003-07,OLS,6,2723,0.0773987064121343,,-0.0013226553081224113,-0.0019738702960132477
2003-08,OLS,6,2704,0.06454077472029186,,-0.004675075580703935,-0.003757865187709399
2003-09,OLS,6,2690,0.10830762261230541,,0.0005159686324643901,-0.0024757707341289516
2003-10,OLS,6,2671,0.06420492588494428,,0.00021651813566387604,-0.004094773703431977
2003-11,OLS,6,2652,0.1025195430575227,,-0.008712384667690816,-0.002877929469377169
2003-12,OLS,6,2630,0.09567789098051453,,-0.003628235576540999,-0.000518876228391747
2004-01,OLS,6,2616,0.01591641053693558,,0.0013552429754138647,-0.002390271018817397
2004-02,OLS,6,2601,0.020220975063890183,,0.0003685888952662854,-0.0030679335582213447
2004-03,OLS,6,2583,-0.0283730788619167,,0.001101726596014308,-0.0006031129127036642
2004-04,OLS,6,2570,0.01285013998338937,,9.318908123793022e-05,-0.0016139215533399278
2004-05,OLS,6,2549,0.06536224153868718,,-0.0025625645833233274,-0.0036147227226323974
2004-06,OLS,6,2632,0.01986277959777861,,-0.006165746954288402,-0.010748734870950419
2004-07,OLS,6,2617,0.0052085642957502235,,-0.0021414217971845997,-0.0030613921855147997
2004-08,OLS,6,2610,0.04733977244018746,,-0.0003993323180390434,-0.0002274362007092681
2004-09,OLS,6,2595,-0.0036824146853335123,,0.002153182820558677,0.0018196123132866056
2004-10,OLS,6,2578,0.09578940994178028,,0.0001769845806542387,-0.00043985628531647474
2004-11,OLS,6,2559,0.05339602499733124,,0.000374396250299011,0.0017130484455790275
2004-12,OLS,6,2540,0.0021036988632391553,,-0.0010355893601328233,-0.005869617638096007
2005-01,OLS,6,2529,0.0456148686260351,,-0.003129984706177551,-0.002355429439612217
2005-02,OLS,6,2513,0.009679433839109167,,0.0005028535691673797,-0.007060522241318996
2005-03,OLS,6,2497,-0.04429283557519788,,-0.00012855415467631854,-0.003515662528816762
2005-04,OLS,6,2479,0.01967346645867718,,0.003086323093530415,0.003092480130634695
2005-05,OLS,6,2465,0.05245850998678569,,-0.00134657246292525,-0.002911791932683635
2005-06,OLS,6,2521,0.06712713013999941,,-0.0009592847396508894,0.0015280824740828132
2005-07,OLS,6,2502,0.024899535329741748,,-0.003482591195982446,-0.003805077110292499
2005-08,OLS,6,2487,0.00020695268475013774,,-0.0007705990427521603,0.0015239330299473205
2005-09,OLS,6,2466,-0.03948891145650437,,0.0019361209933835063,-0.0009127467505679377
2005-10,OLS,6,2451,0.036037386568650485,,0.0012306505668124852,-0.0006708936365721218
2005-11,OLS,6,2433,-0.0026199576665924505,,0.001351150223191988,0.00047355224403972313
2005-12,OLS,6,2411,0.09322411043256064,,-0.004048324460904684,0.001961376549188131
2006-01,OLS,6,2398,-0.017926410824422825,,0.0024115322118770377,0.0006907655292301003
2006-02,OLS,6,2381,0.05141171986436709,,-0.0009303106452465591,-0.00046377096536165185
2006-03,OLS,6,2370,0.03545307970944878,,-0.0022799794371784424,-0.00295838286734129
2006-04,OLS,6,2351,-0.017332562984636965,,-0.0022267192424744423,-0.0050524330682438666
2006-05,OLS,6,2337,-0.005635554454359139,,-0.0001507105420812295,-0.0016031704519005414
2006-06,OLS,6,2439,-0.018971112287636184,,-5.303182990740578e-05,-0.004298432297507403
2006-07,OLS,6,2426,0.003473790465438435,,0.00021388213481022444,0.00318980218653562
2006-08,OLS,6,2414,-0.000871519806072508,,0.004950786834942743,-0.0031212445380371014
2006-09,OLS,6,2397,0.04289401076006641,,-0.00042939867651709164,0.0013191028373968016
2006-10,OLS,6,2381,0.03395755763502878,,-0.002218222944276094,0.0005534201226268174
2006-11,OLS,6,2360,0.025516150073228445,,-0.00018241481269666224,-0.002659844983939669
2006-12,OLS,6,2330,0.016519554760069655,,0.0012292535443265088,0.0005148767305273895
2007-01,OLS,6,2317,0.0020244178695906717,,9.090211365260148e-05,0.00019439959489683543
2007-02,OLS,6,2299,-0.009279659217411926,,0.0017151741663857594,0.0006749903506895327
2007-03,OLS,6,2278,0.0278747355736055,,-0.0015354718579739266,0.0012359040843862698
2007-04,OLS,6,2259,0.027984642908606076,,6.545731716439026e-05,-0.0002860243684133919
2007-05,OLS,6,2235,-0.0028771355940131814,,-4.921382166454837e-06,-0.0006292193061584084
2007-06,OLS,6,2367,-0.045005882047107974,,0.0003009945523984221,-0.0004428143657576722
2007-07,OLS,6,2342,-0.0645217824793221,,0.0030863549508708416,0.0052637878938470925
2007-08,OLS,6,2324,-0.029852091681184495,,0.002460905808696564,0.004899991631713252
2007-09,OLS,6,2300,0.01086699280591611,,-0.0009526632015481748,0.002580260385170025
2007-10,OLS,6,2275,-0.10122612900256835,,0.0028251386460869912,-0.0003438490437469436
2007-11,OLS,6,2250,0.0015556275828395682,,-0.0008658125422629215,-0.0016570627461694805
2007-12,OLS,6,2240,-0.025666953673138433,,-0.0032042687625279272,-0.0033812724859638736
2008-01,OLS,6,2228,0.00324450981472473,,-0.002866431417218308,-0.0009044241931062099
2008-02,OLS,6,2212,0.002039586778084856,,-0.00047836343990925403,-0.002476432385800644
2008-03,OLS,6,2196,0.026519589825347634,,0.00021397091372233834,0.00047589893009833184
2008-04,OLS,6,2174,0.03212690701124154,,-0.0005360188073452588,0.002723725561308949
2008-05,OLS,6,2167,-0.07276210450663326,,-0.001152932476493734,-0.0009974666046873725
2008-06,OLS,6,2323,-0.009261690026294867,,0.0025716124196724604,-0.0004849508828609034
2008-07,OLS,6,2306,0.025349028769043963,,0.003395572507255651,-0.0026168206604632407
2008-08,OLS,6,2292,-0.13488290862099037,,0.005352737048723943,-0.00367939373273618
2008-09,OLS,6,2274,-0.24639066951923722,,0.004619846905067734,-0.0025932033692755508
2008-10,OLS,6,2258,-0.17460188001231633,,0.0020807829843869385,0.003302864681335958
2008-11,OLS,6,2242,0.0809786709224795,,-0.002952321765425446,-0.004357044811446944
2008-12,OLS,6,2228,-0.08873982352454521,,0.0014220269897142822,0.007917027949182866
2009-01,OLS,6,2215,-0.1689469091129208,,0.009537610077384046,0.0013740685040997305
2009-02,OLS,6,2198,0.12991212326535626,,-0.00021243482491133033,-0.0017621857941403619
2009-03,OLS,6,2180,0.34660361438422654,,-0.009827056134531427,-0.008385350230632803
2009-04,OLS,6,2167,0.1477854847918452,,-0.009893101281460308,-0.0015879756520042598
2009-05,OLS,6,2153,0.011434239996455178,,0.0030809406856596865,0.0024077545485661463
2009-06,OLS,6,2286,0.11357297003495281,,-0.003459545910947202,0.0016308766059745907
2009-07,OLS,6,2276,0.0637758550857846,,-0.00136218242416551,0.002775544227896063
2009-08,OLS,6,2267,0.088288261688314,,-0.0031231999678722677,0.0023621231225134476
2009-09,OLS,6,2252,-0.0492427993925748,,0.0038510032018681506,-0.005143919575049416
2009-10,OLS,6,2232,0.1073809678175315,,-0.007177275925619288,-0.006924062199257022
2009-11,OLS,6,2221,0.07358972785728464,,-0.0008178658595645567,0.001482386731006318
2009-12,OLS,6,2209,-0.015432721315251589,,-0.001142620892042066,0.0003699570450300109
2010-01,OLS,6,2190,0.06350783625538983,,0.0004563924833764442,-0.003408374902454379
2010-02,OLS,6,2178,0.05935257896221865,,0.003533870705984489,0.0011689607577155259
2010-03,OLS,6,2164,0.08595668933782658,,-0.002123735364888968,-7.162868295409981e-05
2010-04,OLS,6,2157,-0.07558210093046458,,0.002185857351923777,-0.0026654121118674396
2010-05,OLS,6,2151,-0.07955564423573214,,0.0016386398738732282,-0.0006562360949266803
2010-06,OLS,6,2273,0.07725036706901153,,-0.00356694648597648,0.0017932282915886243
2010-07,OLS,6,2257,-0.07952983006171858,,0.001917275928494886,0.00018722047299061194
2010-08,OLS,6,2246,0.07266007220817627,,0.0055442402643207786,0.0036970310571969272
2010-09,OLS,6,2230,0.042520947635132686,,-0.00029347469550039366,0.001427175348832797
2010-10,OLS,6,2212,0.05193598649399667,,-0.0013331656212455247,-0.002095372212251691
2010-11,OLS,6,2188,0.10124923340183832,,-0.004551074852404437,0.0011672644469192693
2010-12,OLS,6,2171,0.02659426220865947,,-0.002375156764536821,0.0012058481652071815
2011-01,OLS,6,2160,0.06079881161211383,,-0.0019976755133194607,4.9089494733600004e-05
2011-02,OLS,6,2148,-0.0020717260466902557,,0.00237073831931595,0.0019289688938588546
2011-03,OLS,6,2134,0.00012009251092047685,,0.003355260138163057,0.0005026837811532962
2011-04,OLS,6,2120,-0.03973074979685927,,0.003456932847999103,0.0005798880297785062
2011-05,OLS,6,2094,-0.000392162193245931,,0.0002510626610028361,-0.003986249000900037
2011-06,OLS,6,2152,0.00989812442219819,,-0.0013271703415933744,-0.005073732318713271
2011-07,OLS,6,2142,-0.0945075194977988,,0.0023238511940372156,-0.0024229005656975166
2011-08,OLS,6,2134,-0.1088713039367429,,0.00490059329900732,-0.005200236023093425
2011-09,OLS,6,2121,0.0903442112996313,,0.0006572362842427325,0.007379097008109509
2011-10,OLS,6,2108,0.010353729533014049,,-0.00172589457444699,-0.0021482728276577146
2011-11,OLS,6,2094,0.012231435140183445,,0.00019292807817451992,-0.002179586688322748
2011-12,OLS,6,2082,0.079462916865413,,-0.0016373597787188207,0.003990872962862513
2012-01,OLS,6,2072,0.04289409520403154,,-0.0009109532054583782,-1.4717000811995361e-05
2012-02,OLS,6,2065,0.01738000474317183,,0.003405868262322406,-0.001552181650016006
2012-03,OLS,6,2053,0.0024587340939240367,,-0.0008442235470709621,-0.0019594543331504758
2012-04,OLS,6,2045,-0.06034342608673386,,0.0015188700480889654,-0.004414262646588173
2012-05,OLS,6,2035,0.055014153716658326,,-0.002835058475924143,6.316525233965617e-06
2012-06,OLS,6,2090,-0.013491178340289942,,-0.0004632984508769941,0.0007950195627692134
2012-07,OLS,6,2076,-0.015852933137881775,,0.003691221620854225,0.004770240902942996
2012-08,OLS,6,2067,0.03837489015554044,,-0.0012324077485876255,0.0007357729039301053
2012-09,OLS,6,2052,-0.00859171605247585,,-0.0007565930504743183,-0.0019450041624522526
2012-10,OLS,6,2039,0.01874505611630411,,-0.00021729822112996928,-0.0014057459193403887
2012-11,OLS,6,2022,0.044522089411589326,,-0.001388061700488901,-0.0013760344985978717
2012-12,OLS,6,2015,0.10161697479799153,,-0.003649786594760797,-0.0020809710043801994
2013-01,OLS,6,2006,0.023736812610205847,,-0.000888428303710374,-0.0021959243177703904
2013-02,OLS,6,1998,0.03700006909434494,,-3.488208506373868e-05,0.0009697965398605469
2013-03,OLS,6,1989,-0.03406217476489028,,0.0035359583018116703,0.0023626682497979046
2013-04,OLS,6,1978,0.06709789087882564,,-0.0007360705350894256,-0.0008943316680572973
2013-05,OLS,6,1965,0.0010922370216894255,,0.001229194702304169,-0.0022984534149614296
2013-06,OLS,6,2057,0.0720272550129746,,-0.0007259901580904608,0.0011193231211101713
2013-07,OLS,6,2043,0.0036107476715502825,,-0.001693281472923016,-0.002218803154248353
2013-08,OLS,6,2034,0.07926844900878939,,-0.0028283475080256248,4.326392210947192e-05
2013-09,OLS,6,2018,0.04762622264060088,,0.00020753328023427354,-0.002660124891895363
2013-10,OLS,6,2001,0.03332761206791945,,0.0018107287972679669,0.0002002636236179984
2013-11,OLS,6,1993,0.031269302754686035,,-0.001615326364590581,0.0010814182178315035
2013-12,OLS,6,1981,-0.02984938709670147,,-0.0006296782698032734,0.004305165906588565
2014-01,OLS,6,1962,0.07290517137490923,,-0.0033572615356723045,-0.0005460068603293782
2014-02,OLS,6,1956,0.0396141398878447,,-0.003262566571378124,-0.0032473734132229767
2014-03,OLS,6,1949,-0.026309078772789027,,-0.00047435934276838474,-0.0007767255301813886
2014-04,OLS,6,1940,-0.006673452592125165,,4.813369151718275e-05,0.001116207129134824
2014-05,OLS,6,1934,0.027689347024442684,,-0.0018455197577943378,0.004643211015649565
2014-06,OLS,6,1990,-0.042980076502600606,,0.0018595271347119152,-0.0023865826513396345
2014-07,OLS,6,1984,0.03115053090022181,,0.0018498789450532075,0.0006660903169063741
2014-08,OLS,6,1977,-0.06381970659151347,,0.005259399600995873,-0.0028019030415427715
2014-09,OLS,6,1965,-0.008101938968342815,,0.006819340360164665,-7.149692666497054e-05
2014-10,OLS,6,1958,-0.013865177332536647,,0.004557255099388314,-0.001571795881366893
2014-11,OLS,6,1949,0.011228908290804071,,0.004176951777812739,-0.0037529515023071065
2014-12,OLS,6,1933,-0.03580811094164523,,0.0012573463005516453,-0.0004009812541984165
2015-01,OLS,6,1921,0.08122414822766413,,-0.005474446713625156,0.00399292571031681
2015-02,OLS,6,1911,0.012296333405753916,,0.000690402883515589,-0.003674686332391214
2015-03,OLS,6,1905,0.03206639827717415,,-0.004763138265945005,-0.001135978231140008
2015-04,OLS,6,1899,0.0005856699083747784,,0.0011154865197368382,-0.0008348814885219592
2015-05,OLS,6,1888,-0.01830407657637919,,0.0033740210910804622,-0.00152693552979824
2015-06,OLS,6,1942,-0.0993760332809335,,0.009164491284844164,0.002346226818797207
2015-07,OLS,6,1932,-0.016497826277207486,,-0.0022095768951666123,-0.0023266897610118584
2015-08,OLS,6,1923,-0.07617941929398916,,0.006178610350010966,-0.0038014308904382363
2015-09,OLS,6,1905,0.06174155030525731,,-0.0007978710410257621,0.0011113465513929448
2015-10,OLS,6,1901,0.01751872662020849,,-0.001008836695365614,0.0009737982612679321
2015-11,OLS,6,1888,-0.07582876103150253,,0.006912285839626714,-0.0022474812836924133
2015-12,OLS,6,1868,-0.06887555431937202,,0.003403479577543773,-0.005831837504850698
2016-01,OLS,6,1854,0.040906942420110046,,-0.0008505444936447693,-0.0037573986338690175
2016-02,OLS,6,1844,0.10231888049246717,,-0.004908417025805818,0.001774548333626658
2016-03,OLS,6,1829,0.08576155388523417,,-0.00932576907595829,-0.00019722360040635485
2016-04,OLS,6,1813,-0.05250848802133489,,0.003908900547168857,0.0054138852960711106
2016-05,OLS,6,1804,0.047340991324056454,,-0.0011070822936425256,-0.006052025442960244
2016-06,OLS,6,1883,0.053897633436023475,,0.0008560472101606109,0.000387286359474053
2016-07,OLS,6,1868,0.03421268860236456,,-0.002049416883760957,-0.0014026525559972698
2016-08,OLS,6,1854,0.05132722017766756,,-0.005280618819186923,-0.0008588504879027695
2016-09,OLS,6,1848,-0.023118303964241332,,0.0012404854934989044,-0.0068021646353752475
2016-10,OLS,6,1833,0.19493689507262407,,-0.010630725712979834,-0.008674072901007466
2016-11,OLS,6,1825,0.055811020518844644,,-0.0014791892707442824,-0.005626383635026017
2016-12,OLS,6,1815,-0.028291397014238984,,0.0009298995190779103,0.007169855226350964
2017-01,OLS,6,1804,-0.06768257796305707,,0.007349116812383389,0.007033013719724479
2017-02,OLS,6,1791,-0.011210867035778102,,0.0022489628310977017,0.0012833634888615244
2017-03,OLS,6,1778,-0.0030391042347756936,,0.0030660201520924476,-0.0008508558618294449
2017-04,OLS,6,1767,-0.030738251743853588,,0.0033524074939337944,-0.0004623625437962555
2017-05,OLS,6,1755,0.06412429609960879,,-0.004558079631579694,-0.00267703696352879
2017-06,OLS,6,1864,-0.006823545713278692,,0.0002761215896277425,0.0004724924428412284
2017-07,OLS,6,1853,-0.04521444913636319,,0.0032216109690951992,0.0022473185296155015
2017-08,OLS,6,1836,0.09158930515615728,,-0.004789646206388913,0.000551980598973783
2017-09,OLS,6,1828,0.0032560416277499196,,0.000377360693683873,4.455055882078729e-05
2017-10,OLS,6,1815,0.04832353206182128,,0.0009858562751081834,-0.003010029438450425
2017-11,OLS,6,1803,0.02757535716013589,,-0.0016412310062873252,-0.00100740681728852
2017-12,OLS,6,1798,0.016594688885889882,,-3.330300576065978e-05,0.0025539421487602476
2018-01,OLS,6,1787,-0.08288128859342547,,0.0053340121951584414,0.0017591902673550661
2018-02,OLS,6,1779,0.0021942960499073427,,0.001768771825994818,-0.0015204313456871053
2018-03,OLS,6,1772,0.0045918223755283104,,-0.0003229254382059594,0.00017196089996537566
2018-04,OLS,6,1770,0.04603711679148866,,0.0013593294015748771,-0.0007715244687730718
2018-05,OLS,6,1759,-0.014059130792373907,,0.005119128763740081,-0.0008017265655831825
2018-06,OLS,6,1825,0.0337606607226233,,-0.00016311480335796632,-0.00379856893243415
2018-07,OLS,6,1816,-0.04168670693010653,,0.009785939396333068,0.004210577502870954
2018-08,OLS,6,1816,-0.024172768278927947,,-3.520972723098021e-05,0.0007639715643116637
2018-09,OLS,6,1805,-0.06316865817813995,,-0.000373213661315669,-0.0075927440531192835
2018-10,OLS,6,1791,-0.005951544301410373,,0.0021601529332395033,-0.0016610863067189922
2018-11,OLS,6,1778,-0.12363897326760626,,0.004755784151498473,-0.005550873717117094
2018-12,OLS,6,1770,0.07666854229403468,,0.00046509269028001073,0.009875630690360241
2019-01,OLS,6,1761,-0.015045219991818168,,0.005110770976452146,0.006546065233069574
2019-02,OLS,6,1748,-0.03956208561311588,,0.0003682664996730876,0.003417886366612036
2019-03,OLS,6,1739,0.04961517632544819,,-0.0009020283836307597,-0.0034042869620631083
2019-04,OLS,6,1734,-0.07707130363041038,,-0.0004962664093757466,-0.002574234904971633
2019-05,OLS,6,1728,0.02683708932190661,,0.0028296304606019018,0.003930622684512882
2019-06,OLS,6,1820,-0.009804303687727023,,0.0017632573050016507,-0.0008006939542883422
2019-07,OLS,6,1810,-0.0795122962502914,,0.004070683719212418,0.0003581021058336886
2019-08,OLS,6,1801,0.1131289345882369,,-0.004034814996962499,-0.011342198462398992
2019-09,OLS,6,1790,-0.003522375782906729,,0.0029012587534659943,-0.0019945443091899527
2019-10,OLS,6,1779,-0.016592243214158312,,0.0028067214550000557,0.007346586700012972
2019-11,OLS,6,1763,0.09006866808826673,,-0.007462412015228327,-0.0014448684542998675
2019-12,OLS,6,1762,-0.11216156505650572,,0.006049764908500414,0.01036784722570171
2020-01,OLS,6,1758,-0.10408655402944403,,0.0025224485274586064,0.0021390976545756233
2020-02,OLS,6,1752,-0.3056430635660955,,0.009455517450308832,0.004046941877532413
2020-03,OLS,6,1744,0.19777271385205583,,-0.0040889938852203215,0.00641747953170817
2020-04,OLS,6,1735,-0.03084824522124005,,0.00856608134536987,0.01143285022519169
2020-05,OLS,6,1724,-0.0031062574821013682,,0.004472050341797711,0.008398525071662798
2020-06,OLS,6,1786,-0.024512853346817222,,0.00694157851425385,0.007399974779896228
2020-07,OLS,6,1779,0.060501663122606054,,0.00026243847895947824,-0.000978041849672642
2020-08,OLS,6,1773,-0.029254127859171548,,0.0005662684110742638,-0.0009642484225730896
2020-09,OLS,6,1763,0.014957210957179008,,0.0013318733146345143,-0.0017171578106528025
2020-10,OLS,6,1760,0.22060000833697704,,-0.006085150472746327,0.0053098356740999535
2020-11,OLS,6,1750,0.08239671356904528,,-0.0017220288273617043,0.002676978118911396
2020-12,OLS,6,1741,0.16690999450804664,,-0.007583207715482496,-0.001967186930846549
2021-01,OLS,6,1735,0.14450463096721008,,-0.0067128334650462555,-0.0015862235927185126
2021-02,OLS,6,1732,0.12937866228576275,,-0.007778128313187999,-0.010860064087725302
2021-03,OLS,6,1720,0.02984894761168261,,0.0011795105929366333,-0.0036493744221029445
2021-04,OLS,6,1714,0.07217461885130491,,-0.004508704000505291,-0.004182253025958333
2021-05,OLS,6,1707,-0.055278309788096745,,0.00725899951939056,0.009033574411653878
2021-06,OLS,6,1783,0.016613893097659378,,0.0021732702045015877,-0.010433796388417611
2021-07,OLS,6,1776,0.026278945395265436,,-0.0019869615793706905,0.0003372306661533095
2021-08,OLS,6,1768,0.00781656130553803,,-0.006022693538501744,-0.0010757720034611966
2021-09,OLS,6,1757,0.05141948564228345,,0.0002532419638583155,-0.003620161841375228
2021-10,OLS,6,1750,-0.0012738439979373094,,0.002146095609545445,-0.010442140216375446
2021-11,OLS,6,1741,0.08191132659053146,,-0.0018238546816997298,-0.00961836238172659
2021-12,OLS,6,1737,0.02289067182439654,,-0.0090673011025416,-0.008707504727159004
2022-01,OLS,6,1732,0.05486192999292828,,-0.007176200203903207,-0.0016716484574828383
2022-02,OLS,6,1722,0.011410410529925351,,-0.0038545293039181417,0.005853363425245589
2022-03,OLS,6,1717,0.033905076546355314,,-0.006098688585810624,-0.017874710800863242
2022-04,OLS,6,1707,0.07646825371347715,,-0.0062689976262529515,-0.009477604891486604
2022-05,OLS,6,1703,-0.08914689710102483,,0.0003331615153763148,0.0016309835629692618
2022-06,OLS,6,1799,0.04567617806783148,,0.0054070574161498184,0.002768331079976969
2022-07,OLS,6,1793,-0.02857822895604437,,-0.002154488019183269,0.0041842729385418225
2022-08,OLS,6,1786,-0.11253676248699737,,0.0020464686805452188,-0.0032349821399448126
2022-09,OLS,6,1776,0.19928718002865448,,-0.006590273440287853,-0.013266175495923524
2022-10,OLS,6,1771,0.06818079020755118,,0.0005437057449534662,-0.007816528522586847
2022-11,OLS,6,1762,-0.04411043686669097,,-0.000795903191693652,-0.00193976075586913
2022-12,OLS,6,1758,0.08022189536456077,,-0.0010820171053095543,0.011227145199037447
2023-01,OLS,6,1748,-0.01846422987072066,,0.002904320311977478,-0.0061990344072165825
2023-02,OLS,6,1736,-0.04164364009889452,,0.0033862157046362406,-0.003505805761088756
2023-03,OLS,6,1729,-0.017839431809302995,,-0.0005021625513477138,-0.001420228039809121
2023-04,OLS,6,1721,-0.05182901571458887,,0.001209527449594729,0.00645144110701629
2023-05,OLS,6,1714,0.12117369307262277,,-0.0018611418342205147,-0.0074369437399613115
2023-06,OLS,6,1854,0.05719925741922963,,-0.0003075222790304607,-0.002404673548369698
2023-07,OLS,6,1844,-0.014623635167494386,,0.0005889765608737403,-0.008198913925800244
2023-08,OLS,6,1832,-0.01811136943767194,,-0.0008985164544554032,-0.008415617034775384
2023-09,OLS,6,1822,-0.018638905674555402,,-0.0013675164617921692,-0.010768668624446946
2023-10,OLS,6,1810,-0.03411015989348342,,0.010972555993030621,0.010328893777971438
2023-11,OLS,6,1800,0.05438466357522267,,0.0021187963209175218,0.008504772282542686
2023-12,OLS,6,1793,-0.042125538527677954,,0.001172437529104169,-5.83354235224404e-05
2024-01,OLS,6,1786,0.06363770026231105,,-0.0035476514488542612,0.0009401370431860835
2024-02,OLS,6,1781,0.06926417884327314,,-0.003211719195025466,-0.0038440946548904506
2024-03,OLS,6,1772,-0.0518997033780451,,6.761905824752096e-05,-0.004671009543787042
2024-04,OLS,6,1759,0.0024947201518849735,,0.005545302393514412,0.0030259332178060694
2024-05,OLS,6,1752,-0.11465977457391728,,0.008298135289854104,0.005999896390390318
2024-06,OLS,6,1969,0.1143890156400889,,-0.00561732543028133,-0.0025449824438449065
2024-07,OLS,6,1955,-0.00835551141075277,,-0.00013648690990501132,-0.0032515704882999236
2024-08,OLS,6,1949,0.019202644983027248,,-6.600199417540505e-05,-0.002400577400797473
2024-09,OLS,6,1935,-0.057784486292756725,,0.0007985143203363031,0.006144198331262732
2024-10,OLS,6,1923,0.05423491871689829,,0.00515102266278704,0.0015280869745648367
2024-11,OLS,6,1911,-0.10552995610385031,,0.005231540157865276,0.006918528178992551
1973-06,OLS,7,1445,0.0857409804580901,-5.2784761661736145e-05,0.0002854152299895453,0.006776616892579635
1973-07,OLS,7,1443,-0.038300769562801165,-0.0003524106097254284,-0.0022617428485178052,-0.00014593681974970428
1973-08,OLS,7,1443,0.03668827500290938,0.0038023709491290976,-0.004286627529433962,0.009686625872216643
1973-09,OLS,7,1443,0.006367101660241255,0.003869409862732203,-0.0057337028686175575,0.0008024020274642733
1973-10,OLS,7,1441,-0.10512913309109914,-0.005614356610258854,-0.004265466375896468,-0.00695103903872783
1973-11,OLS,7,1444,0.04878166707975127,-0.006016471711463399,-0.008358873883171344,-0.0013789796714394201
1973-12,OLS,7,1442,0.16555161489607137,0.006052798792285556,-0.0014764617647549756,-0.00984285172499757
1974-01,OLS,7,1440,-0.04556194366643048,0.006388450050374251,-0.00030445668387476464,0.002379931093542919
1974-02,OLS,7,1440,-0.01857675877441873,0.0017878241643752766,0.0034354220629860053,-0.0025030981548104596
1974-03,OLS,7,1439,-0.028742395294733183,-0.00010776586532089039,0.0006208682849943651,-0.004816726469926901
1974-04,OLS,7,1439,-0.0507085160702405,-0.0036261455978336236,0.002445292406945191,-0.0033818583126513264
1974-05,OLS,7,1437,-0.017147887920735835,0.0012185843684299784,-0.002739848842498108,-0.0005475698782210219
1974-06,OLS,7,1561,-0.08589334791822088,0.008361437103295477,-0.003523604607031063,0.0009590816572273123
1974-07,OLS,7,1560,-0.052722499166930475,1.1012049618693517e-05,-0.0015402653466364338,-0.0037494669470617328
1974-08,OLS,7,1556,-0.005568755650720678,-0.005838278423083348,0.0001744319105740853,-0.011527032740359095
1974-09,OLS,7,1558,0.0346627753322441,0.0017809868096862332,-0.004224781113144015,0.01567711383578992
1974-10,OLS,7,1551,0.02051013670199931,-0.009046904134359166,-0.0017373115187066346,-0.003141838533674346
1974-11,OLS,7,1553,0.003913380465361113,-0.010403113737259165,-0.0004374610699842351,-0.004406569276443458
1974-12,OLS,7,1553,0.20766760224231423,0.018092721308446642,0.004942163003207506,-0.006527582711691509
1975-01,OLS,7,1551,0.04099373704966662,-0.0011770468264817532,-0.001817317599847262,0.003917693208805711
1975-02,OLS,7,1548,0.09601827055802441,0.000982214327388146,0.00356515943254046,-0.005092907482061199
1975-03,OLS,7,1548,0.06642393222973622,-0.004301143656411557,-0.0017828829785261021,0.0008382398446981453
1975-04,OLS,7,1546,0.07312606128105119,-0.0007673931599928679,-0.0008196195104496656,0.0004941530341131339
1975-05,OLS,7,1543,0.12397859871808578,-0.0025904228080466684,-0.0006356863214118841,-0.00529077997169096
1975-06,OLS,7,1956,0.016588004191148184,0.0005815799962886674,-0.001551251266611653,-0.005984656165417611
1975-07,OLS,7,1956,-0.06473938544911784,-0.0011798357214392445,-5.309047104978992e-05,0.0028328896288913334
1975-08,OLS,7,1956,-0.008306198486796212,-0.00337641130407656,0.0013783399137665138,-0.004525119452307934
1975-09,OLS,7,1956,-0.034281489831521336,0.0009672079042856764,0.004391851911184905,0.0040510103487328315
1975-10,OLS,7,1956,-0.0016501190334697986,0.00153715190790886,0.005370150264601519,-0.0017865964364731277
1975-11,OLS,7,1950,-0.041906918889218644,0.003432176600115539,-0.002050657963776186,0.0035025580046578915
1975-12,OLS,7,1901,0.36161780694811274,-0.0012815847725914276,-0.0018221692248044344,-0.022250729664386352
1976-01,OLS,7,1944,0.10603855340946482,0.012618785485986371,-0.0006577251655037816,-0.010118789929287633
1976-02,OLS,7,1912,0.0285013698333976,-0.0025291008133004325,0.001953731509117408,-0.0026864774145585954
1976-03,OLS,7,1928,0.006129932202404511,-0.0017280333834583926,-0.0026066985305328596,-0.00017504880537424244
1976-04,OLS,7,1921,-0.019941804735008044,-0.001884964790864564,-0.0027025561548252104,0.003283480873036849
1976-05,OLS,7,1912,0.017874699472646926,0.0022641930919249406,-0.0025178568516888125,0.0033966589190438847
1976-06,OLS,7,2368,-0.01986520087613181,0.0018398938976930167,0.0009873570888996096,-0.0009325143663471413
1976-07,OLS,7,2170,0.007391474796611186,-0.0031056459075510783,0.0010852806142591846,-0.003999176704738445
1976-08,OLS,7,2349,0.07799442529505882,-0.006446282950479317,-0.0011582517710915226,-0.0044214316869911185
1976-09,OLS,7,2331,0.018276049654749667,-0.003946340775429114,-0.0014247136062667505,-0.003377579201631377
1976-10,OLS,7,2341,0.0790736725176293,-0.004424007541331995,-0.0015282442761759044,-0.004247580144871105
1976-11,OLS,7,2332,0.07902034597733051,0.0034700116051199787,-0.00023143876227175612,-0.0005184636505899182
1976-12,OLS,7,2296,-0.029388793548922005,0.011200851793720674,8.231914443262532e-05,-0.0010351847847349426
1977-01,OLS,7,2310,0.03746541252866174,-0.0031187286478081048,0.0007544649459922628,-0.005773598046626195
1977-02,OLS,7,2301,0.015200939192798016,0.0005643688202068011,-0.001833004024711146,-0.0009714301951166728
1977-03,OLS,7,2297,0.01769142807512325,0.0012791460154450327,-0.001937030851683907,-0.00067910813779239
1977-04,OLS,7,2279,0.06394528090169037,-0.0050240060656078014,0.0007600181103328373,-0.007569821665510114
1977-05,OLS,7,2273,-0.017813606885249994,0.006569269720690647,0.0005549192533978531,0.0062290570424636425
1977-06,OLS,7,2409,0.01962589204758857,-0.0012590958106073274,0.001672493403319156,-0.004296795056558037
1977-07,OLS,7,2397,-0.021094440346655436,-0.001994250700865348,0.00353246027416368,-0.0007029565629987892
1977-08,OLS,7,2385,-0.01708331943928541,0.0015462182928104654,0.001495573302558118,0.0011708703766220028
1977-09,OLS,7,2370,0.008569775545948708,-0.002825442112555916,0.0013403884285295804,-0.005759411313287319
1977-10,OLS,7,2368,0.05211734916976241,0.0024816910286535525,0.0012349395142214606,0.0005643430886150462
1977-11,OLS,7,2355,-0.019798657282180377,0.0029170207359937995,0.0004286220572676362,0.0027817110253110294
1977-12,OLS,7,2331,-0.028872967977449208,0.003907034246887178,-0.0006603939670688626,-0.002438408962210333
1978-01,OLS,7,2322,0.01994704523971397,0.0008895148995996267,0.0020040842859099066,-0.0028786249285341478
1978-02,OLS,7,2311,0.061260777851622365,0.002191921063003576,-0.0005074102570185229,-0.0004081512221015708
1978-03,OLS,7,2300,0.020061538894867018,0.004987686184332078,0.0017045104753620414,0.005030890974565169
1978-04,OLS,7,2282,0.019827849966699874,0.0038781878865396034,0.0023644404750040246,0.002184464103730216
1978-05,OLS,7,2259,-0.02778881717347724,0.002448869466429296,0.0009207931495144167,0.0005514706166279
1978-06,OLS,7,2355,0.028177063595456662,0.0006601878042497991,-0.001368310597016542,0.004673177289157264
1978-07,OLS,7,2336,-0.0010437058095915303,0.007611397409855532,0.003424678801740505,0.004767152802468964
1978-08,OLS,7,2331,-0.04026513942890015,0.005873248726062902,-0.0016098869462585058,0.0019246628267786325
1978-09,OLS,7,2328,-0.07372417683917376,-0.010481032431215549,-0.0031310717733132785,-0.010636526614908838
1978-10,OLS,7,2314,0.01576198209676226,0.000637281913088609,0.001632022007335219,0.004046175672272142
1978-11,OLS,7,2306,0.015188614548086706,-0.0036678425420792905,0.0008445815084185672,0.0008891101177801712
1978-12,OLS,7,2284,0.06643186001854186,0.006684715672375381,-0.0019922605522737047,0.00046058850971945496
1979-01,OLS,7,2258,-0.050490439888300556,0.00266757787802482,-0.0008184128698114357,0.001138972176953218
1979-02,OLS,7,2259,0.025419286896621675,0.005033843871286754,-0.002632071867563333,0.007421663287301335
1979-03,OLS,7,2252,-0.007835577469601033,0.0037958679813778584,-0.0014624534729975676,0.002494104032438792
1979-04,OLS,7,2242,-0.03392424449731805,0.0020106353442713395,0.00010198632918959986,0.0003781167964656972
1979-05,OLS,7,2230,0.03130463667384549,0.00203860920375034,-0.005620889869053648,0.005180085087837763
1979-06,OLS,7,2303,0.07705267101361432,-0.005125965393555521,-0.0008211287049480383,-0.005123671906508821
1979-07,OLS,7,2287,0.05675881797581843,6.88018911572791e-05,0.00020061429594142976,0.002927914225893301
1979-08,OLS,7,2273,-0.012623291665918414,0.00012634371256978736,-0.0017658573386351885,0.0018913306232808786
1979-09,OLS,7,2272,-0.0287152018875887,-0.007257282605308744,-0.0004145782917354905,-0.006524119779952937
1979-10,OLS,7,2264,0.005085337199212663,0.002316481729983867,-0.002052511115808762,0.009380434753178893
1979-11,OLS,7,2248,0.04703924962958291,0.0009222218847747416,-0.0035526249434449163,0.004125276898769755
1979-12,OLS,7,2221,0.07158826481804162,0.006323142406401605,-0.006999754670852772,0.005069943531936385
1980-01,OLS,7,2199,0.0008991392703172363,-0.0014897786287734359,-0.003189709699507188,-0.0005451625609467426
1980-02,OLS,7,2190,-0.13159192817211515,-0.005506873086097083,0.0038748826129210577,-0.006477056123113583
1980-03,OLS,7,2183,0.014393825129295084,0.00033301329804580213,-0.0002296814454812116,0.0030374592832528237
1980-04,OLS,7,2171,0.08905601353377676,-0.0035006431128611305,0.0017910686052622746,-0.0024333850097469057
1980-05,OLS,7,2169,0.04348835475340337,-0.0013057406472016012,-0.001989707745107355,0.0008584132725832656
1980-06,OLS,7,2255,0.083363960002889,-0.0021122272821159174,0.0026991205776265444,0.0027854405116177487
1980-07,OLS,7,2250,0.05793906478720332,-0.001456652561050306,0.0002155694914609537,0.0024378274459568553
1980-08,OLS,7,2234,0.02117876030951662,-8.940607496840727e-05,-0.0005070832403054059,0.0027111647715330383
1980-09,OLS,7,2231,0.05622376484278542,-0.0036556197344074465,-0.0011753920159971191,-0.0015605550405271929
1980-10,OLS,7,2221,0.08894713680588184,-0.008282009356599304,-0.004850434161125731,0.006493444702341915
1980-11,OLS,7,2215,-0.06459309740436452,-0.0001811653209090791,0.0047917619395149045,-0.001754114542083288
1980-12,OLS,7,2208,-0.0042653823308351595,0.004874293011343593,0.0005340022119879106,-0.005372987569687499
1981-01,OLS,7,2171,0.03986702142308217,-0.000758274391227397,-0.0015126431214341843,-0.004379311361279028
1981-02,OLS,7,2166,0.06082043323433497,0.0009673597226807687,0.0012514632245271768,3.098416911502981e-05
1981-03,OLS,7,2156,-0.04880924252606769,0.005344636882877392,0.006432478254261685,0.0011291716404986008
1981-04,OLS,7,2149,0.012286877497988893,0.0007775084481606415,0.0012311943140136906,-0.0008308075924753674
1981-05,OLS,7,2140,0.014267892743314204,0.000601559111176773,0.0013127000783018851,-0.007854755938538259
1981-06,OLS,7,2277,0.05012112748002832,-0.006170739245799176,-0.0033839681572118492,-0.005892148688183353
1981-07,OLS,7,2268,-0.019427516895796446,-0.002726927575256993,5.369240128401664e-05,-0.009898204486797017
1981-08,OLS,7,2247,-0.07364073047121213,-0.0009292684102074826,0.003655619004842159,-0.0058434387992822275
1981-09,OLS,7,2246,0.13650690667790577,-0.010407200603826843,-0.001340166608662659,-0.0020540978162463465
1981-10,OLS,7,2243,0.03838860282085899,-0.002275970069414841,0.00036101046087783827,-0.0033994580100580435
1981-11,OLS,7,2234,-0.020286885159813733,-0.0008900312726288467,0.004369750872788414,-0.004378103868413804
1981-12,OLS,7,2224,-0.02139097189767236,0.000724564342415236,0.0021879791147811304,-0.0037176924688237115
1982-01,OLS,7,2200,-0.04223183526095297,0.0022862085626635014,0.0027157608445282214,-0.00605535121554157
1982-02,OLS,7,2183,-0.11494161257922987,0.008369451188447457,0.005958794704386937,0.0037980466755006153
1982-03,OLS,7,2172,-0.016023724791824605,0.003033664313010124,0.0032386923335642713,0.004757451883082052
1982-04,OLS,7,2165,-0.0016756791932971673,-0.0023971213657170438,0.0023850047789950295,-0.005761303874620664
1982-05,OLS,7,2147,-0.0901956763505499,0.006944831230275557,0.0034113078217291306,0.0005068218281811315
1982-06,OLS,7,2331,-0.029988105485428674,8.707026533335908e-05,0.00460895845190444,-0.0030112950638989497
1982-07,OLS,7,2327,0.10556236996162235,-0.006198535625827523,-0.0009706156169616969,-0.00045638540901305976
1982-08,OLS,7,2307,-0.019626061879413532,0.0030569681268859893,0.0062525847506945615,-0.0011848702492045988
1982-09,OLS,7,2296,0.08868660853295722,0.00014536848113749657,0.002010495870744706,0.004567706246458754
1982-10,OLS,7,2287,-0.1441727963690297,0.02028289155697257,0.009625748108823936,0.013427824379850191
1982-11,OLS,7,2278,-0.0010381474964097591,0.0015015409945242032,0.0019189834305401812,2.9536981805330503e-05
1982-12,OLS,7,2249,0.10045096558300425,0.0005086001670880087,-0.006439170097727151,0.003217816039010943
1983-01,OLS,7,2238,-0.03936821094107385,0.009700074344411072,0.006550717495093299,0.0010432377487913445
1983-02,OLS,7,2227,0.0023107929990035234,0.0050485730267594555,0.0032486981147952054,0.00027450581551737
1983-03,OLS,7,2217,0.045361535098695595,0.0026727772849673456,0.0009415637382834579,-4.567916178098895e-05
1983-04,OLS,7,2211,0.0308492680944084,0.004201128022488182,-0.0027299692454058216,0.007388882638842304
1983-05,OLS,7,2200,0.014765020681767025,0.0025207333310112625,0.001674919380197776,0.0017114209323348085
1983-06,OLS,7,2374,-0.05145626282595355,0.005878744358401765,0.00046003816288044195,-0.002539795632376294
1983-07,OLS,7,2361,-0.007907956400676572,-0.000695324268046301,-0.0004435742858688949,-0.004415287984084774
1983-08,OLS,7,2352,0.018197809074379942,-0.0011771619156982652,0.003431369221927215,-0.005365892549931658
1983-09,OLS,7,2340,-0.07132560626115944,0.004116986415171297,0.0006622601656683938,-0.003069401542677477
1983-10,OLS,7,2337,0.038600103535277666,-0.000658913637768147,0.00229499124450507,-0.00174995618353489
1983-11,OLS,7,2326,-0.0034808431178154353,0.0010909246424874014,-0.0004868344711899539,-0.00395948112677793
1983-12,OLS,7,2303,-0.0361885913608109,0.007384780363982865,-0.0032457512669189577,0.00118449016910509
1984-01,OLS,7,2281,-0.06486622023506121,0.0022680423175940375,-0.0014646873275821581,-0.0009520742597682579
1984-02,OLS,7,2273,0.014623657537900925,0.001167780903093035,0.0005844877747014439,-0.003363967055214292
1984-03,OLS,7,2257,0.02207364606256157,-0.0030106958561681076,0.0020392624615917536,-0.006715182158595459
1984-04,OLS,7,2246,-0.042346110182668824,-6.873726542168523e-05,0.0027874658122203303,-0.004812740847664806
1984-05,OLS,7,2226,0.027029262898451936,-0.003992841535080093,0.004772215053028847,-0.0027285656736537787
1984-06,OLS,7,2495,-0.00322647211274405,-0.003417139550315722,0.002876406103674013,-0.009137985210743053
1984-07,OLS,7,2483,0.10995585026122154,-0.0055193760532996254,0.003186989394425929,-0.0003633243169341424
1984-08,OLS,7,2458,0.01797755486405104,0.00031736730479005445,-0.0007342130874575953,-0.005643150476494964
1984-09,OLS,7,2439,0.03044979070156844,-0.005076414925934,0.0022083451284099845,-0.009215697718398742
1984-10,OLS,7,2418,0.011311568888165157,-0.002553968577175353,0.001709726369843057,-0.008660775064422142
1984-11,OLS,7,2403,0.04593496357488686,-0.005373747661961168,0.0024851948530820894,-0.0056192084010081335
1984-12,OLS,7,2379,0.0830997273994347,-0.0011014553236102455,0.0013502462586810944,0.005519352254524202
1985-01,OLS,7,2358,0.05369846191489787,-0.001967880208571181,-0.0001432878485422057,-0.0011900659125836436
1985-02,OLS,7,2349,0.010872988794246188,-0.0008214933447520617,-0.0010260310468398824,-0.004627455469676584
1985-03,OLS,7,2338,0.007151571579730285,-0.0007501459926429131,9.008927932631789e-05,-0.005285364712528327
1985-04,OLS,7,2320,0.016730846790025882,-0.0008656741989773484,0.0040054919917784535,-0.0020659257274222476
1985-05,OLS,7,2297,0.007110830169075459,-0.0016996601794583002,0.002849801548451818,-0.003340017292574895
1985-06,OLS,7,2524,0.06264031501578289,-0.0029522271287617014,-0.001760300506190987,-0.0036498591817486913
1985-07,OLS,7,2504,0.014644256037016872,-0.0012452019551126073,-0.0011232384800555358,-0.002977773831257436
1985-08,OLS,7,2492,-0.024077542878093428,-0.001642585967248458,0.0018138331559537722,-0.0064290861661438275
1985-09,OLS,7,2473,0.061211391485108846,-0.004879656923565556,0.0020108930590956977,-0.006105696283648766
1985-10,OLS,7,2451,0.019060669292395756,-0.0007313059314219151,0.005474581547750772,0.00041088657113447235
1985-11,OLS,7,2432,0.08464639529971218,-0.007317992928421951,0.003784040522597684,-0.008307741068795577
1985-12,OLS,7,2416,0.022404545414901146,-0.0009039550442286692,-0.00047806945418986646,0.0016329268471158198
1986-01,OLS,7,2401,0.10670356806272854,-0.006376247882396434,0.002465788854262147,-0.005483599188968119
1986-02,OLS,7,2382,0.04886225699228817,0.0009664443892959206,0.0013680004356826907,-0.0035255489749360454
1986-03,OLS,7,2363,5.545582818023743e-05,-0.0010111784350009011,0.0026662260796761557,-0.0009312174891254379
1986-04,OLS,7,2343,-0.005621535620882719,0.0012699872880051932,0.004731683507103837,0.0007579186851545263
1986-05,OLS,7,2320,-0.05582602533203656,0.0032792720180946327,0.004046015059999035,0.003168101937410293
1986-06,OLS,7,2589,-0.09999535100893579,0.002356380171349759,0.0018150336055849188,-0.0018747245192981172
1986-07,OLS,7,2577,0.08417925669284651,-0.002220619102619964,-0.004505927545562175,-0.004990697672320937
1986-08,OLS,7,2562,-0.050809772353083614,0.00417452423063756,-0.0038693614303424804,-0.001961261922972757
1986-09,OLS,7,2534,0.08672882335694092,-0.007486838833812884,0.00032856639789567016,-0.0026464788641284024
1986-10,OLS,7,2503,-0.0142626890960755,-0.00011355819047142879,0.004751618626188994,-0.0024174730105284846
1986-11,OLS,7,2454,-0.06164962149623099,0.002931500598651354,0.003685879086292713,-0.0019155967945794342
1986-12,OLS,7,2427,0.1539738457005181,-0.0025849620601298704,-0.003828416024961397,0.00034247354879149357
1987-01,OLS,7,2417,0.04124590144616871,-0.00030922680363288583,0.0013926766074423085,0.005063953902503737
1987-02,OLS,7,2397,0.037983780609673064,0.00313173691863863,-0.0053075959793958795,0.001374156131459889
1987-03,OLS,7,2376,-0.023178728726497934,0.0018359670598636455,-0.0012531794459287612,0.000264488767941524
1987-04,OLS,7,2367,0.018011593516071237,0.0006534989498341922,-0.0015418300160181882,-0.0010803489595368257
1987-05,OLS,7,2349,0.025649366682260845,0.0003671602322002823,0.0012985494304670882,-0.0016791071720829091
1987-06,OLS,7,2700,-0.03386076805756176,0.01034380881915041,-0.0007469784416095155,0.004875093393659731
1987-07,OLS,7,2677,0.01953690972700016,-0.0015969039253337046,0.004077997627209024,-0.003852814522813904
1987-08,OLS,7,2657,-0.043870505157748214,0.003038525216998993,0.0016680264895388049,0.0008710699134383682
1987-09,OLS,7,2632,-0.2755843481098656,0.0008223553510989989,6.710640633310934e-05,-0.0049593489822355955
1987-10,OLS,7,2605,-0.015397160752078002,-0.0006327516244037274,-0.0009795527442061714,-0.005689469195635666
1987-11,OLS,7,2583,0.06867917029307874,-0.0049180399840807595,0.005133174899277431,-0.003850409491919978
1987-12,OLS,7,2561,0.009069935640573458,0.004577389303626389,-0.00021057101509585667,0.005741539759128838
1988-01,OLS,7,2541,0.07410965091317523,-0.00048552848550684956,0.00233146492154124,-0.0018544258550038445
1988-02,OLS,7,2524,0.03560699470370555,0.0024032772145197614,0.00020306251912651676,-0.0018753757941946357
1988-03,OLS,7,2499,0.013237282813525797,0.0014317442268275895,-0.00019283333057676797,-0.0009050096085376633
1988-04,OLS,7,2475,-0.045091322631427455,0.0034163395038523713,0.002371641487573924,-0.001599258244092605
1988-05,OLS,7,2450,0.02941682058551903,0.0002179052972596905,0.0027022474097077257,0.0011485419296803662
1988-06,OLS,7,2552,0.003412521880841487,0.0005196278577731242,-0.0006959768811971875,-0.00236864978276746
1988-07,OLS,7,2527,-0.040773348382705465,0.001975868086940124,0.0016406572482074871,-0.001637336190360848
1988-08,OLS,7,2508,0.02155262823858754,-0.0021727781720501478,0.002058175905824134,-0.00039557996634705843
1988-09,OLS,7,2480,-0.019159285595773946,0.0003276423214608867,0.0021519011245563803,-0.0022566802957398355
1988-10,OLS,7,2456,-0.010438669995803746,-0.0017761032655137679,0.00036300087045499393,-0.005127120496892391
1988-11,OLS,7,2430,0.07387423417020769,-0.003940710361372739,0.0002407906017209742,-0.004735402552154171
1988-12,OLS,7,2408,3.133908637162595e-06,0.004505698538405388,0.000914587315013181,0.004366388480687391
1989-01,OLS,7,2385,-0.014856099481379103,0.001367307797765768,0.001763083056367647,-0.0008973241370458033
1989-02,OLS,7,2367,0.008564215319519418,0.0015311957566657697,-0.00014668596380669954,0.0008451302023799735
1989-03,OLS,7,2357,0.038563231113632364,-0.0009394833244492846,-0.0003792172079716624,-0.00024156095160995933
1989-04,OLS,7,2333,-0.0027467239406841256,0.001400984316006285,0.002652938339920077,0.0013729288644656655
1989-05,OLS,7,2308,-0.055792805521721014,0.0048349011165999285,0.0005201674851626769,0.0006312177099670441
1989-06,OLS,7,2591,0.06761362941248376,-0.004954884051605839,-0.00024344387919454627,-0.0028834862881216426
1989-07,OLS,7,2562,0.04619460075465373,-0.0011254930448006408,-0.001635504297490834,-0.0035121681466933835
1989-08,OLS,7,2542,0.01899900131979901,-0.0031509793651982956,-2.7208292633521992e-05,-0.001240510088918802
1989-09,OLS,7,2522,0.009566270725524665,-0.005758203417479757,-0.0015633147141786768,-0.005819483220200181
1989-10,OLS,7,2499,0.047036675704358794,-0.004822873847563348,-0.0038332961773355294,-0.0034252689175872314
1989-11,OLS,7,2484,0.006765171175004823,-0.0017093449308120392,0.00031813195411125016,-0.0016686576919012486
1989-12,OLS,7,2449,-0.05344592818006559,0.0022122310473910983,-0.002346259457831091,-0.0017146434792726921
1990-01,OLS,7,2436,-0.030018948215281453,0.004665464221379726,-9.289164247215492e-05,0.004002399082863219
1990-02,OLS,7,2421,0.028094892804223767,-0.0002499950400635499,0.0022391617427464238,-0.0015169196176681623
1990-03,OLS,7,2406,-0.03866637370842999,-0.0008482568781777586,0.0022610617963408847,6.298415680663596e-05
1990-04,OLS,7,2390,0.053923690525561334,-0.0037336308701503913,0.0008323714984455445,0.0025394596046265736
1990-05,OLS,7,2364,0.011006932809165627,-0.002511688810276943,-4.822449321185202e-05,0.0007254187546625518
1990-06,OLS,7,2701,-0.018835907819971215,0.0011830706530096087,-0.0037065100468792337,-0.0005078255093149895
1990-07,OLS,7,2679,-0.10086736481407105,0.0029425969435955684,-0.0040403349719942225,-0.0037759172543535783
1990-08,OLS,7,2669,-0.06762983517992023,0.001627037220431824,-0.0024390422286542897,-0.002249452872396004
1990-09,OLS,7,2653,-0.048842562669568435,-0.0016029515525109298,0.001223603717121378,-0.0021584724579758225
1990-10,OLS,7,2651,0.10105900789230375,-0.008731593336758057,0.0009605129738974467,-0.0032727628951578157
1990-11,OLS,7,2638,0.10414896055911879,-0.009845952396942245,0.0008783569163425144,-0.009682398407463362
1990-12,OLS,7,2615,0.026706986848304918,0.006040550975617256,0.0022320122545369976,0.004746028754849639
1991-01,OLS,7,2603,0.15547411853856916,-0.004508935019929285,-0.0024106895895577123,0.0011180885365588103
1991-02,OLS,7,2587,0.0004760191038032986,0.004671308824992413,0.005010292774618755,0.005352678433223848
1991-03,OLS,7,2569,-0.027539183849222583,0.000969739572075268,0.004653941008603453,0.0022912242354409034
1991-04,OLS,7,2555,-0.0038351055685168466,4.6792009189321594e-05,0.003241878234716632,0.0036564698185138074
1991-05,OLS,7,2548,-0.02119413300213986,-0.0006622913146272014,-0.0001114798024866053,-0.0029842589206195485
1991-06,OLS,7,2704,0.044398452608918525,-0.0025965054593082267,-0.00013049869161170987,3.598552418192931e-05
1991-07,OLS,7,2688,-0.05103054734150831,0.0037285675894240967,0.005948353434520154,0.004425606497042388
1991-08,OLS,7,2682,-0.055193328276265184,0.0029855002977397195,0.0018848103356411123,0.005290552521511865
1991-09,OLS,7,2667,0.017207649879513724,-0.0007450230128930318,-0.0005535005111303249,0.002653312397056266
1991-10,OLS,7,2652,-0.06668923422612541,0.0016059945611196433,0.0028768654479344505,0.001885457194674933
1991-11,OLS,7,2635,0.16642631099097585,-0.012455490298265974,-0.0009345177349119605,-0.009015944391587274
1991-12,OLS,7,2614,-0.09893997284245791,0.022749606791613374,0.006384195644736459,0.014791739166726589
1992-01,OLS,7,2604,-0.06787096928136055,0.010378338142279763,0.006749226632636786,0.004720599285310648
1992-02,OLS,7,2593,-0.08287165781766398,0.008769650049548576,0.0030937720191339378,0.0009123301730685855
1992-03,OLS,7,2580,0.008627754283824937,-0.0006173914503611229,-0.0027441871597685824,-0.005491180535958172
1992-04,OLS,7,2561,0.008343445017003279,0.0009199873270897527,-0.0012250983873703196,-0.002091397773743876
1992-05,OLS,7,2522,-0.06077195776602852,0.002944498933270374,-0.0008036978154263193,-0.00023036812575078885
1992-06,OLS,7,2661,0.04047619788869177,-0.001066784213252908,-0.0017177790444187586,-0.0008591098789224154
1992-07,OLS,7,2637,0.012509969184237003,-0.0027772555817171126,-7.785316894594941e-05,-0.004892749633839692
1992-08,OLS,7,2629,0.024953563469831797,-0.00030700058742057673,-0.001975124653913669,0.0004152598598058947
1992-09,OLS,7,2609,0.047401893738823524,-0.00255222316287244,0.002386646727977966,-0.0047234497786782645
1992-10,OLS,7,2601,0.05504869614595435,-0.0013193825426008612,0.005330633818434019,-9.120242800444639e-05
1992-11,OLS,7,2594,-0.0069756179724026635,0.004710580042230847,0.0032315106424507228,-0.0007114011488037676
1992-12,OLS,7,2581,-0.06264741284574131,0.012468786631162099,0.0029875216326976754,0.006252413902200381
1993-01,OLS,7,2568,-0.09600463376898244,0.011251080059082126,9.728573819934784e-05,0.0037055088008900107
1993-02,OLS,7,2555,-0.01941218371079886,0.004919363651109964,0.00011700960269334592,0.0025364977705076915
1993-03,OLS,7,2540,-0.02503139615198455,0.003163962501415316,-0.0033991332220826165,-0.0005028514793070887
1993-04,OLS,7,2532,0.04608089473563952,0.0002639239757174033,-0.0001139405441595162,0.00082981647393447
1993-05,OLS,7,2521,-0.07615145255443079,0.007133962012124531,0.0011700073704945992,0.006561368468778533
1993-06,OLS,7,2723,-0.019707629233148078,0.004060437713900845,-0.0005227046014698489,0.0006417067950997121
1993-07,OLS,7,2711,0.12459882290508367,-0.006758480503350802,-0.005436209329213015,-0.0028307167257506805
1993-08,OLS,7,2704,-0.0019249856640662342,0.002002955025661507,0.002221919368432422,5.698862431964106e-05
1993-09,OLS,7,2696,-0.011262761622274109,0.004771273816772825,0.0011122862242748837,0.004260777360347226
1993-10,OLS,7,2683,-0.07957205759711099,0.004696999577653312,0.005540241327353312,0.0015667996141883883
1993-11,OLS,7,2668,0.025739576972764983,-0.000806850041768656,0.0006283200046730691,-0.0015440945539661759
1993-12,OLS,7,2651,-0.03583253769490973,0.010318809103626125,-0.00010442675300763307,0.00604732265346743
1994-01,OLS,7,2632,-0.044520831596264125,0.0050613188101368035,0.002869751579451015,0.0005989547753224086
1994-02,OLS,7,2617,-0.04607262668412957,0.00271248204850657,1.099672524668455e-05,-0.0027707886975078927
1994-03,OLS,7,2601,-0.03617829771825535,0.0033149997895988007,0.0014120053770143616,-4.414115350755795e-05
1994-04,OLS,7,2583,0.020820579213104144,-7.263594300330603e-05,-0.002359513056647071,-0.0018783549693146238
1994-05,OLS,7,2574,-0.036448105904563446,0.002590352253610918,1.711280163893564e-05,-0.002106559296162303
1994-06,OLS,7,2819,0.04141739051977897,-0.00079478603330236,-0.001988546032177624,-0.002424167298884282
1994-07,OLS,7,2801,0.04557561595738639,-0.0016225366431316362,0.0020814010798747983,-0.001527555818523032
1994-08,OLS,7,2785,-0.02830168833993014,0.003890908371732517,0.002411986493714994,0.0005124675678334237
1994-09,OLS,7,2774,-0.0018487502387019227,0.0012391627567167678,0.0022958543817049003,-0.0021419462458946645
1994-10,OLS,7,2759,-0.04189592270180267,0.0008850698983994133,0.0031610072061890693,-0.003279963735920616
1994-11,OLS,7,2737,-0.01751430645637852,0.00011119398148113187,0.0015742563748012562,-0.001823783776508662
1994-12,OLS,7,2725,0.046858169740626704,-0.0017095161387922035,-0.0015475390712307168,7.792458736574924e-05
1995-01,OLS,7,2711,0.04788905843557669,-0.0013026236694040866,-0.00021965606009702185,-0.001611612990845523
1995-02,OLS,7,2691,0.05136072792538905,-0.0028141730873993604,-0.0010790229973604117,-0.002272852890394571
1995-03,OLS,7,2677,-0.01928142329725681,0.0038370095211445786,0.0029087234055916256,0.0014582199006819847
1995-04,OLS,7,2654,0.0718872992687007,-0.0017798067961640159,-0.004432357548178518,-0.0037739596619975517
1995-05,OLS,7,2642,0.023488373598960412,-0.003123767824823533,0.003936999390342179,0.004114811871066857
1995-06,OLS,7,3011,0.015548586163833844,-0.0009155863406076662,0.005291530045296814,0.0023377495922051626
1995-07,OLS,7,2991,-0.005500386647914404,0.0023599246060561395,9.792913122801285e-05,0.003718292218663157
1995-08,OLS,7,2973,0.024971120544179524,0.00028771406170179987,-9.73499521983604e-05,-4.1805454868865295e-05
1995-09,OLS,7,2952,-0.0027561338115380143,-0.0026464133433317895,-0.0013014093794160263,-0.006670555747746462
1995-10,OLS,7,2934,0.059476217525185344,-0.004270967695161518,-0.001943587494348839,-0.0024689213467329243
1995-11,OLS,7,2921,0.09107368346601735,-0.004030617439622802,-0.0075654775656792675,-0.004143568948293439
1995-12,OLS,7,2897,0.0110197382971154,0.0024701115871312556,-0.0029890945222197005,0.0026421757774419533
1996-01,OLS,7,2876,-0.025484098049857143,0.0028156482894549605,0.0045118214341184,0.003922888778817938
1996-02,OLS,7,2860,-0.005693518859291464,0.0021041452704559124,0.001542557098020267,0.0025433241411802576
1996-03,OLS,7,2844,-0.005798769440004369,0.0038828941169167766,0.004473731084922089,0.004573298306039758
1996-04,OLS,7,2822,-0.01568606333639787,0.0061867857598531355,0.005382097978544318,0.004988959224965632
1996-05,OLS,7,2810,-0.01648806106734648,0.001334757924812757,-0.0024466098479138986,-0.003646559303163177
1996-06,OLS,7,3201,-0.04227015181599897,0.0012946825330826658,-0.003084276475555918,-0.007852246612245085
1996-07,OLS,7,3174,0.09011797716248961,-0.0032017514936603987,-0.0033442823175756256,-0.002938913662630076
1996-08,OLS,7,3152,0.02875872296558318,-0.0017975307622939475,0.0005893049996896786,0.0007294666246917746
1996-09,OLS,7,3137,0.020424198490879064,0.0013920607055899373,-0.002879814888390745,-0.0070258030376329815
1996-10,OLS,7,3125,0.0731572596807356,-0.002188260084052373,-0.0018069251986157263,-0.00502966096735119
1996-11,OLS,7,3097,0.06257460133129053,-0.0022285781962177293,-0.0035605406477405327,-0.0067089930759851105
1996-12,OLS,7,3071,0.02135216210600226,0.0007267937475527967,0.001026362761192096,0.0054965981174231494
1997-01,OLS,7,3046,-0.03704408625447468,0.004489419461395332,0.00044602362403332266,-0.002606815344780208
1997-02,OLS,7,3032,-0.05356501491746227,0.005931012121677383,-0.0011914717198105173,-0.0038117567315605685
1997-03,OLS,7,3011,-0.03373660458157111,0.0009863888044785477,0.0021774548328857214,-0.0016026200873335804
1997-04,OLS,7,2993,0.12477363404597333,-0.005805559424684738,-0.00013414781955533515,0.0006125583356638297
1997-05,OLS,7,2968,0.0011819097532972732,0.003971931096085297,0.0016792245938412936,0.0009247097956016853
1997-06,OLS,7,3231,0.03535525256154888,-0.0004383249512122906,0.002532067418966363,0.0002893479417223053
1997-07,OLS,7,3205,0.028660103068138917,0.000176137573699795,0.00039141361267804053,0.0004317641310156908
1997-08,OLS,7,3182,0.12364131662545154,4.498913074093282e-05,-0.005683726293780564,-0.0024276446082499886
1997-09,OLS,7,3148,-0.049851258914551264,0.004125789246096499,0.00040219786696594437,-0.000583549927604173
1997-10,OLS,7,3130,-0.03471697805498235,0.0010895675818584215,0.004118159517746598,-0.0030448927301032257
1997-11,OLS,7,3092,-0.001536991125921268,-0.0017387922872548016,-0.0014295619084983757,-0.004345013285382315
1997-12,OLS,7,3055,-0.02734679704660154,0.002568756730225192,0.0017643091518951383,0.0028275748264696156
1998-01,OLS,7,3032,0.00936304462797565,0.0015966639612230416,0.004739239984523197,0.003747620636574911
1998-02,OLS,7,2996,0.001872278964015166,0.003756281076732557,0.0014348433512096598,0.002151563967736327
1998-03,OLS,7,2969,-0.04196191401540333,0.004736712215285723,0.004143693754006684,0.002232650037204924
1998-04,OLS,7,2949,-0.08008569670183077,0.004963261642080051,0.0023567403280516843,-0.0009164475429387604
1998-05,OLS,7,2908,-0.07817723281238417,0.0006928565511164342,0.0067658866327469725,0.0010103918663695477
1998-06,OLS,7,3143,-0.113004116468688,0.0035625863530422326,0.003346668785069094,0.0013691736302125028
1998-07,OLS,7,3110,-0.1366762300268251,0.0004020243079018643,-0.0018915623497345263,-0.010095481673207812
1998-08,OLS,7,3070,0.09755641518375448,-0.008456207014803955,-0.0026177077295824647,0.00047817878923931724
1998-09,OLS,7,3025,0.18756863738074747,-0.011986668308850725,-0.006324361115737514,-0.007839144132386705
1998-10,OLS,7,2994,-0.03506280023094246,0.0037832529910908005,0.012617794618172239,0.0036735872165732093
1998-11,OLS,7,2966,0.02717300695678354,-0.003512695741310315,0.005380846741066058,-0.0032222877641369216
1998-12,OLS,7,2917,-0.0852774087499888,0.009567589260644906,0.0077967795116078925,0.00814087296699225
1999-01,OLS,7,2890,-0.08634988691972817,0.002190093093901663,0.0023666515117962503,0.0008436968271611139
1999-02,OLS,7,2853,0.0388456373422887,-0.0053503754731071326,-0.005228572557715279,0.00025570845803622093
1999-03,OLS,7,2827,0.06819801056922287,0.0021372676111224105,-0.0018677336356801217,0.003998914176005724
1999-04,OLS,7,2799,0.04558922058288349,0.0007395837356958137,0.0011983016738425498,-0.002498240986154145
1999-05,OLS,7,2761,0.04015144710521618,-0.001085596654182706,0.002179578411189219,-0.0005149172824190046
1999-06,OLS,7,3121,-0.008748999987589568,0.00357581311121626,-0.00030767965364618974,1.0264591245546044e-05
1999-07,OLS,7,3088,-0.033219865864410156,0.00012664397137050043,0.0008727607212235331,-0.0008646748056395331
1999-08,OLS,7,3051,0.015543127252837213,-0.005783077076639104,0.0010124682595599197,-0.0019660917903454554
1999-09,OLS,7,3025,0.01783055279865123,-0.00605460062707464,0.0025022299138576414,-0.0029825633064401967
1999-10,OLS,7,2980,0.13653146100134614,-0.004551485569858642,-0.000925945111420573,-0.003031148942660874
1999-11,OLS,7,2943,0.17191402033147946,-0.01027071292483887,-0.004137149921116881,-0.0006389250260211922
1999-12,OLS,7,2922,-0.07479038410087033,0.015386333999921186,0.001139568027903391,0.006382327768674133
2000-01,OLS,7,2890,0.07699247829458829,0.003241392012363091,0.0031046977479948527,0.004367772073690057
2000-02,OLS,7,2859,0.06406868017599196,-0.002670822169570579,-0.0034341396952523437,-0.002536503666191919
2000-03,OLS,7,2827,-0.01888780428153903,-0.00085780268642507,-0.0038804197459283386,-0.00560820471110286
2000-04,OLS,7,2804,-0.053084590634014744,0.0003181362460425164,-0.0014641421991714774,-0.00041142292019592715
2000-05,OLS,7,2769,0.12308407383782574,-0.005274859509253014,-0.0036465942048640536,-0.001622771274521863
2000-06,OLS,7,3057,-0.04248300607060621,0.008392983169104988,-0.0018087815861208133,-0.003460749798859671
2000-07,OLS,7,3022,0.04270034130200918,-0.0037392107557672515,0.0015132111195191296,0.006168854750422092
2000-08,OLS,7,2990,-0.00478035159604768,0.001620862106012445,-0.0022278258950508304,-0.0070873699130106745
2000-09,OLS,7,2943,0.042461485672742466,-0.006581436537436921,-0.001500705360283164,-0.010130382303011814
2000-10,OLS,7,2904,-0.047150530689837225,0.0037646908967198327,-0.0027048801351163775,-0.013510413338114929
2000-11,OLS,7,2866,0.1613024582691392,-0.006819747361977845,-0.01231031817852004,-0.012098219913532509
2000-12,OLS,7,2823,-0.0764754838428087,0.009423149802869795,0.01830943860115706,0.027924691570740286
2001-01,OLS,7,2798,-0.09520624699562831,0.012248433217160947,0.000795520839504377,-0.007123438449306127
2001-02,OLS,7,2770,-0.09023272913456212,0.007624486220244293,-0.0006806770210491681,-0.002198314786706428
2001-03,OLS,7,2735,0.09613173428074219,-0.007933936962624505,0.00024193692167236223,0.003370710001888379
2001-04,OLS,7,2699,0.030111820532783714,0.007408186030873134,-0.00025941068352914264,1.8367316019443014e-05
2001-05,OLS,7,2671,0.02439490659632149,-0.002463841230820464,0.003353070338301168,-0.0033295044642530024
2001-06,OLS,7,2840,0.013573191596156607,0.001189529186054392,0.0007986658376164454,-0.008536579561505213
2001-07,OLS,7,2790,0.01133513507501425,-0.00030316025219060934,-0.00015655081611966364,-0.008066827289094282
2001-08,OLS,7,2777,-0.09879368523932028,-0.002229250067457985,0.0020789189059917815,-0.00775253633152601
2001-09,OLS,7,2759,0.0899431130447446,-0.006868904384164054,0.0016782445367950001,0.0029474872475730705
2001-10,OLS,7,2734,0.007713737223474211,0.0012205463170589165,0.007570070850061829,0.003991026528570486
2001-11,OLS,7,2712,0.053358078066884376,0.0005252429438941542,0.0017806185662407519,-0.0007068914669444365
2001-12,OLS,7,2686,-0.12826897100789397,0.01564793133951988,0.010779657488828785,0.0030364943904301455
2002-01,OLS,7,2660,0.0117879032165121,-3.895114886319904e-05,-0.00045585634963805086,-0.006336309301453355
2002-02,OLS,7,2640,0.08819305563809325,0.0029231130647628715,-0.0014502667413360062,-0.0006609737753128577
2002-03,OLS,7,2616,-0.025004930115080586,0.009474706589874907,0.0034452892649416817,-0.006684850072937995
2002-04,OLS,7,2600,-0.05653084070632793,0.006337366830849467,0.00264809373238582,-0.0008284063846968784
2002-05,OLS,7,2571,-0.02280200683568797,0.001168801585558855,0.00015309829616391688,-0.010090892020715227
2002-06,OLS,7,2765,-0.0414254866559207,-0.0032667884608082332,-0.005408719291135076,-0.007586939630386483
2002-07,OLS,7,2743,-0.06331136459306638,0.0022261449647049928,0.00515188106351652,0.003210264336665097
2002-08,OLS,7,2729,-0.056339988002021425,-0.001574757151451147,0.0008052505148598621,-0.005692589895091817
2002-09,OLS,7,2698,0.07744646860503003,-0.008109661827699052,0.0012704003771038383,0.0019674938284425457
2002-10,OLS,7,2675,-0.138616616756948,0.014159864563952457,0.008271315749632196,0.02745154925138028
2002-11,OLS,7,2655,0.01804215463007758,-0.0007027073908061843,-0.0019361032428981298,-0.011010835775315296
2002-12,OLS,7,2625,-0.04981957451168795,0.003513670028298422,0.002810368497478797,0.0010127209608852513
2003-01,OLS,7,2606,-0.10458831512647852,0.004990811348966505,0.005353443477216739,0.0039596874373444245
2003-02,OLS,7,2573,-0.051365894252217874,0.0012613455889398093,0.004403926446714825,0.00499971739477665
2003-03,OLS,7,2557,0.06728764099678056,-0.00010739923894792771,-0.00018983089942178286,0.0070203549912533575
2003-04,OLS,7,2533,0.15731773396990845,-0.002789396072321448,-0.006721685775722652,0.0053587627609514715
2003-05,OLS,7,2515,-0.07220134446780321,0.009381930898851594,0.006856438360595225,0.006563872784222441
2003-06,OLS,7,2748,-0.11674795574089449,0.012880767998517164,0.013285411381196943,0.010111344868733422
2003-07,OLS,7,2723,0.05579140077489538,0.0016070649280686472,-0.00028510624038885946,-0.0006822515029209959
2003-08,OLS,7,2704,-0.09710022424035215,0.012013166612935436,0.003102922149715995,0.0058923492133528075
2003-09,OLS,7,2690,-0.04669544279532623,0.011578624254938552,0.007952679152575725,0.006721530653001959
2003-10,OLS,7,2671,0.013528541889609665,0.0037856436904439806,0.0026543622767094635,-0.0010973467856055688
2003-11,OLS,7,2652,0.05711857728628547,0.0034000090618761195,-0.006529668670599292,-0.0001967457882284996
2003-12,OLS,7,2630,-0.10947323982736655,0.015501352760515227,0.0061691519814064885,0.0115129473175343
2004-01,OLS,7,2616,-0.014309816504902985,0.002278512601041941,0.0027998100842488048,-0.0006152452148696512
2004-02,OLS,7,2601,0.002328773029391691,0.0013479463359412128,0.0012220403632959502,-0.00201475620904029
2004-03,OLS,7,2583,-0.011277391431729946,-0.0013030640090386817,0.0002968150758905866,-0.0016049194595401236
2004-04,OLS,7,2570,0.058686616796243214,-0.0034974178206814083,-0.002056254623568193,-0.004304256190507154
2004-05,OLS,7,2549,0.07291147867655279,-0.0005754760686583928,-0.0029172338786426152,-0.004058063906690383
2004-06,OLS,7,2632,-0.04346588743885886,0.004374222751620364,-0.002913168199163345,-0.006853126289571274
2004-07,OLS,7,2617,0.02349264597497597,-0.0012680018652679417,-0.0030745865484856244,-0.004186069240606872
2004-08,OLS,7,2610,0.05410445063376615,-0.00046946091360578846,-0.0007443827665506747,-0.0006431618504605804
2004-09,OLS,7,2595,0.005144161531345724,-0.0006182177349089019,0.0017071093271755805,0.0012779393976093008
2004-10,OLS,7,2578,0.016246862727370547,0.005578740295181881,0.004187969859464647,0.0044460637102794656
2004-11,OLS,7,2559,0.0335253521383044,0.001390834752950846,0.0013763352191254099,0.002936809085449496
2004-12,OLS,7,2540,-0.006634403458069651,0.0006164621012161619,-0.0005993186687462017,-0.0053314963147740434
2005-01,OLS,7,2529,0.03157390323178194,0.000992898024523608,-0.002430562982368925,-0.001492381858500985
2005-02,OLS,7,2513,-0.037295315768734474,0.003323144893640688,0.002841745903187299,-0.004172769452158746
2005-03,OLS,7,2497,0.025359547518270114,-0.004965072702834133,-0.003566644609978864,-0.007786144409731887
2005-04,OLS,7,2479,0.05712912152957331,-0.002669206242211576,0.0012408594078646789,0.0007957644042611187
2005-05,OLS,7,2465,-0.026276571253970638,0.005621424827723117,0.002514467930505648,0.0019208417584469077
2005-06,OLS,7,2521,-0.010462859988908297,0.005241477779022225,0.0031024149094494233,0.00633898549688771
2005-07,OLS,7,2502,0.023696713466097398,8.144295071914094e-05,-0.0034198990872467655,-0.0037304736820510786
2005-08,OLS,7,2487,-0.023155829614037084,0.0015794340192331036,0.00045078657475844245,0.002972790124288908
2005-09,OLS,7,2466,-0.012274251893486118,-0.0018569610628883383,0.0005288056644872169,-0.0025965304911957673
2005-10,OLS,7,2451,0.049097853841307854,-0.0008888668612099645,0.0005551320408256759,-0.0014840180743222724
2005-11,OLS,7,2433,-0.04540212382975217,0.0029238714730253365,0.003562340744559789,0.0031320402784043907
2005-12,OLS,7,2411,0.06254567570456224,0.0021063658664958185,-0.002474848170839003,0.0038650330528029403
2006-01,OLS,7,2398,-0.030073944262648266,0.0008347774022369055,0.0030355884442070987,0.0014421198441582237
2006-02,OLS,7,2381,-0.03638368500397418,0.006039236484252267,0.003563434239085567,0.004973192770338689
2006-03,OLS,7,2370,-0.035591368975078266,0.0049078767367208235,0.0013433828704744538,0.0014312202640176185
2006-04,OLS,7,2351,-0.027900942722919618,0.0007329056668373357,-0.001689971905998536,-0.004400673946325421
2006-05,OLS,7,2337,-0.027204397283893074,0.0014961264804451595,0.0009442785306015141,-0.0002734795921815968
2006-06,OLS,7,2439,-0.030511763187152475,0.0007785049998244576,0.0005587245854361189,-0.0035897770515523667
2006-07,OLS,7,2426,0.04214214790164398,-0.0026195156761419764,-0.0018233581870601278,0.0008159422717124894
2006-08,OLS,7,2414,-0.04349340884537911,0.0028859360889832318,0.00719915436030428,-0.0005052480871324211
2006-09,OLS,7,2397,0.053755403082924924,-0.0007472178952991023,-0.0009966210068754395,0.0006582369600722083
2006-10,OLS,7,2381,0.03736035683704044,-0.00023498631653736437,-0.0023952899927796676,0.00034665490929856874
2006-11,OLS,7,2360,-0.07871685062497674,0.007221678895674581,0.005228848648649457,0.003663965330532908
2006-12,OLS,7,2330,-0.025378519352833022,0.0029100990818712365,0.003404903104566211,0.0030509165463486975
2007-01,OLS,7,2317,-0.059047806917441714,0.0042605169826209245,0.00325069377969739,0.0038851649852158403
2007-02,OLS,7,2299,0.013290797490764745,-0.0015760879898792516,0.0005519585282755689,-0.000689835477516435
2007-03,OLS,7,2278,0.06865140450888171,-0.0028878070741204906,-0.0036223382695395796,-0.0012091834263736846
2007-04,OLS,7,2259,0.0302581676072335,-0.00016136823021568097,-5.059056791566485e-05,-0.0004220511415553367
2007-05,OLS,7,2235,-0.027119636356469756,0.001719821062890782,0.0012327347065430529,0.0008193188320372914
2007-06,OLS,7,2367,-0.04269318337459869,-0.00016168255497981207,0.00017824162983604523,-0.0005789898252489429
2007-07,OLS,7,2342,0.010749576968574339,-0.005259201635259208,-0.0009006230500817327,0.0008121137260138457
2007-08,OLS,7,2324,0.017678387928416063,-0.0033232978414866813,-5.5244836737413706e-05,0.00208796627322665
2007-09,OLS,7,2300,0.10493167108167162,-0.006587881731035251,-0.005917301722413152,-0.002960687105257863
2007-10,OLS,7,2275,-0.033010907386021075,-0.004750133925994792,-0.0007902498361805545,-0.004379372761189894
2007-11,OLS,7,2250,0.06025417459664996,-0.004107588603997712,-0.0039741339332396925,-0.00512740706180572
2007-12,OLS,7,2240,-0.034041843373624675,0.0005927019398435486,-0.002764003185530639,-0.0028902546905935924
2008-01,OLS,7,2228,0.05628910535141265,-0.003764405701490421,-0.005653064195168284,-0.0039996187963954035
2008-02,OLS,7,2212,0.010723749084429543,-0.0006145898027934331,-0.0009360926535303155,-0.0029844997562883334
2008-03,OLS,7,2196,0.06948486304979469,-0.003053884059122507,-0.0020399391656960816,-0.002037393529053712
2008-04,OLS,7,2174,0.009633692469828255,0.001590899631393631,0.0006485280902981856,0.004044883310022021
2008-05,OLS,7,2167,-0.11911172861520918,0.0032978262181760356,0.0012747839923165072,0.0017143477834973902
2008-06,OLS,7,2323,0.06184013129433077,-0.004981664235472257,-0.0011672278154277722,-0.0047019392505712855
2008-07,OLS,7,2306,-0.03132401786275948,0.004013072286398451,0.006358381667818452,0.0007260183587707883
2008-08,OLS,7,2292,-0.1026360350026482,-0.002280736786413036,0.0036658611295318087,-0.005578592610446683
2008-09,OLS,7,2274,-0.1461740168628008,-0.007105434068462828,-0.0006138262715939883,-0.008485127063091626
2008-10,OLS,7,2258,0.023259189720899853,-0.01405968639707815,-0.008248375051152739,-0.008322860033277063
2008-11,OLS,7,2242,0.22077577991011355,-0.009942107924241295,-0.010264134142221657,-0.012523662388887878
2008-12,OLS,7,2228,-0.10597825278125143,0.0012303030813660628,0.002321177155007832,0.008923241817574347
2009-01,OLS,7,2215,-0.055104838644665616,-0.008146037341769996,0.0036065102576206642,-0.005252252116704102
2009-02,OLS,7,2198,0.05995575937627284,0.005004804904557423,0.003429293474487,0.0023119878007404784
2009-03,OLS,7,2180,0.09656974894833295,0.017915612688612307,0.0032177707816877046,0.006190258098355146
2009-04,OLS,7,2167,0.008691268136904094,0.010023654499493408,-0.002680004239756207,0.006498551997314393
2009-05,OLS,7,2153,-0.04393980333250542,0.003980961577192943,0.0059537128948773865,0.005633224357999032
2009-06,OLS,7,2286,0.003885850604754781,0.009727264703504409,0.0015359414439363919,0.006893270145285229
2009-07,OLS,7,2276,-0.2108606472808695,0.02412559309322557,0.011291940728607622,0.01600689771739902
2009-08,OLS,7,2267,0.007691384532656705,0.007038391975746563,0.0006171743704178585,0.006264199905493265
2009-09,OLS,7,2252,-0.031029512159346708,-0.0015907345046073237,0.0030044539304982464,-0.006024877515387807
2009-10,OLS,7,2232,0.12003498981718344,-0.0011057269830860145,-0.007764918229147293,-0.007537067633284617
2009-11,OLS,7,2221,0.04988262997020733,0.00207474302330166,0.0002807846575231575,0.0026273704981103034
2009-12,OLS,7,2209,-0.0765321078324941,0.005385570798773658,0.001678572299210662,0.0032876243348759033
2010-01,OLS,7,2190,0.03912410374257036,0.0021674997967646363,0.0015774229017229474,-0.0022583566457813867
2010-02,OLS,7,2178,-0.04586164960080548,0.00936590467918435,0.008364086465484415,0.006110161403191932
2010-03,OLS,7,2164,-0.039714198971804685,0.01129162490988812,0.0035920066818599366,0.005797144574069511
2010-04,OLS,7,2157,-0.02150282440495259,-0.00490447210162362,-0.00024229028729467396,-0.005174907550199298
2010-05,OLS,7,2151,0.0031607896361964096,-0.007495196756761523,-0.002072572006179961,-0.004487500892612651
2010-06,OLS,7,2273,0.10185703921289348,-0.001864593851704858,-0.004850975416435634,0.0004682092655254872
2010-07,OLS,7,2257,-0.04807270018129374,-0.0024011781916605714,0.0002930724079032435,-0.0015066689964558428
2010-08,OLS,7,2246,0.036250792331420346,0.002771392716600419,0.007421602549454806,0.005669177973876801
2010-09,OLS,7,2230,0.023262006438746773,0.0014794074132457712,0.0006918533609527039,0.0024648781360043464
2010-10,OLS,7,2212,0.04268524448586312,0.0007116195365770018,-0.0008615578044070985,-0.0015960333945790335
2010-11,OLS,7,2188,0.08872646834128622,0.0009612804016823176,-0.003910842594538423,0.0018462203049989818
2010-12,OLS,7,2171,-0.03824458913090805,0.005025109154983601,0.0009170975114594502,0.00469568768562367
2011-01,OLS,7,2160,0.02079378241844636,0.003082239528354545,3.6416162618870936e-05,0.002213145344914581
2011-02,OLS,7,2148,0.028774782495168162,-0.002382781345371739,0.0008083780451312313,0.0002589837844620761
2011-03,OLS,7,2134,0.04764866022549113,-0.0037242642356555607,0.000974876309423055,-0.002038137917808429
2011-04,OLS,7,2120,-0.0070150367770344816,-0.002564146088942242,0.0018239296466020154,-0.0011717444793786988
2011-05,OLS,7,2094,-0.005696885787169353,0.00041477630669940454,0.0005161085521781743,-0.0037015672161735047
2011-06,OLS,7,2152,-0.02795340299546048,0.002536528210259994,0.0007817923181666509,-0.0028379068267236018
2011-07,OLS,7,2142,0.020772527641808928,-0.00775826309657386,-0.00406360483904783,-0.009247682025924964
2011-08,OLS,7,2134,-0.0625455184558012,-0.0031181159641456156,0.0023353803094031344,-0.007945510601737663
2011-09,OLS,7,2121,0.14325745710775212,-0.0035687027059842047,-0.0022636105621804997,0.004246227506398242
2011-10,OLS,7,2108,0.03227075015900866,-0.0014820019094779141,-0.002939416137092364,-0.003439317439884176
2011-11,OLS,7,2094,-0.04055666622140361,0.0035712247649647777,0.0031131603430128037,0.0009339583697741628
2011-12,OLS,7,2082,0.10161736709761007,-0.0015158556886112286,-0.0028478737022468465,0.002687837614306446
2012-01,OLS,7,2072,0.019812626069107366,0.001577291229941662,0.00035069429200026313,0.0013418349862512932
2012-02,OLS,7,2065,-0.02966780574908429,0.003219806869398541,0.0059792235326725065,0.0012090124426378955
2012-03,OLS,7,2053,0.00026762300763865927,0.0001508468290141032,-0.0007248942011980803,-0.0018309545413645086
2012-04,OLS,7,2045,-0.051218799774097774,-0.0006310239528576625,0.0010240202439367665,-0.00494888071099391
2012-05,OLS,7,2035,0.060422756717524596,-0.00037251636538620424,-0.003129124992845799,-0.00031067548756396837
2012-06,OLS,7,2090,0.01399619504736516,-0.001953346250549254,-0.0019668813668108054,-0.000750300352643885
2012-07,OLS,7,2076,-0.038420034776302646,0.0016040387306260199,0.0049249771884517434,0.0060367330088468615
2012-08,OLS,7,2067,0.013657716154864939,0.0017556019104179997,0.00012217596850888258,0.0021215267263507134
2012-09,OLS,7,2052,-0.03866831408779601,0.0021464223006614157,0.0008951832510369632,-0.0002724304094611215
2012-10,OLS,7,2039,0.012583405454780358,0.0004394143804610628,0.00012037315727429013,-0.00106152940425342
2012-11,OLS,7,2022,0.006232264119329728,0.0027318424497370956,0.0007032495731653654,0.0007683346475737484
2012-12,OLS,7,2015,0.07164003877652465,0.002144509379277095,-0.0020192405613161627,-0.00040666360045863115
2013-01,OLS,7,2006,0.002000083562016494,0.001547401206396049,0.000298767919293773,-0.0009781443877549191
2013-02,OLS,7,1998,0.03326343976990993,0.00026603894229731425,0.0001692512606823328,0.0011794584054330701
2013-03,OLS,7,1989,-0.004980587434866166,-0.0020871044147343478,0.001957010739372264,0.0007396207754831116
2013-04,OLS,7,1978,-0.003191614686391959,0.005048378209708602,0.003076541032027994,0.0030326137436733377
2013-05,OLS,7,1965,-0.031184178717080995,0.0023227485210915674,0.0029805686252404842,-0.0004995230142697402
2013-06,OLS,7,2057,0.08126842098170327,-0.0006716592515001506,-0.0012199327736802928,0.0006037811496746277
2013-07,OLS,7,2043,-0.008204891034249146,0.0008546056840855229,-0.0010601974405232578,-0.001556154306278393
2013-08,OLS,7,2034,0.05475414540039222,0.0017760054112898815,-0.0015141605232153097,0.0014147712833299264
2013-09,OLS,7,2018,-0.05277549820232193,0.007314951927452291,0.005561248868513263,0.0029327825694039265
2013-10,OLS,7,2001,0.07683214370517147,-0.0031624083021557017,-0.0005111130677530429,-0.002234003417588959
2013-11,OLS,7,1993,-0.0028956225282906795,0.0024789219969306832,0.00021045170316079568,0.002996717397239051
2013-12,OLS,7,1981,-0.0783281843471764,0.003530595313194628,0.0019667704482132678,0.006996923806956129
2014-01,OLS,7,1962,0.08138137577785835,-0.0006170441336378235,-0.0038106431714272507,-0.0010183230290326409
2014-02,OLS,7,1956,-0.04051845133599747,0.005826838574038859,0.0010211252988003541,0.001219814748312349
2014-03,OLS,7,1949,-0.020308127957127626,-0.0004387742829583655,-0.0007924656702994193,-0.0011116143095491863
2014-04,OLS,7,1940,-0.012611015798043013,0.0004350968518991207,0.00036277558159710513,0.001446850314757575
2014-05,OLS,7,1934,0.05385872696682825,-0.0019147553628580314,-0.0032344032364463294,0.003184855104441614
2014-06,OLS,7,1990,-0.06504162448069338,0.001533528396209069,0.0031086088579167165,-0.0011559700747222957
2014-07,OLS,7,1984,0.02953047148387036,0.00011243296939935591,0.0019419047161186801,0.0007562634940982549
2014-08,OLS,7,1977,-0.0116660482550286,-0.0036265160345000896,0.002298583321325378,-0.005695067901241503
2014-09,OLS,7,1965,0.12497231131135841,-0.009330048449043392,-0.0007155159422505015,-0.0074130508778357885
2014-10,OLS,7,1958,0.07748576435813188,-0.006383863541240229,-0.0006153420544746319,-0.00662952685385737
2014-11,OLS,7,1949,0.013126234732842901,-0.00013291487209421938,0.004069666847005059,-0.003857668469445799
2014-12,OLS,7,1933,0.029522791781390056,-0.0046379236423744604,-0.002421878796239825,-0.00396297448041025
2015-01,OLS,7,1921,0.14265544010431422,-0.004313476203348565,-0.00896331128153835,0.0006143905435635782
2015-02,OLS,7,1911,0.09771292887934006,-0.0060013050597274705,-0.004152839330981594,-0.008368535113561497
2015-03,OLS,7,1905,-0.05281193319372676,0.005994862592132126,4.784351888491356e-05,0.0034915558417543263
2015-04,OLS,7,1899,0.07944545599049967,-0.005562448185330337,-0.003360733967219522,-0.005134578915243361
2015-05,OLS,7,1888,0.042348454698421745,-0.004282333008990785,-6.87248339938571e-05,-0.004833820548526921
2015-06,OLS,7,1942,0.1456374182605504,-0.016786453176533843,-0.005159537773486912,-0.011142511268441103
2015-07,OLS,7,1932,-0.17381433550144842,0.010769292230924184,0.006963611131623247,0.0063658432859725516
2015-08,OLS,7,1923,-0.024777264931355732,-0.0034875039234768795,0.00317369235591337,-0.00665799108888863
2015-09,OLS,7,1905,0.08585697584674684,-0.0016376910259057755,-0.0022117118752072937,-0.00022860288298203447
2015-10,OLS,7,1901,0.07812643732885287,-0.004109908913287299,-0.004558270769410455,-0.002391042192630328
2015-11,OLS,7,1888,0.0394168228992963,-0.007870550837494814,0.00018947714708085597,-0.008619709902777
2015-12,OLS,7,1868,-0.054700404732543874,-0.0009703783398707389,0.0025793709883000634,-0.006617761785749816
2016-01,OLS,7,1854,0.0720560209836188,-0.0021293552772441234,-0.002660733156692492,-0.005483492062457345
2016-02,OLS,7,1844,-0.0725177376618881,0.011959270948945248,0.005232836764989429,0.011474824441017164
2016-03,OLS,7,1829,-0.046588571125867916,0.00911899626949001,-0.0016866245925163074,0.007121449632423202
2016-04,OLS,7,1813,0.0004485805021954607,-0.003649948979226076,0.0008496443090060786,0.002497672913459125
2016-05,OLS,7,1804,-0.08526556765524317,0.009129922552144053,0.006552263602530361,0.0012621862730730782
2016-06,OLS,7,1883,0.0148388997653273,0.0028176944058888108,0.0031010629566694883,0.002426820061305905
2016-07,OLS,7,1868,-0.02127669277299245,0.004024813069304066,0.0011394863882655132,0.0014687873693231745
2016-08,OLS,7,1854,0.05246049657244118,-8.214861778280211e-05,-0.005346008303990546,-0.0009174185299909299
2016-09,OLS,7,1848,0.005646641425261802,-0.0021038884386363485,-0.00040822963374689575,-0.008283170128768157
2016-10,OLS,7,1833,0.08823689089279403,0.007787312529802149,-0.0045169243766153494,-0.003161252507525874
2016-11,OLS,7,1825,0.012428358341710938,0.003156482761320716,0.0010085165335912082,-0.0033792881244188665
2016-12,OLS,7,1815,-0.011272706306162462,-0.0012628009185658693,-3.020591274906022e-05,0.006298482702484517
2017-01,OLS,7,1804,0.007733966233392614,-0.005585469400469663,0.003080748484147,0.0031735585316350246
2017-02,OLS,7,1791,0.005182380006595031,-0.0012126042462186036,0.0013189935193529108,0.0004462545858503538
2017-03,OLS,7,1778,0.03724279980760309,-0.003041265500959319,0.0008171390889676938,-0.0028813033127943343
2017-04,OLS,7,1767,0.03362878638736824,-0.004871242065412001,-0.00024141788702352677,-0.0037043371721090486
2017-05,OLS,7,1755,0.12227191014435666,-0.004391867898874925,-0.007814261959190135,-0.0056013308456125226
2017-06,OLS,7,1864,0.006113015436567174,-0.0009205673678639706,-0.0004704030428043649,-0.0002128909912111593
2017-07,OLS,7,1853,-0.0003607467345616126,-0.0031798699403556485,0.0006330840754942029,-0.00014076567996135683
2017-08,OLS,7,1836,0.02396338994557728,0.00478727547365622,-0.0008591554118876179,0.0041393843903802935
2017-09,OLS,7,1828,0.012737126257140253,-0.0006696910473315612,-0.00017570776863938168,-0.00045740795479727386
2017-10,OLS,7,1815,-0.022332066332151682,0.004937357880276071,0.005140258297684316,0.000757378217610565
2017-11,OLS,7,1803,-0.009797343022168304,0.002624997971507647,0.0005536882778962527,0.0009754266892293609
2017-12,OLS,7,1798,0.03934361894508479,-0.001605457787856218,-0.001353542813604954,0.0013450046312361375
2018-01,OLS,7,1787,-0.08770364331055257,0.00034170576430602736,0.005613962689332217,0.002014360410350273
2018-02,OLS,7,1779,-0.01845857952161721,0.0014661695793580934,0.00296536402491954,-0.0004283043870819028
2018-03,OLS,7,1772,-0.012573848864019953,0.001229195086763523,0.0006669738287630195,0.0010747257188510994
2018-04,OLS,7,1770,0.059264031984837026,-0.00094996280758907,0.0005980471396210832,-0.0014653244893293952
2018-05,OLS,7,1759,-0.02677034752683747,0.0009136415108698735,0.005851928535531753,-0.000137540505886353
2018-06,OLS,7,1825,0.09217574452794532,-0.004206320386958018,-0.003459897205994373,-0.006919541923966733
2018-07,OLS,7,1816,0.015052475452577655,-0.0040944762235759664,0.006591101751156397,0.0011852820963117918
2018-08,OLS,7,1816,0.018579111438418602,-0.0030877926854096654,-0.002441945242364456,-0.001515099993259713
2018-09,OLS,7,1805,-0.06122054643067475,-0.00014152225952883505,-0.00048299762381027236,-0.007695808078525298
2018-10,OLS,7,1791,0.12939036287529998,-0.00980677372742488,-0.005498500401853046,-0.008807226050576253
2018-11,OLS,7,1778,-0.02031220839748733,-0.007462360980721208,-0.0010941794947596382,-0.011041951932735645
2018-12,OLS,7,1770,-0.032032722217412976,0.00788249514804765,0.006577891527685165,0.015652124114486854
2019-01,OLS,7,1761,-0.009824746813738605,-0.00037825012438300715,0.004817532208509808,0.006268366653721475
2019-02,OLS,7,1748,0.04196487288220501,-0.00593221212369121,-0.004192833428976814,-0.0009117609090174914
2019-03,OLS,7,1739,0.09996546078651866,-0.0036697246858468533,-0.0037169549331211695,-0.0060738576818498355
2019-04,OLS,7,1734,0.05036990423373592,-0.009339970722300826,-0.00757910767968964,-0.00933572221634707
2019-05,OLS,7,1728,0.15040495566997758,-0.008987122939811796,-0.004086486395653335,-0.002663613546354017
2019-06,OLS,7,1820,0.06940511912431942,-0.005981842978379546,-0.0027312450556293295,-0.004740047921855171
2019-07,OLS,7,1810,0.015348410665677749,-0.007156094055136186,-0.0013113248440370557,-0.004366477075166156
2019-08,OLS,7,1801,-0.027190616433676013,0.010579999974420851,0.00392332317246094,-0.004341909316280587
2019-09,OLS,7,1790,0.11993036763860544,-0.009323472505613956,-0.004066005929193997,-0.0081533920562512
2019-10,OLS,7,1779,0.10489410552028941,-0.009140011037658297,-0.004061584374077103,0.0012426040638187183
2019-11,OLS,7,1763,-0.03904922730587428,0.009713271889433888,-0.00016122257842527687,0.005071385195912462
2019-12,OLS,7,1762,-0.033736085506845606,-0.005959869309554164,0.0016355201346703763,0.006461034666991387
2020-01,OLS,7,1758,-0.04352529223481379,-0.0045979644508022015,-0.0008796285503774109,-0.0008745038414230723
2020-02,OLS,7,1752,0.01014629915696078,-0.023907984009664048,-0.008336169051923728,-0.011692409735694582
2020-03,OLS,7,1744,-0.05304121111067631,0.019329556299684626,0.009903227356992441,0.018721177453931738
2020-04,OLS,7,1735,-0.07576930698779982,0.003467829474303296,0.011073440497632758,0.013633662774423166
2020-05,OLS,7,1724,-0.19905060209016304,0.015141897998149984,0.01540595663585258,0.018027900165927334
2020-06,OLS,7,1786,-0.15014581742826444,0.009998116756471179,0.01369771115182222,0.013521421860663354
2020-07,OLS,7,1779,0.022054429582348083,0.003054157996705282,0.0023430187536897656,0.0008919646897724633
2020-08,OLS,7,1773,0.013666088254420807,-0.003391906407944257,-0.001757517867652382,-0.003059888056030471
2020-09,OLS,7,1763,-0.0004977522313725958,0.0012279251453306615,0.002165439277030767,-0.0009661178078455085
2020-10,OLS,7,1760,-0.025250624018217857,0.01949604424377459,0.007182776616238129,0.017305762016136973
2020-11,OLS,7,1750,0.01022314319268003,0.005736235281926585,0.0021772158906705314,0.006180737492818601
2020-12,OLS,7,1741,-0.24705302949616767,0.03344845293263419,0.014500047936016622,0.017800778126648164
2021-01,OLS,7,1735,0.008330671608537133,0.01103444121916618,0.0005344164623571607,0.004889513422682448
2021-02,OLS,7,1732,0.06190510489077972,0.005511259236447292,-0.004204074686855806,-0.007677452807800119
2021-03,OLS,7,1720,0.08154157636555369,-0.004281270401053919,-0.0015260000221341077,-0.006064559021913406
2021-04,OLS,7,1714,-0.050851956516438465,0.010157377996283034,0.0019396642613559844,0.001573424323101025
2021-05,OLS,7,1707,-0.12176995766067863,0.005476707732099142,0.0107559343388579,0.012146860899981583
2021-06,OLS,7,1783,0.0822615760263774,-0.0051329304698730874,-0.0013412027362906976,-0.013722181019794577
2021-07,OLS,7,1776,0.02706143094119814,-6.112177110206837e-05,-0.0020291135392981625,0.00029817897166058046
2021-08,OLS,7,1768,-0.10184333191995822,0.008569824731411116,-0.00010583861568240759,0.00437848477507751
2021-09,OLS,7,1757,0.09616935437188427,-0.0035148467947195617,-0.0021429480996309454,-0.005849668470918489
2021-10,OLS,7,1750,0.020653752076355624,-0.0017267522831862882,0.0009711762538889314,-0.011529360617996413
2021-11,OLS,7,1741,0.06196331993461212,0.0015709946983399668,-0.0007527547203162613,-0.008634317547169363
2021-12,OLS,7,1737,-0.12223367686844158,0.011492522676740799,-0.001328232461269777,-0.00156022810406226
2022-01,OLS,7,1732,-0.003780786438196625,0.004688128669005711,-0.004076989504168228,0.0012052845596829927
2022-02,OLS,7,1722,-0.05280071630393113,0.005129612552018488,-0.00045870592874690377,0.009002869480950679
2022-03,OLS,7,1717,-0.032011904226601454,0.005262358049788511,-0.0026326975808955997,-0.014615260055789359
2022-04,OLS,7,1707,0.010879093735026343,0.005259025920327356,-0.00283502485902304,-0.006240496708488335
2022-05,OLS,7,1703,0.02160115504500033,-0.00887980201998598,-0.005455300007541126,-0.003829774020439187
2022-06,OLS,7,1799,0.1324043299156493,-0.006446528337805449,0.0005967038031292986,-0.0017434783084285719
2022-07,OLS,7,1793,-0.06514614270700508,0.002806996138823491,-0.0001655384868356477,0.006034392000940877
2022-08,OLS,7,1786,0.016174264094864305,-0.009848775079864792,-0.004997671303906257,-0.009741440889495934
2022-09,OLS,7,1776,0.17969105695081483,0.0014969008447657005,-0.0055124332515364615,-0.01227935476101969
2022-10,OLS,7,1771,0.13599816258237715,-0.005166243366589155,-0.0031919258164600753,-0.011240701867469796
2022-11,OLS,7,1762,-0.004875588427398618,-0.002991159740723955,-0.002959253007963488,-0.003923763160102983
2022-12,OLS,7,1758,-0.037636585279746206,0.009131732932465941,0.005316021488435785,0.017134536796150922
2023-01,OLS,7,1748,0.04342683960861187,-0.004746830097848559,-0.0004808914903614078,-0.009321326572562042
2023-02,OLS,7,1736,0.07877406004219353,-0.009240280566454843,-0.0032104300237435343,-0.009582678791040036
2023-03,OLS,7,1729,0.020751361398190685,-0.0029761041877989325,-0.002602505519782388,-0.0033662295061843077
2023-04,OLS,7,1721,-0.02161893841697426,-0.002326094400974611,-0.00043256835388232815,0.004924305767149376
2023-05,OLS,7,1714,0.11226347560764022,0.000683361462368637,-0.0013762488928384259,-0.006984208648961222
2023-06,OLS,7,1854,-0.032343659438273005,0.0075510354862299124,0.004347430661929094,0.0016873886109965907
2023-07,OLS,7,1844,0.06366165313568511,-0.006598297192166023,-0.0034835002427231906,-0.011773369056846731
2023-08,OLS,7,1832,0.01163020828801623,-0.002482670748455311,-0.0024507445523659546,-0.0097964427294785
2023-09,OLS,7,1822,0.06473100316209326,-0.0069751570928123195,-0.005712826907725099,-0.014620761627775154
2023-10,OLS,7,1810,-0.05795422389014475,0.0020017924355213747,0.012206179094454225,0.011431687469386892
2023-11,OLS,7,1800,-0.039248114439599885,0.007907551488050519,0.006938353560310842,0.012829936147433501
2023-12,OLS,7,1793,0.03527431855148295,-0.0065538992230639555,-0.002805671994091976,-0.0036157599521902373
2024-01,OLS,7,1786,0.11672075272287388,-0.004488510874305866,-0.00627887697988205,-0.0014942560969355902
2024-02,OLS,7,1781,0.03566905319576506,0.0028369110200504124,-0.0014759303930774552,-0.002307658759180698
2024-03,OLS,7,1772,-0.017590624255774862,-0.002903975807167045,-0.001695519019065357,-0.006243175543503503
2024-04,OLS,7,1759,-0.15797176512887054,0.013581289808763577,0.013779528378609678,0.010428794616593453
2024-05,OLS,7,1752,-0.0582087391869209,-0.004763890539217933,0.005409302149618731,0.003375016601404112
2024-06,OLS,7,1969,0.08658301362545186,0.002391551213379709,-0.0041631084176366046,-0.0013258519504470484
2024-07,OLS,7,1955,0.05907469192841314,-0.00576326364819749,-0.003684704483952294,-0.00623022602294417
2024-08,OLS,7,1949,0.06921238738080236,-0.004260797170415052,-0.002710763882718628,-0.004603938500302713
2024-09,OLS,7,1935,-0.04745751270526933,-0.0008786517644286511,0.00025235722507765344,0.005690717571341118
2024-10,OLS,7,1923,0.0622206848447705,-0.0006792449365505673,0.004729494349938909,0.0011751434723172559
2024-11,OLS,7,1911,-0.2524342098898523,0.012456312190485937,0.01301095504510245,0.013436461445509414
1973-06,WLS,1,1444,0.05367954929259055,-0.001939160075400987,,
1973-07,WLS,1,1442,-0.04797100223499733,0.0027841170953100364,,
1973-08,WLS,1,1442,-0.014608913113820904,0.018157808164659152,,
1973-09,WLS,1,1443,-0.0037698668328912826,0.00013413200616708363,,
1973-10,WLS,1,1441,-0.1220382933663153,-0.0010201583532953983,,
1973-11,WLS,1,1443,-0.04337425564365345,0.015313081046362087,,
1973-12,WLS,1,1442,-0.027745725661639974,0.006505758667729484,,
1974-01,WLS,1,1439,-0.023297501998710668,0.005998025067260295,,
1974-02,WLS,1,1439,-0.014220144633867938,-0.0027943333134072255,,
1974-03,WLS,1,1439,-0.03638583401060935,-0.0009448596296052815,,
1974-04,WLS,1,1438,-0.005702173658199692,-0.00815381834780269,,
1974-05,WLS,1,1436,-0.020309768050444762,0.0015381705174641878,,
1974-06,WLS,1,1559,-0.1297941963287492,0.014637256400921646,,
1974-07,WLS,1,1559,-0.10740728075439815,0.007223647452582868,,
1974-08,WLS,1,1554,-0.17308771888753002,0.01646878589893295,,
1974-09,WLS,1,1555,0.22559874989295925,-0.023822872815000312,,
1974-10,WLS,1,1551,-0.053169599678503064,0.0007197348722765806,,
1974-11,WLS,1,1550,-0.045050215494293146,0.004117921862764986,,
1974-12,WLS,1,1553,0.06657443018474753,0.02215831304200224,,
1975-01,WLS,1,1551,0.110774466577743,-0.015763891061140317,,
1975-02,WLS,1,1548,0.018862750191314552,0.005275976437770654,,
1975-03,WLS,1,1547,0.050753322584113345,-0.001138710884072297,,
1975-04,WLS,1,1546,0.05152826141860065,-0.0017533881154638729,,
1975-05,WLS,1,1543,0.026674983169791118,0.005720013276222054,,
1975-06,WLS,1,1955,-0.09290660563562984,0.009569062657312794,,
1975-07,WLS,1,1954,-0.02101675176351155,-0.001035056445717638,,
1975-08,WLS,1,1954,-0.047080388304729555,0.0017032561791256254,,
1975-09,WLS,1,1954,0.07661888815739715,-0.007140708674830719,,
1975-10,WLS,1,1954,0.02491367038535857,0.0005155821190023532,,
1975-11,WLS,1,1949,-0.035344109489949094,0.005900029788801808,,
1975-12,WLS,1,1897,0.09073514377508252,0.01510885865622074,,
1976-01,WLS,1,1896,-0.04024423537145498,0.01668653342220743,,
1976-02,WLS,1,1911,0.03034853754286713,-0.0022863202066590845,,
1976-03,WLS,1,1903,-0.02819602901582528,0.004523007526741442,,
1976-04,WLS,1,1917,-0.015825489642591433,0.00015814334967707594,,
1976-05,WLS,1,1911,0.03263330245762788,0.002859604293730688,,
1976-06,WLS,1,2363,-0.025042529642692074,0.003006978518659232,,
1976-07,WLS,1,2168,-0.0032772320393034907,-0.0012665409213138705,,
1976-08,WLS,1,2162,0.015323539870570732,0.002171211376127184,,
1976-09,WLS,1,2328,-0.027103694181038425,-0.00017804422824128975,,
1976-10,WLS,1,2325,-0.021819660619948212,0.0071838586752162835,,
1976-11,WLS,1,2332,0.02872403389636318,0.007300196852995274,,
1976-12,WLS,1,2296,-0.08830715287823632,0.014324903314978337,,
1977-01,WLS,1,2285,-0.017381057196826984,3.334461415905767e-05,,
1977-02,WLS,1,2300,-0.025289809437511083,0.0027894636419775096,,
1977-03,WLS,1,2294,-0.03031660248681056,0.009037458245922086,,
1977-04,WLS,1,2278,-0.028372206846869166,0.003234235940877415,,
1977-05,WLS,1,2273,0.054724716605816744,-0.0032588112042271564,,
1977-06,WLS,1,2409,-0.01765470390881657,-0.0016438025816747127,,
1977-07,WLS,1,2396,0.01403597219320814,-0.009315388978266332,,
1977-08,WLS,1,2384,-0.013341395937780613,0.0024417115141801404,,
1977-09,WLS,1,2366,-0.04810310797169124,0.0014890790348203676,,
1977-10,WLS,1,2360,0.029650145278493273,0.0025222485916670894,,
1977-11,WLS,1,2352,-5.105393636207559e-05,0.001247811420401665,,
1977-12,WLS,1,2330,-0.07412311155182033,0.0038966204864370134,,
1978-01,WLS,1,2318,-0.036071821887924085,0.0061877460080326935,,
1978-02,WLS,1,2309,0.003825835460171318,0.0068405785387512024,,
1978-03,WLS,1,2297,0.11549928242602994,-0.008272016040331146,,
1978-04,WLS,1,2280,0.009824691783017788,0.002466571966590869,,
1978-05,WLS,1,2259,-0.018894896332139074,-0.0011051891724985809,,
1978-06,WLS,1,2353,0.06951289416663492,-0.0036555744525348646,,
1978-07,WLS,1,2332,0.030476774387697997,0.0016639276068013322,,
1978-08,WLS,1,2322,-0.04098657072657061,0.006998476829980657,,
1978-09,WLS,1,2324,-0.09668099148355708,-0.005462272432348273,,
1978-10,WLS,1,2312,0.021893721772536016,0.00167908288083006,,
1978-11,WLS,1,2303,0.0340508985015359,-0.00577658632020196,,
1978-12,WLS,1,2283,0.015422017479721875,0.006263933545377028,,
1979-01,WLS,1,2257,-0.045199199135513415,0.0021269423736279764,,
1979-02,WLS,1,2256,0.044678488030656244,0.0032654620714856557,,
1979-03,WLS,1,2249,-0.005386532880616266,0.0017585213920047942,,
1979-04,WLS,1,2242,-0.02602482917157675,-0.0006209131836676954,,
1979-05,WLS,1,2230,0.017588863313706668,0.003974689970422645,,
1979-06,WLS,1,2302,-0.013358812205857171,0.005099016055940954,,
1979-07,WLS,1,2286,0.06070698794248719,0.0011716857245405972,,
1979-08,WLS,1,2271,-0.02363660681672853,0.004317754995770431,,
1979-09,WLS,1,2269,-0.06881770109695595,-0.0029781668830069145,,
1979-10,WLS,1,2261,0.059028395922593034,-0.0025268954524106037,,
1979-11,WLS,1,2248,0.014241839535155667,0.0028028474998583555,,
1979-12,WLS,1,2221,0.022130323952237182,0.010811007257793237,,
1980-01,WLS,1,2197,-0.04449410595394237,0.008588477494127552,,
1980-02,WLS,1,2189,-0.08880480136308944,-0.011129092773866058,,
1980-03,WLS,1,2177,0.017726742404712933,0.0017713497469027924,,
1980-04,WLS,1,2169,0.048543249501108846,0.000577754489321524,,
1980-05,WLS,1,2166,0.028157877700087843,-0.0005769590496700518,,
1980-06,WLS,1,2255,0.0912127321786468,-0.002556599471703078,,
1980-07,WLS,1,2250,0.02646252561812263,-0.0020461225165692718,,
1980-08,WLS,1,2233,0.04635658409191764,-0.0044311808856515806,,
1980-09,WLS,1,2227,0.01266448097187199,0.00024358616871228352,,
1980-10,WLS,1,2219,0.13395944335069332,-0.005491550251845379,,
1980-11,WLS,1,2211,-0.03625773000879806,-0.004271413713294125,,
1980-12,WLS,1,2206,-0.09314997351531731,0.008587084928677385,,
1981-01,WLS,1,2170,0.012566994430077373,0.0007084768552788579,,
1981-02,WLS,1,2163,0.017895873977652854,0.004433892497148218,,
1981-03,WLS,1,2154,-0.04077634690297431,0.0026309299796139695,,
1981-04,WLS,1,2149,-0.0019143585644709384,-0.001526581730208406,,
1981-05,WLS,1,2139,-0.050406569491713966,0.006013459195842062,,
1981-06,WLS,1,2275,0.009878511370602784,-0.005559495679654747,,
1981-07,WLS,1,2265,-0.0822422141184664,0.0006225728851526738,,
1981-08,WLS,1,2246,-0.08717091013925365,0.0018073705459794426,,
1981-09,WLS,1,2236,0.09756386274963702,-0.011119771562849032,,
1981-10,WLS,1,2241,0.02771723260030608,0.0012168172008495792,,
1981-11,WLS,1,2231,-0.0449831298578519,0.002298921811439128,,
1981-12,WLS,1,2222,-0.028832054342010475,-0.0014762381858230372,,
1982-01,WLS,1,2199,-0.10609806731189901,0.009867306529863019,,
1982-02,WLS,1,2182,-0.04761104243953139,0.006591660035621054,,
1982-03,WLS,1,2169,0.053122956547289595,-0.0029815020031519804,,
1982-04,WLS,1,2163,-0.04649586332325664,0.0018496702136485208,,
1982-05,WLS,1,2145,-0.042529318084633144,0.0037490457526417813,,
1982-06,WLS,1,2328,-0.0069959493386727275,-0.005251575588504211,,
1982-07,WLS,1,2318,0.09691310500320224,0.0037803147223912535,,
1982-08,WLS,1,2305,0.017459106206689647,-0.001863221364957897,,
1982-09,WLS,1,2292,0.11635881241283307,-0.0004671490618392265,,
1982-10,WLS,1,2282,0.06407049569712794,-0.0030489378256237814,,
1982-11,WLS,1,2277,0.001975456843869914,0.0017028551448651248,,
1982-12,WLS,1,2249,0.021016587250895107,0.002226106609065386,,
1983-01,WLS,1,2235,0.02223757450240382,0.0014704759476487112,,
1983-02,WLS,1,2227,0.009069554823709525,0.003978200243022039,,
1983-03,WLS,1,2217,0.039053034916207326,0.004888969405580686,,
1983-04,WLS,1,2208,-0.004745893302914415,0.0014209090362911389,,
1983-05,WLS,1,2199,0.05335225155710865,-0.0018509066691906307,,
1983-06,WLS,1,2372,-0.06519756992795495,0.004633128919542748,,
1983-07,WLS,1,2359,-0.04618267926744899,0.0083281886286373,,
1983-08,WLS,1,2351,0.034248057102571935,-0.005062261132592131,,
1983-09,WLS,1,2340,-0.051501394769066566,0.003907274854178336,,
1983-10,WLS,1,2334,0.017424277288304205,0.0011606802002337693,,
1983-11,WLS,1,2325,-0.02031694458623307,0.0019461784158186014,,
1983-12,WLS,1,2303,-0.09317235253866556,0.013712055186139688,,
1984-01,WLS,1,2280,-0.07365182984266597,0.0052525803613155874,,
1984-02,WLS,1,2272,0.007335839337041257,0.000689613769625391,,
1984-03,WLS,1,2255,-0.0042737215988381885,0.0007415600169251899,,
1984-04,WLS,1,2246,-0.048763765343714384,-0.0021782429495678154,,
1984-05,WLS,1,2225,0.04946107789668445,-0.00652404936664883,,
1984-06,WLS,1,2495,-0.009516985594310275,-0.003649033745582976,,
1984-07,WLS,1,2480,0.1081091394937403,-0.00015387368727714132,,
1984-08,WLS,1,2457,-0.05134111039282045,0.005716013165943134,,
1984-09,WLS,1,2438,0.0006404474156550556,-0.0022075927847471743,,
1984-10,WLS,1,2416,-0.03605228327602748,0.0023760904212948466,,
1984-11,WLS,1,2401,0.022089894480436214,-0.0018460091627793952,,
1984-12,WLS,1,2379,0.11565650316538455,-0.0058108971465852454,,
1985-01,WLS,1,2358,0.002916002322771699,0.0015096806736125208,,
1985-02,WLS,1,2348,-0.029152406965484885,0.0020430960913564713,,
1985-03,WLS,1,2336,-0.03703759616222841,0.003505274960593297,,
1985-04,WLS,1,2319,0.06512425918249448,-0.002580731059533605,,
1985-05,WLS,1,2293,0.006416123355388447,0.00016760950566250055,,
1985-06,WLS,1,2524,-0.003284795052693985,0.001732000527437768,,
1985-07,WLS,1,2503,-0.024161886342811793,0.0020797044308891286,,
1985-08,WLS,1,2492,-0.05115613808471743,0.002343878349324424,,
1985-09,WLS,1,2472,0.02991557053060187,0.00056225244408653,,
1985-10,WLS,1,2449,0.1026317064026923,-0.007037340843237795,,
1985-11,WLS,1,2432,0.07054065452853066,-0.006681270543108477,,
1985-12,WLS,1,2415,0.004601873513075996,-0.00091801755349554,,
1986-01,WLS,1,2400,0.07201015484448654,0.0003171964301751397,,
1986-02,WLS,1,2381,0.06461772327528097,-0.0035404585179404304,,
1986-03,WLS,1,2362,0.02178665562545096,-0.006064625241388002,,
1986-04,WLS,1,2343,0.045880049353631054,0.0006935264622369079,,
1986-05,WLS,1,2320,0.018043129376841938,-0.003255461725498302,,
1986-06,WLS,1,2587,-0.08384270808117615,0.0010081046083309764,,
1986-07,WLS,1,2577,0.0135625450657401,0.009844979113132764,,
1986-08,WLS,1,2561,-0.12870834478185095,0.011143610998624088,,
1986-09,WLS,1,2533,0.052781127298608774,0.0002752659843734989,,
1986-10,WLS,1,2502,0.025146159345666323,-0.001113636548101958,,
1986-11,WLS,1,2453,-0.028594571577621936,-0.0006728815958202219,,
1986-12,WLS,1,2427,0.1330926218355068,0.0011919331985610201,,
1987-01,WLS,1,2417,0.09465640198519489,-0.007565010535562744,,
1987-02,WLS,1,2396,-0.009728795751971693,0.008584142463145244,,
1987-03,WLS,1,2376,-0.02263547617306848,0.0024066477850780885,,
1987-04,WLS,1,2367,0.009294162695264296,-0.0005321730640594546,,
1987-05,WLS,1,2349,0.03925467942131555,0.0005304012018082762,,
1987-06,WLS,1,2700,0.04358395783144362,0.001978138137521236,,
1987-07,WLS,1,2677,0.04448292042446214,-0.0027538450756947478,,
1987-08,WLS,1,2657,-0.034450816810814855,0.0016190332774535644,,
1987-09,WLS,1,2632,-0.23616341898753246,-0.0020714474372310427,,
1987-10,WLS,1,2604,-0.10166519604495743,0.0035677831202005003,,
1987-11,WLS,1,2583,0.08322115173849533,0.00024412950791133473,,
1987-12,WLS,1,2561,0.0026510286277337545,0.005526099435059081,,
1988-01,WLS,1,2541,0.04914818887116678,0.002234455075231468,,
1988-02,WLS,1,2523,-0.05173058040739249,0.005843232073554359,,
1988-03,WLS,1,2499,-0.023078711900133685,0.006567088025473307,,
1988-04,WLS,1,2475,-0.01365411097720244,0.0011219449699827622,,
1988-05,WLS,1,2450,0.05826196979008662,-0.001500835593331917,,
1988-06,WLS,1,2552,-0.02726108424577373,0.0026441719739787174,,
1988-07,WLS,1,2527,-0.04153412641545483,-0.0005004063256662393,,
1988-08,WLS,1,2508,0.052076650579345615,-0.003851702540906776,,
1988-09,WLS,1,2480,0.007506454664547291,0.0029025552052233533,,
1988-10,WLS,1,2455,-0.029779534599516013,0.0018713666054472821,,
1988-11,WLS,1,2430,0.02780024735744252,-0.0022368860860152513,,
1988-12,WLS,1,2408,0.05738746867640363,0.001753487645764179,,
1989-01,WLS,1,2385,-0.03432846573300527,0.0016519360920132212,,
1989-02,WLS,1,2367,0.008840191645427313,0.0011505906145419015,,
1989-03,WLS,1,2357,0.058667923352659544,-0.0029256053439861754,,
1989-04,WLS,1,2333,0.049011209935234105,-0.003744828791203696,,
1989-05,WLS,1,2308,-0.023939701999572818,0.0005454579340550201,,
1989-06,WLS,1,2591,0.12085390337546303,-0.009290206824000122,,
1989-07,WLS,1,2562,-0.013601758589235735,0.0069699086730780685,,
1989-08,WLS,1,2541,0.007846608480855425,-0.004235764695887648,,
1989-09,WLS,1,2522,-0.010945761627203088,-0.00573664610998765,,
1989-10,WLS,1,2498,0.018633889969138902,-0.0016313254756425552,,
1989-11,WLS,1,2484,0.004241624867755375,0.0029202691762391644,,
1989-12,WLS,1,2448,-0.08328222023770333,0.0017658333682796623,,
1990-01,WLS,1,2436,-0.01072929706683912,0.0048287478568156215,,
1990-02,WLS,1,2420,0.04604413742341764,-0.003505142523888065,,
1990-03,WLS,1,2406,5.843331560895272e-05,-0.006425949185266406,,
1990-04,WLS,1,2390,0.11354423047378183,-0.006585362955670602,,
1990-05,WLS,1,2364,0.03002519408678176,-0.009228766866182382,,
1990-06,WLS,1,2700,-0.008821597860862193,-0.0003914654582555702,,
1990-07,WLS,1,2679,-0.09534643785588995,-0.0017181537015093474,,
1990-08,WLS,1,2669,-0.049454774312736816,-0.0029269210911334153,,
1990-09,WLS,1,2653,0.011581438910575781,-0.007979551741249128,,
1990-10,WLS,1,2651,0.06329817815065472,-0.0017569096939063825,,
1990-11,WLS,1,2638,0.03574843884077144,-0.0021139700175699504,,
1990-12,WLS,1,2615,0.045358692327401424,0.0009138953886026573,,
1991-01,WLS,1,2602,0.08626342021255128,-0.0036379705508372017,,
1991-02,WLS,1,2587,0.04576969861026416,-0.004587258135378671,,
1991-03,WLS,1,2569,-0.007902371339405872,0.0015931333751213529,,
1991-04,WLS,1,2555,0.03480523196804359,0.002169540491922,,
1991-05,WLS,1,2548,-0.044623796122580245,-0.0006705643074385214,,
1991-06,WLS,1,2703,0.06408493079677512,-0.006537944382814578,,
1991-07,WLS,1,2688,0.04330164548020512,-0.006866288197139068,,
1991-08,WLS,1,2681,-0.02061581589433077,-0.0010633813677459556,,
1991-09,WLS,1,2667,0.010765088941658108,0.0003266584681556292,,
1991-10,WLS,1,2652,-0.0025538271653228147,-0.0118074454635472,,
1991-11,WLS,1,2635,0.16189801531826414,-0.013735830002947941,,
1991-12,WLS,1,2613,-0.05557430731061455,0.014510298845397788,,
1992-01,WLS,1,2603,-0.019093084193643122,0.009358517422877605,,
1992-02,WLS,1,2593,-0.04054723294534806,0.004365421946744658,,
1992-03,WLS,1,2579,-0.016300177403906255,0.00886424921313598,,
1992-04,WLS,1,2561,0.015618135268741746,-0.004536914792981289,,
1992-05,WLS,1,2522,-0.03808933062122994,0.001878012254765431,,
1992-06,WLS,1,2660,0.04941659895730496,-0.0036526994064685074,,
1992-07,WLS,1,2637,-0.0041432625090997805,-0.004636113010464881,,
1992-08,WLS,1,2629,0.0032908863480759086,0.0012313982151406005,,
1992-09,WLS,1,2609,0.02526436810917127,-0.005459061932313484,,
1992-10,WLS,1,2601,0.04022456200773741,-0.0011195914766648845,,
1992-11,WLS,1,2593,-0.005992014072117644,0.0036827700719664863,,
1992-12,WLS,1,2580,-0.04962051632973501,0.013311618744445369,,
1993-01,WLS,1,2567,-0.039833955058478414,0.010604802686952077,,
1993-02,WLS,1,2555,0.00885036492886915,0.0024858739543307984,,
1993-03,WLS,1,2540,-0.06880396111305809,0.009811801994847416,,
1993-04,WLS,1,2529,0.038707884294716756,-0.0008344623282567999,,
1993-05,WLS,1,2519,-0.03226359824479533,0.0063757425429262675,,
1993-06,WLS,1,2722,-0.04656660567918833,0.009242294718036557,,
1993-07,WLS,1,2710,0.036231601034235075,2.094690452440565e-05,,
1993-08,WLS,1,2703,-0.02060256601780845,0.0034006555361593732,,
1993-09,WLS,1,2695,0.03859502272124458,-0.0029762857791970844,,
1993-10,WLS,1,2683,0.01077103123438182,-0.005029319221178211,,
1993-11,WLS,1,2667,0.005582519102286952,0.00247278055916509,,
1993-12,WLS,1,2651,0.013237657460328399,0.005221317916490475,,
1994-01,WLS,1,2632,-0.0165252132368469,-0.0006398364385895323,,
1994-02,WLS,1,2617,-0.05225543533793931,0.0015949883989815892,,
1994-03,WLS,1,2600,0.004557611411169953,0.000428969686750631,,
1994-04,WLS,1,2582,0.0035876982785765328,0.0002942846761033229,,
1994-05,WLS,1,2574,-0.03696402378872948,0.002136885952263864,,
1994-06,WLS,1,2819,0.022253462400935637,0.001591878306082853,,
1994-07,WLS,1,2801,0.06621644207988396,-0.005526062624791441,,
1994-08,WLS,1,2785,-0.008267449855000004,-0.002452941496571285,,
1994-09,WLS,1,2773,0.021230470333321226,-0.0009850722047821544,,
1994-10,WLS,1,2759,-0.024232503776840185,-0.0034520376672201526,,
1994-11,WLS,1,2737,0.011918721467992234,-0.0013252924026182248,,
1994-12,WLS,1,2725,0.023569001451458228,-0.003116411681447742,,
1995-01,WLS,1,2711,0.0340786270755957,0.0008417563254567223,,
1995-02,WLS,1,2691,0.021683893578609722,0.0019183936098396373,,
1995-03,WLS,1,2676,0.026636093741633178,-0.00033137488458191884,,
1995-04,WLS,1,2654,0.02859644017316013,-0.0010779585650839247,,
1995-05,WLS,1,2642,0.03932341722693973,-0.002625505749274006,,
1995-06,WLS,1,3011,0.033413504675348246,0.0004963240560250743,,
1995-07,WLS,1,2990,-0.0040386177352317145,0.00012114851174630313,,
1995-08,WLS,1,2973,0.05507195908935145,-0.00644231165736833,,
1995-09,WLS,1,2952,0.009514177580127268,-0.006245190150511348,,
1995-10,WLS,1,2934,0.03139458116400489,0.0004909489911129806,,
1995-11,WLS,1,2921,-0.005820120274687286,0.0042882613564686565,,
1995-12,WLS,1,2897,0.033694423942493945,-0.002806473527190565,,
1996-01,WLS,1,2876,0.01637295395043041,-0.00027743210902899675,,
1996-02,WLS,1,2860,-0.01530091105619864,0.0057284973096886176,,
1996-03,WLS,1,2843,0.019383389934883484,0.002102030623133743,,
1996-04,WLS,1,2822,0.04065656348844689,-0.0036523531273745585,,
1996-05,WLS,1,2810,0.010619234391189478,-0.006502221501859728,,
1996-06,WLS,1,3200,-0.05497572247071173,-0.0011376244687027243,,
1996-07,WLS,1,3174,0.009935228392260532,0.0036715937789280387,,
1996-08,WLS,1,3152,0.07813213383050588,-0.008676328341990962,,
1996-09,WLS,1,3137,-0.0023666720685510995,0.0021445239666686385,,
1996-10,WLS,1,3125,0.0695602436847104,-0.0020297602421477452,,
1996-11,WLS,1,3097,-0.02155231844674507,0.002726414226631898,,
1996-12,WLS,1,3071,0.0875760949248151,-0.009111060562501975,,
1997-01,WLS,1,3046,-0.008200208833686301,-0.0002007745498509109,,
1997-02,WLS,1,3029,-0.07803101272072992,0.010306279713774107,,
1997-03,WLS,1,3011,0.0762669986461045,-0.009540966541677142,,
1997-04,WLS,1,2993,0.0641383581663891,0.00018626496997232157,,
1997-05,WLS,1,2967,0.04795345473220424,-0.003949391532718658,,
1997-06,WLS,1,3231,0.06889730316534314,0.000519354984515149,,
1997-07,WLS,1,3205,-0.07023435004184864,0.00933762588195196,,
1997-08,WLS,1,3182,0.028603388550366475,0.003806609537217462,,
1997-09,WLS,1,3148,-0.04534646356986981,-0.0006186717268206093,,
1997-10,WLS,1,3130,0.04938439073194827,-0.006420551046533312,,
1997-11,WLS,1,3092,-0.0042671978116060666,0.0006152869083764389,,
1997-12,WLS,1,3055,0.032015290880013966,-0.005781397469429483,,
1998-01,WLS,1,3032,0.08028472064612265,-0.0023757360916995584,,
1998-02,WLS,1,2996,0.029727295841873332,0.003132416214587795,,
1998-03,WLS,1,2969,-0.0019545814664505092,0.001435517118122833,,
1998-04,WLS,1,2949,-0.031000694467851777,0.0013503426841156526,,
1998-05,WLS,1,2908,0.06809753535796063,-0.011305770391253573,,
1998-06,WLS,1,3143,-0.01249466243334776,-0.0048266073168209645,,
1998-07,WLS,1,3110,-0.1210753259613363,-0.007135326048047058,,
1998-08,WLS,1,3070,0.07576518578481968,-0.0019386742929017986,,
1998-09,WLS,1,3025,0.06468466117558583,0.0018209644131444245,,
1998-10,WLS,1,2994,0.07022315190970528,-0.003775021551086939,,
1998-11,WLS,1,2966,0.07148971888504355,-0.004866031257428591,,
1998-12,WLS,1,2917,0.0638659850551197,-0.007850002897232476,,
1999-01,WLS,1,2890,-0.06045051102467124,0.004011285772743489,,
1999-02,WLS,1,2853,0.0362556508539305,-0.0017330782359722126,,
1999-03,WLS,1,2827,-0.021759915361870566,0.018732244908620722,,
1999-04,WLS,1,2799,-0.03454763753317195,0.005180995034088404,,
1999-05,WLS,1,2761,0.07232193569867941,-0.007165846561031593,,
1999-06,WLS,1,3121,-0.022865813103654115,0.0002340176972941974,,
1999-07,WLS,1,3088,0.026167003441477748,-0.011778661851774692,,
1999-08,WLS,1,3051,-0.03143540551803569,-0.001369641670685908,,
1999-09,WLS,1,3025,0.07921709324234366,-0.015466983721391315,,
1999-10,WLS,1,2980,0.053097720779735805,-0.00678502511959644,,
1999-11,WLS,1,2943,0.08064214473213174,-0.004769746557529603,,
1999-12,WLS,1,2922,-0.047888521576844714,-0.0003764783619637257,,
2000-01,WLS,1,2890,0.026381507606764117,-0.0005053507777137996,,
2000-02,WLS,1,2858,0.07278111540472999,-0.004246651747336672,,
2000-03,WLS,1,2827,-0.04949742544238185,0.004931224888367439,,
2000-04,WLS,1,2804,-0.03922234628374786,-0.0015670031531226582,,
2000-05,WLS,1,2769,0.08697637010058992,-0.016627748342488764,,
2000-06,WLS,1,3057,-0.06666305033076683,0.0117044827720308,,
2000-07,WLS,1,3022,0.05665810904479829,-0.0029740372093250526,,
2000-08,WLS,1,2990,-0.10082300798830017,0.010068416960815412,,
2000-09,WLS,1,2943,-0.008058550152964193,0.005044743133530822,,
2000-10,WLS,1,2903,-0.11135174798722475,0.011996073510273281,,
2000-11,WLS,1,2865,-0.07298621629916589,0.026147960485270634,,
2000-12,WLS,1,2823,0.026444984571531775,0.004050611559437566,,
2001-01,WLS,1,2798,-0.15220302565828814,0.022179501262346853,,
2001-02,WLS,1,2770,-0.10988242623944007,0.014428116349637076,,
2001-03,WLS,1,2735,0.07773879350717115,-0.002047567742566462,,
2001-04,WLS,1,2699,-0.005129915618518168,0.0038832597359965506,,
2001-05,WLS,1,2671,-0.027418296619478522,0.000642109707837399,,
2001-06,WLS,1,2840,-0.005754744462369784,0.0005361675470461946,,
2001-07,WLS,1,2790,-0.06871205168123548,0.0031320041602144535,,
2001-08,WLS,1,2777,-0.06381721858600366,-0.009723051863524509,,
2001-09,WLS,1,2759,0.05494631350124828,-0.00900901746411083,,
2001-10,WLS,1,2734,0.07132459206317243,0.0031422334403030795,,
2001-11,WLS,1,2712,-0.01042507354441062,0.007471762334917695,,
2001-12,WLS,1,2686,0.013197193917998718,-0.004037083852363094,,
2002-01,WLS,1,2659,-0.028110949290043773,0.00439138989528964,,
2002-02,WLS,1,2640,0.020519601926506814,0.005522602748571978,,
2002-03,WLS,1,2616,-0.06883377897948834,0.0050345726578151975,,
2002-04,WLS,1,2600,-0.014622219753729968,0.002256887491394768,,
2002-05,WLS,1,2571,-0.07666936112428892,0.0013857044967523684,,
2002-06,WLS,1,2765,-0.052241515183969,-0.012572754468396813,,
2002-07,WLS,1,2743,-0.005999123277470854,0.0018519485738445996,,
2002-08,WLS,1,2729,-0.09328360304971771,-0.0022443197167251183,,
2002-09,WLS,1,2698,0.117585867076386,-0.012386241306126776,,
2002-10,WLS,1,2675,0.04251571496248014,0.006997959573845602,,
2002-11,WLS,1,2655,-0.06716077389297617,0.0026925429068711515,,
2002-12,WLS,1,2625,-0.02662494826456805,-0.000905013812990645,,
2003-01,WLS,1,2606,-0.0015347072145122354,-0.005028537356511038,,
2003-02,WLS,1,2573,0.024481935914811803,-0.005426387187307696,,
2003-03,WLS,1,2557,0.05982995449441697,0.0026539275757842423,,
2003-04,WLS,1,2533,0.03612218086284704,0.00826540430295529,,
2003-05,WLS,1,2515,0.012920666728202851,0.0011530837973476845,,
2003-06,WLS,1,2748,0.022933044616747698,0.0002697020604205419,,
2003-07,WLS,1,2723,0.006885407838249391,0.0087029443053056,,
2003-08,WLS,1,2704,-0.00871338865682321,-0.004593683937015894,,
2003-09,WLS,1,2690,0.04090800815355396,0.007255935844228092,,
2003-10,WLS,1,2671,0.004144619181390499,0.0041653276309106795,,
2003-11,WLS,1,2652,0.03205080236734807,0.0039664192572658515,,
2003-12,WLS,1,2630,0.00604270376199957,0.0018685283562339912,,
2004-01,WLS,1,2616,0.008376337396794192,0.00028600338396166255,,
2004-02,WLS,1,2601,-0.019454438253788987,0.0021712769830598212,,
2004-03,WLS,1,2583,0.011895947175365641,-0.007176122885672326,,
2004-04,WLS,1,2570,0.011745403698373586,-0.0005350678971681904,,
2004-05,WLS,1,2549,0.009737667523980482,0.004121820297495078,,
2004-06,WLS,1,2632,-0.06965345686231747,0.00632986193347864,,
2004-07,WLS,1,2616,-0.013077148068051981,0.0007152736959046487,,
2004-08,WLS,1,2610,-0.0007556461490956198,0.005222401068221678,,
2004-09,WLS,1,2595,0.015677941929205637,0.0004527889497719687,,
2004-10,WLS,1,2578,0.01793226176569,0.006969896933222662,,
2004-11,WLS,1,2559,0.04486755614683449,-0.0028576087490478613,,
2004-12,WLS,1,2540,-0.030654124723534112,0.0009892957819490715,,
2005-01,WLS,1,2529,0.007891801106428254,0.005486069319950249,,
2005-02,WLS,1,2513,-0.017573180344542586,0.00022241290153586198,,
2005-03,WLS,1,2497,-0.0061893355767965235,-0.005711674258004646,,
2005-04,WLS,1,2479,0.039132415024717045,-0.00021100862317157697,,
2005-05,WLS,1,2465,-0.02293128010542698,0.005605452141700554,,
2005-06,WLS,1,2521,0.03896366919029237,0.0017707482149153496,,
2005-07,WLS,1,2502,-0.02991391967976336,0.004289089952890812,,
2005-08,WLS,1,2487,-0.013898105689605795,0.0036938926689927547,,
2005-09,WLS,1,2466,-0.00043974185150924604,-0.005989841235015035,,
2005-10,WLS,1,2451,0.03915087113178905,-0.0006502309250016739,,
2005-11,WLS,1,2433,-0.013243401833476576,0.001710743871310186,,
2005-12,WLS,1,2411,-0.004105200799426887,0.009257909970320352,,
2006-01,WLS,1,2398,0.003111817705978854,-0.0022993793783508743,,
2006-02,WLS,1,2381,0.008224454891900202,0.002834142797389925,,
2006-03,WLS,1,2370,-0.01762750553887648,0.0046130230443496584,,
2006-04,WLS,1,2351,-0.03727601745197914,0.00021288751918815838,,
2006-05,WLS,1,2337,-0.011830138849816523,0.0021340347886652958,,
2006-06,WLS,1,2439,-0.018043982998372784,0.0012021456484409016,,
2006-07,WLS,1,2426,0.03797564762712266,-0.004436678898641447,,
2006-08,WLS,1,2414,0.023160078673352662,-0.0009466914415363235,,
2006-09,WLS,1,2397,0.02433390886310487,0.0017277201754944817,,
2006-10,WLS,1,2381,0.007145409176832365,0.0025684597621275207,,
2006-11,WLS,1,2360,-0.006006970229605145,0.002435766248450597,,
2006-12,WLS,1,2330,0.01819358988720395,-0.00029618845075762975,,
2007-01,WLS,1,2317,-0.023160242499409546,0.0015965030156752584,,
2007-02,WLS,1,2299,0.0009150972840210486,0.0016142500630477164,,
2007-03,WLS,1,2278,0.050610801080968215,-0.0031020979448778017,,
2007-04,WLS,1,2259,0.019402446739077286,0.0040315922843203395,,
2007-05,WLS,1,2235,-0.017919251346514196,0.001312306641275092,,
2007-06,WLS,1,2367,-0.009420289746684239,-0.003747173948978395,,
2007-07,WLS,1,2342,0.022824442485347592,-0.0037620564794573533,,
2007-08,WLS,1,2324,0.049299410409101935,-0.0033027307655999695,,
2007-09,WLS,1,2300,0.03772899034593268,-0.0036135315533978273,,
2007-10,WLS,1,2275,-0.033423087316634105,-0.003434964422992394,,
2007-11,WLS,1,2250,-0.012106000042592333,0.003023694897203134,,
2007-12,WLS,1,2240,-0.08066212481705373,0.002290762163128129,,
2008-01,WLS,1,2228,-0.021641348130260737,0.001707535633871553,,
2008-02,WLS,1,2212,0.006034871806281343,-0.000784112287301253,,
2008-03,WLS,1,2196,0.02601297299436556,0.0033862235653046788,,
2008-04,WLS,1,2174,0.012148233470771078,0.0042305694172468855,,
2008-05,WLS,1,2167,-0.06536866765912681,-0.0008608891827053443,,
2008-06,WLS,1,2323,-0.00021766126132689856,-0.004173713759163013,,
2008-07,WLS,1,2306,0.011260791645033076,0.002591325846126473,,
2008-08,WLS,1,2292,-0.0957650222556548,-0.0020652789907947525,,
2008-09,WLS,1,2274,-0.13713741895146947,-0.009727359078899113,,
2008-10,WLS,1,2258,-0.056316405358264356,-0.0031895977285481543,,
2008-11,WLS,1,2242,0.01715532197347996,0.001491649174671078,,
2008-12,WLS,1,2228,-0.03541081864804937,-0.007713032654732206,,
2009-01,WLS,1,2215,-0.05857237360532102,-0.008632217729877838,,
2009-02,WLS,1,2198,0.09394565331290303,-0.002030594380264529,,
2009-03,WLS,1,2180,0.04307848085169232,0.01462518467044364,,
2009-04,WLS,1,2167,0.04729125340271778,-0.0023551947932594214,,
2009-05,WLS,1,2153,0.02651480954631815,-0.005203236972522609,,
2009-06,WLS,1,2286,0.052347648531141114,0.008311603640661932,,
2009-07,WLS,1,2276,0.007475139973211987,0.005120947537230516,,
2009-08,WLS,1,2267,0.024340618996977526,0.006872705920568287,,
2009-09,WLS,1,2252,0.006643282904913301,-0.008707235505559236,,
2009-10,WLS,1,2232,0.07217069644918463,-0.004232914143265873,,
2009-11,WLS,1,2221,0.002937082154437754,0.008606587664446972,,
2009-12,WLS,1,2209,-0.039584873088668315,-0.0007983907237601879,,
2010-01,WLS,1,2190,0.024079362318396528,0.004452650952268946,,
2010-02,WLS,1,2178,0.04810787296215077,0.00405708939645609,,
2010-03,WLS,1,2164,0.001254875707286544,0.006849607026212447,,
2010-04,WLS,1,2157,-0.07113481238249421,-0.002015845435719779,,
2010-05,WLS,1,2151,-0.03002341466188258,-0.008651304643122663,,
2010-06,WLS,1,2273,0.06433805697678734,0.0015844462655265114,,
2010-07,WLS,1,2257,-0.040099378387958,-0.0007925658732378446,,
2010-08,WLS,1,2246,0.10573528137227248,-0.00038772636363761706,,
2010-09,WLS,1,2230,0.04409597332290474,-1.7645026549729264e-05,,
2010-10,WLS,1,2212,0.005825292878246182,0.0017302759215160795,,
2010-11,WLS,1,2188,0.041768164439444345,0.005224956046458935,,
2010-12,WLS,1,2171,0.016339095798452864,0.0009413352116480431,,
2011-01,WLS,1,2159,0.014367215314181156,0.005443073950068248,,
2011-02,WLS,1,2148,0.0014768769235868865,0.0024225639389491246,,
2011-03,WLS,1,2134,0.043844236210301216,-0.0023344988045187324,,
2011-04,WLS,1,2120,-0.0042672731986704545,-0.001709144942298438,,
2011-05,WLS,1,2094,-0.006545777672358334,-0.0018129035996608041,,
2011-06,WLS,1,2152,0.007626851825060838,-0.0065120440139680245,,
2011-07,WLS,1,2142,-0.03513764326904797,-0.005500160530287191,,
2011-08,WLS,1,2134,-0.05426128769671713,-0.004490022026232202,,
2011-09,WLS,1,2121,0.09185383067802713,0.0053917581006087435,,
2011-10,WLS,1,2108,-0.004633164070572915,0.002216651319957827,,
2011-11,WLS,1,2094,-0.01113181620587356,0.003414476050481619,,
2011-12,WLS,1,2082,0.07076438573469021,-0.004631602088432563,,
2012-01,WLS,1,2072,0.049840027173861656,-0.0022552407901317737,,
2012-02,WLS,1,2065,0.05137572061660111,-0.006227433600631611,,
2012-03,WLS,1,2053,-0.0031780552356384666,-0.00037283341062504497,,
2012-04,WLS,1,2045,-0.06682553181051303,0.0013313713007885597,,
2012-05,WLS,1,2035,0.023419240978961104,0.003309800603004834,,
2012-06,WLS,1,2090,0.00385090572626602,0.0014603496095315224,,
2012-07,WLS,1,2076,0.02778934693787725,-0.00044281006385543203,,
2012-08,WLS,1,2067,0.012248494454716272,0.0024305419942347345,,
2012-09,WLS,1,2052,-0.03856553657552798,0.003921566092795314,,
2012-10,WLS,1,2039,0.01705018581799103,-0.0013836958076436114,,
2012-11,WLS,1,2022,-0.013460678241132416,0.005380575783808021,,
2012-12,WLS,1,2015,0.03146859820396101,0.005503013353110033,,
2013-01,WLS,1,2006,0.006108817132114689,0.0011394683009728391,,
2013-02,WLS,1,1998,0.03358497219689605,0.00138792026663587,,
2013-03,WLS,1,1989,0.016300353751307273,-0.0008623219375696626,,
2013-04,WLS,1,1978,0.017495663437660597,0.0014936313280191028,,
2013-05,WLS,1,1965,-0.022276661762925327,0.0017943783006624807,,
2013-06,WLS,1,2057,0.0592350067102292,-0.001041295661314488,,
2013-07,WLS,1,2043,-0.016393457960738538,-0.0017640590855152612,,
2013-08,WLS,1,2034,0.03823468533218109,0.000371783273533716,,
2013-09,WLS,1,2018,0.032169243026621226,0.0030316959250998084,,
2013-10,WLS,1,2001,0.03827483448704834,-0.002416560069358039,,
2013-11,WLS,1,1993,0.016158280490639356,0.002520423748392579,,
2013-12,WLS,1,1981,-0.03574064915300001,-0.0002803351130556272,,
2014-01,WLS,1,1962,0.05451805215455501,-0.0010291792983675855,,
2014-02,WLS,1,1956,-0.018340514504799905,0.005625942327921691,,
2014-03,WLS,1,1949,0.0005629520749821497,0.001313565000080138,,
2014-04,WLS,1,1940,0.019458834832326945,0.0007148537192502771,,
2014-05,WLS,1,1934,0.010954616915616121,0.0028821072417678285,,
2014-06,WLS,1,1990,-0.015516352292852566,-0.00024237669767167356,,
2014-07,WLS,1,1984,0.06099080168894909,-0.004473176958504938,,
2014-08,WLS,1,1977,0.0009169425384492144,-0.00528044877165343,,
2014-09,WLS,1,1965,0.0461876907723396,-0.0056881696511194265,,
2014-10,WLS,1,1958,0.051590046363969265,-0.004999601473035611,,
2014-11,WLS,1,1949,-0.013037928770447748,0.0016266765823548493,,
2014-12,WLS,1,1933,0.0051188738973086305,-0.006577774235719875,,
2015-01,WLS,1,1921,0.06720108516516297,-0.0004685928205143544,,
2015-02,WLS,1,1911,-0.010805451803974998,-0.001447284135924453,,
2015-03,WLS,1,1905,-0.007246558540108852,0.0037566716741218326,,
2015-04,WLS,1,1899,0.026441273577094863,-0.003357059104961063,,
2015-05,WLS,1,1888,-0.00696140179740745,-0.0032267079007862374,,
2015-06,WLS,1,1942,0.05504100650350492,-0.011595028412216577,,
2015-07,WLS,1,1932,-0.06668651845675004,0.0019296269806124728,,
2015-08,WLS,1,1923,-0.01392523968465213,-0.0037056206334411855,,
2015-09,WLS,1,1905,0.08109958183165991,0.0006423489962176896,,
2015-10,WLS,1,1901,0.006485256379098744,-0.0005029647950170116,,
2015-11,WLS,1,1888,0.0007388218475929965,-0.006223519499598052,,
2015-12,WLS,1,1868,-0.06624930120209489,0.0028514726942892965,,
2016-01,WLS,1,1854,-0.001599830597922456,0.0022865030908311317,,
2016-02,WLS,1,1844,0.06081160140679092,0.0024355056773466013,,
2016-03,WLS,1,1829,-0.02038609357589873,0.006365979238018061,,
2016-04,WLS,1,1813,0.028191122296987975,-0.0029217124597024496,,
2016-05,WLS,1,1804,-0.0036322701704814895,0.0030653851431790085,,
2016-06,WLS,1,1883,0.05324284729249692,-0.002823914618524278,,
2016-07,WLS,1,1868,-0.00798700211360639,0.0013549779996104676,,
2016-08,WLS,1,1854,-0.0027614474329507063,0.002263121744505281,,
2016-09,WLS,1,1848,-0.02230110555826933,-0.0012979894492024917,,
2016-10,WLS,1,1833,0.0009536494850565247,0.009977577932649901,,
2016-11,WLS,1,1825,0.007973614228728844,0.0012345523828375968,,
2016-12,WLS,1,1815,0.038172064558675466,-0.0037034724469361354,,
2017-01,WLS,1,1804,0.05493509489785563,-0.006137979971144324,,
2017-02,WLS,1,1791,0.017691077330918716,-0.002619650428020105,,
2017-03,WLS,1,1778,0.02731260633492199,-0.003623960605140936,,
2017-04,WLS,1,1767,0.03812187624372799,-0.006218225884668335,,
2017-05,WLS,1,1755,0.003940468096095082,-0.0014634987890282788,,
2017-06,WLS,1,1864,0.02301834724448599,-0.0009602383908898996,,
2017-07,WLS,1,1853,0.021309188611640197,-0.004672757375336721,,
2017-08,WLS,1,1836,0.0038384482274560028,0.005280904028589204,,
2017-09,WLS,1,1828,0.051667113970141496,-0.007542716138775204,,
2017-10,WLS,1,1815,0.03137925883767731,0.0003619902806707827,,
2017-11,WLS,1,1803,0.0021414657667445194,0.003130761282195845,,
2017-12,WLS,1,1798,0.09235404275528862,-0.008692883445516462,,
2018-01,WLS,1,1787,-0.010389552928471553,-0.006792786038251676,,
2018-02,WLS,1,1779,-0.03692022881120125,0.0040196611510085,,
2018-03,WLS,1,1772,0.004479885270822199,-0.0002615419934132263,,
2018-04,WLS,1,1770,0.04148803368158489,-0.0021315045206931936,,
2018-05,WLS,1,1759,0.013460644760139867,-0.00214315541666167,,
2018-06,WLS,1,1825,0.03147227418480025,-0.0008290432698297234,,
2018-07,WLS,1,1816,0.0726382758227227,-0.00861142932882653,,
2018-08,WLS,1,1816,0.0075915736658233,-0.00021229670068003778,,
2018-09,WLS,1,1805,-0.107457690496004,0.0066610026830972325,,
2018-10,WLS,1,1791,0.021741452229615647,-0.003325083010995465,,
2018-11,WLS,1,1778,-0.07525671465671187,-0.005572045380077954,,
2018-12,WLS,1,1770,0.07856559365796265,0.0011369128318679078,,
2019-01,WLS,1,1761,0.04151890996614964,-0.0017347873969377186,,
2019-02,WLS,1,1748,0.03734908117996714,-0.0051359519124186325,,
2019-03,WLS,1,1739,0.052954589446190976,-0.004434651046481017,,
2019-04,WLS,1,1734,-0.06956147887514896,-0.0018502816197402804,,
2019-05,WLS,1,1728,0.07458201109626211,0.001208430679877968,,
2019-06,WLS,1,1820,0.011984031861243513,-0.001478389996060849,,
2019-07,WLS,1,1810,-0.006074889254911536,-0.0059190353931078,,
2019-08,WLS,1,1801,-0.008416096669165514,0.006810275206162743,,
2019-09,WLS,1,1790,0.032244957136923075,-0.0027885262229263947,,
2019-10,WLS,1,1779,0.05276660527146651,-0.004125297660296408,,
2019-11,WLS,1,1763,0.030428144612890656,9.993864761533628e-05,,
2019-12,WLS,1,1761,0.0429788229327631,-0.014223952231352218,,
2020-01,WLS,1,1758,-0.06001462776689708,-0.0052495923204392385,,
2020-02,WLS,1,1752,-0.0345708506840125,-0.025409517577208506,,
2020-03,WLS,1,1744,0.1435296027517428,0.0006319068129399349,,
2020-04,WLS,1,1735,0.06071152509615091,-0.0015089256208727845,,
2020-05,WLS,1,1724,0.06936731087206764,-0.012255812662670838,,
2020-06,WLS,1,1786,0.09273176252428424,-0.00951068597830328,,
2020-07,WLS,1,1779,0.12909037904209825,-0.015066084946027295,,
2020-08,WLS,1,1773,-0.04977079164233666,0.0033053961924290835,,
2020-09,WLS,1,1763,-0.041055616795036255,0.0038922254599572845,,
2020-10,WLS,1,1760,0.0863761824027706,0.01112025993540963,,
2020-11,WLS,1,1750,0.060020471148836886,-0.0038007375338111413,,
2020-12,WLS,1,1741,-0.010903385050470008,0.003831895154920197,,
2021-01,WLS,1,1735,-0.03135083839241151,0.017161418309790635,,
2021-02,WLS,1,1732,0.008865367192000798,0.006617145510229219,,
2021-03,WLS,1,1720,0.06632798302425948,-0.006882523309264173,,
2021-04,WLS,1,1714,-0.029468258423834267,0.009595088166511126,,
2021-05,WLS,1,1707,0.07319046111432956,-0.011976566675067671,,
2021-06,WLS,1,1783,0.0422294890778117,-0.008214700189737955,,
2021-07,WLS,1,1776,0.05104481501106602,-0.007014942892284742,,
2021-08,WLS,1,1768,-0.06729672153398908,0.006291624219041081,,
2021-09,WLS,1,1757,0.10056663296749586,-0.010708821904115765,,
2021-10,WLS,1,1750,0.027072459004286727,-0.008762960980238604,,
2021-11,WLS,1,1741,0.005858059712611669,0.00862772072026652,,
2021-12,WLS,1,1737,-0.11108122354036155,0.01546045016039351,,
2022-01,WLS,1,1732,-0.051165018638939214,0.007775394445270328,,
2022-02,WLS,1,1722,0.04867127113005374,-0.002457814844670046,,
2022-03,WLS,1,1717,-0.1328589270583889,0.012666418924601894,,
2022-04,WLS,1,1707,-0.050851067734381146,0.014482988146463436,,
2022-05,WLS,1,1703,-0.07286679132541171,-0.004544331983353142,,
2022-06,WLS,1,1799,0.14481390421554116,-0.01325955532659247,,
2022-07,WLS,1,1793,-0.057924077739694095,0.005240391691133231,,
2022-08,WLS,1,1786,-0.09356512973032748,-0.00043231277284470237,,
2022-09,WLS,1,1776,0.022619229678894476,0.017565060452800138,,
2022-10,WLS,1,1771,0.046554079605869644,-0.00014015539843790923,,
2022-11,WLS,1,1762,-0.08652298968804531,0.006058994105349544,,
2022-12,WLS,1,1758,0.08586178067421288,-0.004940379769226554,,
2023-01,WLS,1,1748,0.004828365026910614,-0.0076509780535417736,,
2023-02,WLS,1,1736,0.09203959242636063,-0.01435739468263708,,
2023-03,WLS,1,1729,0.005087884725054403,-0.0010717948475717782,,
2023-04,WLS,1,1721,0.07725331829245058,-0.021863795532514076,,
2023-05,WLS,1,1714,0.0774166534917966,-0.0018459315317850087,,
2023-06,WLS,1,1854,0.016448958846130898,0.0038772085064727687,,
2023-07,WLS,1,1844,-0.0028551837500096224,-0.0049199098511551005,,
2023-08,WLS,1,1832,-0.06346444524296968,0.004485655850456377,,
2023-09,WLS,1,1822,-0.016951398890092874,-0.005916427595128425,,
2023-10,WLS,1,1810,0.09843930024288187,-0.00395205720177989,,
2023-11,WLS,1,1800,0.0374817150320897,0.005098766091585814,,
2023-12,WLS,1,1793,0.03326905391602769,-0.005189772139655533,,
2024-01,WLS,1,1786,0.08493296076847866,-0.005786717061372228,,
2024-02,WLS,1,1781,0.01929144568411485,0.004033038622431008,,
2024-03,WLS,1,1772,-0.042721025634377796,-0.004538190260835265,,
2024-04,WLS,1,1759,0.06324295428359157,-0.0074383461744646434,,
2024-05,WLS,1,1752,0.07694037303906814,-0.015514605827471545,,
2024-06,WLS,1,1969,-0.032514332826573344,0.011629496371670708,,
2024-07,WLS,1,1955,0.022481804223761,-0.0051391161969369615,,
2024-08,WLS,1,1948,0.0326718912812881,-0.003414752460937466,,
2024-09,WLS,1,1935,-0.01095405366586435,-0.0015544349599302585,,
2024-10,WLS,1,1922,0.06516627692060065,-0.0010301173796132088,,
2024-11,WLS,1,1911,0.009173822794199841,-0.014416924717711601,,
1973-06,WLS,2,1444,0.04376160972150381,,0.0006531662791313892,
1973-07,WLS,2,1442,-0.017851862225600777,,-0.0034247272382713183,
1973-08,WLS,2,1442,0.13841490936272677,,-0.015591631451535215,
1973-09,WLS,2,1443,0.005897673152812834,,-0.0014918364364564576,
1973-10,WLS,2,1441,-0.1219528166930519,,-0.0005161364987004227,
1973-11,WLS,2,1443,0.1046974445011468,,-0.0163181553687956,
1973-12,WLS,2,1442,-0.015152563137207324,,0.0012779056396147216,
1974-01,WLS,2,1439,0.027803788197288386,,-0.005316952422399066,
1974-02,WLS,2,1439,-0.04526518254530263,,0.0036805214653010134,
1974-03,WLS,2,1439,-0.05206467701629707,,0.00210611317485339,
1974-04,WLS,2,1438,-0.07593480735368374,,0.007333929248334615,
1974-05,WLS,2,1436,-0.005091476378769257,,-0.0017086098893082156,
1974-06,WLS,2,1559,-0.02603013865974322,,-0.010866827505326946,
1974-07,WLS,2,1559,-0.06451168610046225,,-0.004030184920492096,
1974-08,WLS,2,1554,-0.06232274457005289,,-0.011304763159514414,
1974-09,WLS,2,1555,0.13144863910107557,,0.005287256867189186,
1974-10,WLS,2,1551,-0.04246305898380625,,-0.0014802472929289555,
1974-11,WLS,2,1550,-0.01066561498576469,,-0.004002450567694633,
1974-12,WLS,2,1553,0.11909034572731102,,0.0006440451394441535,
1975-01,WLS,2,1551,0.00710778351811929,,0.010507149477585452,
1975-02,WLS,2,1548,0.04052524621882352,,-0.0013573849637950153,
1975-03,WLS,2,1547,0.06651848083943747,,-0.0031047804662047702,
1975-04,WLS,2,1546,0.049443987043248844,,-0.0003971945302225405,
1975-05,WLS,2,1543,0.07486255255256452,,-0.005611824888821149,
1975-06,WLS,2,1955,-0.018072626714165277,,-0.008852894042990653,
1975-07,WLS,2,1954,-0.017130948015177616,,-0.001164424469186778,
1975-08,WLS,2,1954,-0.04397174780731783,,0.00022200126530752282,
1975-09,WLS,2,1954,0.00775300072259143,,0.00899518225818876,
1975-10,WLS,2,1954,0.007152048013331648,,0.0033494142841933223,
1975-11,WLS,2,1949,0.015073376436875605,,-0.006188736613224805,
1975-12,WLS,2,1897,0.15143561200359013,,-0.0038951321400796366,
1976-01,WLS,2,1896,0.04122083414834836,,-0.006761390942462172,
1976-02,WLS,2,1911,0.022444796952032282,,0.0003251514049961329,
1976-03,WLS,2,1903,0.02478702508776628,,-0.007340847146836031,
1976-04,WLS,2,1917,-0.006696964081747413,,-0.001578269530108973,
1976-05,WLS,2,1911,0.03336035204150949,,0.001251169109297874,
1976-06,WLS,2,2363,-0.020568079815614617,,0.0008517840125066102,
1976-07,WLS,2,2168,-0.019856376123360487,,0.0023802978463835535,
1976-08,WLS,2,2162,0.034021097594425016,,-0.002264133615515779,
1976-09,WLS,2,2328,-0.009764751121191068,,-0.003331115290168565,
1976-10,WLS,2,2325,0.016349116462271086,,-0.0031322476727162186,
1976-11,WLS,2,2332,0.07271453862674102,,-0.00419817614626377,
1976-12,WLS,2,2296,-0.017099274858212016,,-0.0055049966123064545,
1977-01,WLS,2,2285,-0.023280457564263363,,0.0011397827607991106,
1977-02,WLS,2,2300,-0.016389884299549812,,-0.00010345403354272889,
1977-03,WLS,2,2294,0.04172813388519078,,-0.008518409770756543,
1977-04,WLS,2,2278,-0.01093494892127447,,-0.0014566721291477253,
1977-05,WLS,2,2273,0.015161295284393826,,0.005700915446713443,
1977-06,WLS,2,2409,-0.04362661750599781,,0.004082337905446925,
1977-07,WLS,2,2396,-0.05750192954122097,,0.008139600664901464,
1977-08,WLS,2,2384,0.006999025580284883,,-0.002439622797135512,
1977-09,WLS,2,2366,-0.05336413661709951,,0.0019491508352834338,
1977-10,WLS,2,2360,0.02899373107289874,,0.001687718939415275,
1977-11,WLS,2,2352,0.006857696056981442,,-0.0005732162904961665,
1977-12,WLS,2,2330,-0.06939994073502484,,0.0014917234929954862,
1978-01,WLS,2,2318,-0.004595148631728706,,-0.0022822079732222563,
1978-02,WLS,2,2309,0.042188723344544724,,-0.0031791775738612103,
1978-03,WLS,2,2297,0.06240946838326304,,0.00511051618732967,
1978-04,WLS,2,2280,0.008993030117197957,,0.001691109705363556,
1978-05,WLS,2,2259,-0.03833322015306657,,0.0030866779640799256,
1978-06,WLS,2,2353,0.03769248975558978,,0.0033334733993443887,
1978-07,WLS,2,2332,0.04314619566496933,,-0.0011769239650196816,
1978-08,WLS,2,2322,0.01897098600461426,,-0.00622312510719639,
1978-09,WLS,2,2324,-0.12451848838993403,,0.0012377243755317966,
1978-10,WLS,2,2312,0.031034964751283804,,-0.0005076333046795622,
1978-11,WLS,2,2303,-0.008914561496152034,,0.0039496771870064055,
1978-12,WLS,2,2283,0.05592557467579018,,-0.0032272244225669934,
1979-01,WLS,2,2257,-0.019418708889431317,,-0.0034008293527982313,
1979-02,WLS,2,2256,0.07214678959985647,,-0.002912103683768644,
1979-03,WLS,2,2249,0.0027005556429393427,,-0.00028427568548795515,
1979-04,WLS,2,2242,-0.02743325346958672,,-0.00018054121837237993,
1979-05,WLS,2,2230,0.06264271144333751,,-0.005823458463982411,
1979-06,WLS,2,2302,0.0359252300042988,,-0.005247548278316649,
1979-07,WLS,2,2286,0.07123902018190756,,-0.0010628719454337185,
1979-08,WLS,2,2271,0.022954382118379614,,-0.005383813287042927,
1979-09,WLS,2,2269,-0.07868394150104159,,-0.00045356687493220554,
1979-10,WLS,2,2261,0.06080549521752243,,-0.002271597561715325,
1979-11,WLS,2,2248,0.05530313318653328,,-0.005605992141038077,
1979-12,WLS,2,2221,0.14548952038648272,,-0.015126091559451991,
1980-01,WLS,2,2197,0.050813145568780804,,-0.011530784940002134,
1980-02,WLS,2,2189,-0.19461268701382473,,0.011667068912784063,
1980-03,WLS,2,2177,0.04308005449044279,,-0.0034834861551255097,
1980-04,WLS,2,2169,0.0410932823288993,,0.0018873715123905984,
1980-05,WLS,2,2166,0.04294624278563858,,-0.003290343163792696,
1980-06,WLS,2,2255,0.047310234940492246,,0.00640164616995956,
1980-07,WLS,2,2250,0.03205732359057284,,-0.00275423363868977,
1980-08,WLS,2,2233,0.05603385844091117,,-0.005480242568692015,
1980-09,WLS,2,2227,0.04089488618942222,,-0.005320108042464583,
1980-10,WLS,2,2219,0.17789232065629607,,-0.013090554798483553,
1980-11,WLS,2,2211,-0.1043830038231988,,0.010107010420861587,
1980-12,WLS,2,2206,-0.08126372680465342,,0.004498134777286396,
1981-01,WLS,2,2170,0.015775342637557793,,-6.753678007632042e-05,
1981-02,WLS,2,2163,0.029723948606940227,,0.0011948510016575144,
1981-03,WLS,2,2154,-0.0707551060917663,,0.007938550956339531,
1981-04,WLS,2,2149,-0.03854637229181365,,0.005858962069483404,
1981-05,WLS,2,2139,-0.001267969722326826,,-0.004708448509862705,
1981-06,WLS,2,2275,0.01608877246528175,,-0.005696566391435424,
1981-07,WLS,2,2265,-0.09261809271092844,,0.00251021968464752,
1981-08,WLS,2,2246,-0.1256754893772167,,0.008828606233969468,
1981-09,WLS,2,2236,0.059009919413830964,,-0.001562476084902781,
1981-10,WLS,2,2241,0.04353377472456674,,-0.00203189618418688,
1981-11,WLS,2,2231,-0.05649084719828586,,0.003988004369079437,
1981-12,WLS,2,2222,-0.09458299202001141,,0.011172594930866446,
1982-01,WLS,2,2199,-0.1018837945802342,,0.006681893536311896,
1982-02,WLS,2,2182,-0.024535939657474415,,0.0007873471047142582,
1982-03,WLS,2,2169,0.025052130740360917,,0.0028396335557058596,
1982-04,WLS,2,2163,-0.038194645300321885,,-0.00010644564636607971,
1982-05,WLS,2,2145,-0.046719540636337674,,0.00357390080746206,
1982-06,WLS,2,2328,-0.08272459135109798,,0.009196247679571532,
1982-07,WLS,2,2318,0.13185299214735785,,-0.0031167119826250745,
1982-08,WLS,2,2305,-0.012686188823602246,,0.0038431440667814937,
1982-09,WLS,2,2292,0.12001560847932728,,-0.0010285305713174076,
1982-10,WLS,2,2282,0.004417803275985309,,0.008090432189175621,
1982-11,WLS,2,2277,0.013854245239153032,,-0.0007160021600283171,
1982-12,WLS,2,2249,0.05558912986178059,,-0.004247495297111689,
1983-01,WLS,2,2235,0.022440548815035804,,0.0011480288756566725,
1983-02,WLS,2,2227,0.023535282750312213,,0.0006645486214865586,
1983-03,WLS,2,2217,0.07103672983434317,,-0.0016494566290394788,
1983-04,WLS,2,2208,0.022786981980804307,,-0.0036569917800901557,
1983-05,WLS,2,2199,0.03651251730870222,,0.0014422628264314592,
1983-06,WLS,2,2372,-0.03605203816448083,,-0.001219459208074726,
1983-07,WLS,2,2359,0.012521970198295753,,-0.003255749408169714,
1983-08,WLS,2,2351,-0.024423615475968316,,0.00602733831162774,
1983-09,WLS,2,2340,-0.03572500019794058,,0.0005657780966125674,
1983-10,WLS,2,2334,0.0435358216470261,,-0.0035962254501079264,
1983-11,WLS,2,2325,-0.004161822637239976,,-0.0011764079117272245,
1983-12,WLS,2,2303,0.02267172276759249,,-0.008646861396589446,
1984-01,WLS,2,2280,-0.03654913623499245,,-0.001998811950680245,
1984-02,WLS,2,2272,0.00974281394132317,,0.00017907009061076987,
1984-03,WLS,2,2255,-0.011271985024172029,,0.0019000211166977,
1984-04,WLS,2,2246,-0.07733853426024931,,0.003157067939239936,
1984-05,WLS,2,2225,-0.010005653740098742,,0.004884127816271487,
1984-06,WLS,2,2495,-0.06125796683194601,,0.00542208003436417,
1984-07,WLS,2,2480,0.12027518605667568,,-0.0021572354290289473,
1984-08,WLS,2,2457,-0.020707670657429702,,-6.144207387634868e-05,
1984-09,WLS,2,2438,-0.03409657450102306,,0.0038190095892698724,
1984-10,WLS,2,2416,-0.024129525575241017,,0.00011434783359514654,
1984-11,WLS,2,2401,0.00598694225999995,,0.001039619071620641,
1984-12,WLS,2,2379,0.08667970298570304,,-0.00031603233179166516,
1985-01,WLS,2,2358,0.0055320699028599644,,0.0008967559441590766,
1985-02,WLS,2,2348,-0.03005406037409752,,0.0019690749219077337,
1985-03,WLS,2,2336,-0.007420127354187319,,-0.0018200006687223303,
1985-04,WLS,2,2319,0.02665243092839436,,0.004158068630562067,
1985-05,WLS,2,2293,0.011215398097098064,,-0.0006423818218944343,
1985-06,WLS,2,2524,0.01753987995336894,,-0.0020790693820540895,
1985-07,WLS,2,2503,-0.013178216427144633,,-0.00020695918477708536,
1985-08,WLS,2,2492,-0.06357991778022326,,0.003809619069228327,
1985-09,WLS,2,2472,0.016086157687949756,,0.0026779296608359766,
1985-10,WLS,2,2449,0.03958558472839767,,0.004861061552615552,
1985-11,WLS,2,2432,0.006632451041058391,,0.005305603229714541,
1985-12,WLS,2,2415,-0.012833183588374533,,0.002128036775019869,
1986-01,WLS,2,2400,0.0838691661221388,,-0.0016721131832345213,
1986-02,WLS,2,2381,0.030756619771746294,,0.002818325599777848,
1986-03,WLS,2,2362,-0.04093628964577146,,0.005580328064215898,
1986-04,WLS,2,2343,0.02944578159811052,,0.0031496812953044845,
1986-05,WLS,2,2320,-0.021415946784032573,,0.003911466386732404,
1986-06,WLS,2,2587,-0.09367048400887079,,0.0022851780970308913,
1986-07,WLS,2,2577,0.10274311215558621,,-0.007513592680573833,
1986-08,WLS,2,2561,-0.037563937352593675,,-0.006877072776686305,
1986-09,WLS,2,2533,0.06747616971657723,,-0.0022026524947393786,
1986-10,WLS,2,2502,0.010103501150534948,,0.0016535093942689288,
1986-11,WLS,2,2453,-0.030464359840785944,,-0.00018294706482813704,
1986-12,WLS,2,2427,0.14887270857790413,,-0.0017095651842533542,
1987-01,WLS,2,2417,0.030438818087455573,,0.004893517566989486,
1987-02,WLS,2,2396,0.05450692333084787,,-0.004203873407982547,
1987-03,WLS,2,2376,-0.00875990898723034,,-0.0004874857003004527,
1987-04,WLS,2,2367,-0.0011214255273425207,,0.0012996791110228044,
1987-05,WLS,2,2349,0.032506699714457084,,0.0014720254797266521,
1987-06,WLS,2,2700,0.06485293973524985,,-0.002075773406140234,
1987-07,WLS,2,2677,0.01494800388835553,,0.0028776488244257065,
1987-08,WLS,2,2657,-0.00016857957959761887,,-0.004527784141678669,
1987-09,WLS,2,2632,-0.273761587588504,,0.004788276298686613,
1987-10,WLS,2,2604,-0.06673612410716248,,-0.0031920047280280003,
1987-11,WLS,2,2583,0.0846357178740974,,-5.461066496091912e-05,
1987-12,WLS,2,2561,0.03213122367884293,,-0.0007963125066811591,
1988-01,WLS,2,2541,0.06224369968283077,,-0.0005040883486394725,
1988-02,WLS,2,2523,-0.0006826477441842833,,-0.0041495356527861006,
1988-03,WLS,2,2499,0.02497390410261602,,-0.0030532432672938136,
1988-04,WLS,2,2475,-0.0021617143216036173,,-0.00107365169006371,
1988-05,WLS,2,2450,0.046084800970646135,,0.0008995042573383676,
1988-06,WLS,2,2552,-0.012253769910082922,,-0.0007464336576977871,
1988-07,WLS,2,2527,-0.048292759048064716,,0.000812159234817056,
1988-08,WLS,2,2508,0.02093021862382629,,0.0026682416134168525,
1988-09,WLS,2,2480,0.018048567526793718,,0.0002026180741489756,
1988-10,WLS,2,2455,-0.014081152111521857,,-0.0013902017804384617,
1988-11,WLS,2,2430,0.010795765114143348,,0.0013590713334303997,
1988-12,WLS,2,2408,0.0735858518559589,,-0.0015669462934933083,
1989-01,WLS,2,2385,-0.019797874474811784,,-0.0013513589480758069,
1989-02,WLS,2,2367,0.024251893676556134,,-0.0018547786320546836,
1989-03,WLS,2,2357,0.04832607599580122,,-0.0002814766287347524,
1989-04,WLS,2,2333,0.034793453333958224,,-0.00018499942929121432,
1989-05,WLS,2,2308,-0.023750204091299534,,0.0003557417500480641,
1989-06,WLS,2,2591,0.047582585456766836,,0.005851820008189757,
1989-07,WLS,2,2562,0.038903397386990266,,-0.003974277276312094,
1989-08,WLS,2,2541,-0.026536767557952017,,0.0028514249668811355,
1989-09,WLS,2,2522,-0.0654381024975823,,0.005294226500397112,
1989-10,WLS,2,2498,0.018115332797065363,,-0.0011573171820943695,
1989-11,WLS,2,2484,0.024406537318314582,,-0.0013500818877333406,
1989-12,WLS,2,2448,-0.06695158640360274,,-0.0015518587598968732,
1990-01,WLS,2,2436,0.03228434321711279,,-0.0039350787075528686,
1990-02,WLS,2,2420,0.01147669533562339,,0.003461262855602146,
1990-03,WLS,2,2406,-0.06009355055373478,,0.00572415777889045,
1990-04,WLS,2,2390,0.053836894708058275,,0.005522299925492773,
1990-05,WLS,2,2364,-0.037823369164035614,,0.004994451257178612,
1990-06,WLS,2,2700,-0.0033075486549284036,,-0.0012770985125938673,
1990-07,WLS,2,2679,-0.09894725766176758,,-0.0005587331086787285,
1990-08,WLS,2,2669,-0.06662125545861979,,0.0010562302630416638,
1990-09,WLS,2,2653,-0.06255026594232821,,0.007844437070032677,
1990-10,WLS,2,2651,0.028228335925179166,,0.005071616875439949,
1990-11,WLS,2,2638,0.014456591316609542,,0.0023396608619619284,
1990-12,WLS,2,2615,0.0434191768291375,,0.0009642581157627197,
1991-01,WLS,2,2602,0.058037466767098304,,0.002525882285433479,
1991-02,WLS,2,2587,-0.007303295726753989,,0.0062656484794624155,
1991-03,WLS,2,2569,0.004690368778427874,,-0.0011447318148979711,
1991-04,WLS,2,2555,0.04632777954668148,,-0.0005699943098807625,
1991-05,WLS,2,2548,-0.05279100479822887,,0.000984116818070463,
1991-06,WLS,2,2703,0.014384328629304699,,0.0048437863126405386,
1991-07,WLS,2,2688,-0.006112272379048795,,0.004566103580394409,
1991-08,WLS,2,2681,-0.02003464485589126,,-0.0007549021804797841,
1991-09,WLS,2,2667,0.0034549708896129874,,0.0014967404497988708,
1991-10,WLS,2,2652,-0.09201570265249027,,0.00866268953230646,
1991-11,WLS,2,2635,0.06804210108181337,,0.008300754451403845,
1991-12,WLS,2,2613,0.03226614181548197,,-0.006824119556962366,
1992-01,WLS,2,2603,0.022210037842891838,,-0.0016335174343070605,
1992-02,WLS,2,2593,-0.0261416219784339,,0.00012321783675795707,
1992-03,WLS,2,2579,0.05844106284741724,,-0.007670386717268316,
1992-04,WLS,2,2561,-0.012139865091609204,,0.002053919267943083,
1992-05,WLS,2,2522,-0.00993156350797404,,-0.0038144212055372523,
1992-06,WLS,2,2660,0.020475291839048348,,0.002670867959384036,
1992-07,WLS,2,2637,-0.03665848111289206,,0.0026553484138766388,
1992-08,WLS,2,2629,0.024527752820574858,,-0.0029318946683805,
1992-09,WLS,2,2609,-0.02035363036387872,,0.004445704141731604,
1992-10,WLS,2,2601,0.03468687784735351,,0.00023747134629817525,
1992-11,WLS,2,2593,0.030445307930131317,,-0.003994789730064416,
1992-12,WLS,2,2580,0.04007126724094363,,-0.00706339952828964,
1993-01,WLS,2,2567,0.02402672733775904,,-0.004219564375283954,
1993-02,WLS,2,2555,0.03485752514183069,,-0.002954255505096744,
1993-03,WLS,2,2540,0.007357986443816514,,-0.006900356193425634,
1993-04,WLS,2,2529,0.0253113092663843,,0.001849893511242568,
1993-05,WLS,2,2519,0.011748178243419505,,-0.0034765442855855455,
1993-06,WLS,2,2722,0.033434744761698686,,-0.008197651810483224,
1993-07,WLS,2,2710,0.02826064400980961,,0.0015029915594519942,
1993-08,WLS,2,2703,-0.0068458056159882395,,-0.00013416619254670388,
1993-09,WLS,2,2695,0.021978545246157898,,0.0009770341161094505,
1993-10,WLS,2,2683,-0.022691756074705544,,0.002660539646209794,
1993-11,WLS,2,2667,0.03483004754330665,,-0.0036817036427546704,
1993-12,WLS,2,2651,0.06892292762514478,,-0.006682185980847893,
1994-01,WLS,2,2632,-0.036579818732425516,,0.003306067479543436,
1994-02,WLS,2,2617,-0.0533072510323136,,0.0013292444046461094,
1994-03,WLS,2,2600,0.004915119980915347,,0.00023562629370691042,
1994-04,WLS,2,2582,0.004017805669756046,,0.00012613080182902355,
1994-05,WLS,2,2574,-0.03328707103496368,,0.0008163132373279828,
1994-06,WLS,2,2819,0.03821369530617371,,-0.001796464657949543,
1994-07,WLS,2,2801,9.669422584984387e-05,,0.008198720311760636,
1994-08,WLS,2,2785,-0.03433697291920487,,0.003000959634733329,
1994-09,WLS,2,2773,0.0009207847083788484,,0.002983869322689828,
1994-10,WLS,2,2759,-0.06703889549250418,,0.005321960255849796,
1994-11,WLS,2,2737,0.01698575685630904,,-0.001809997488503539,
1994-12,WLS,2,2725,0.0008586789520989629,,0.0019479397390295813,
1995-01,WLS,2,2711,0.04773128265561475,,-0.001870666342691007,
1995-02,WLS,2,2691,0.026051239688660525,,0.0005132272791515244,
1995-03,WLS,2,2676,0.014251543776934952,,0.001987226459356131,
1995-04,WLS,2,2654,0.018757265027411076,,0.0010263870714308395,
1995-05,WLS,2,2642,0.005231464440635588,,0.004306228660402314,
1995-06,WLS,2,3011,0.04399144916747881,,-0.001547672140298141,
1995-07,WLS,2,2990,-0.005004831198771735,,0.0002505342343606843,
1995-08,WLS,2,2973,0.00995003440448046,,0.0037781054484593716,
1995-09,WLS,2,2952,-0.04289464511020314,,0.005211961247652731,
1995-10,WLS,2,2934,0.06060066103690109,,-0.004803804356312217,
1995-11,WLS,2,2921,0.04495703395214455,,-0.006209034034661572,
1995-12,WLS,2,2897,0.03152883330935174,,-0.0014279716975230975,
1996-01,WLS,2,2876,-0.009169251223313106,,0.004398230246171029,
1996-02,WLS,2,2860,0.035163774903380435,,-0.005330583767061802,
1996-03,WLS,2,2843,0.008370859426510807,,0.003327711045128153,
1996-04,WLS,2,2822,-0.001126164949158671,,0.005090138533743832,
1996-05,WLS,2,2810,-0.019608361864601603,,0.0011991431465331415,
1996-06,WLS,2,3200,-0.06865147600120429,,0.001659332806065921,
1996-07,WLS,2,3174,0.026394605807409474,,-0.0006142413924254112,
1996-08,WLS,2,3152,0.003970241782660251,,0.007427550245222681,
1996-09,WLS,2,3137,0.018531652848933728,,-0.0022874780606207874,
1996-10,WLS,2,3125,0.04216641547783749,,0.0034591665564706426,
1996-11,WLS,2,3097,0.002700102542807761,,-0.0024983714013006204,
1996-12,WLS,2,3071,0.010142885366921758,,0.007740453712996799,
1997-01,WLS,2,3046,-0.009279483768911363,,6.559691960305968e-05,
1997-02,WLS,2,3029,-0.01451845193794179,,-0.004759909373533074,
1997-03,WLS,2,3011,-0.010212208711050087,,0.008951934408303504,
1997-04,WLS,2,2993,0.06061435702491824,,0.0006908094953653472,
1997-05,WLS,2,2967,0.02553372918638476,,0.001483097436649797,
1997-06,WLS,2,3231,0.06550335089289791,,0.0008385079480298694,
1997-07,WLS,2,3205,-0.007298693062481191,,-0.005232751403835378,
1997-08,WLS,2,3182,0.05868253768023204,,-0.0028433560606567583,
1997-09,WLS,2,3148,-0.07171238949747757,,0.004022361170652028,
1997-10,WLS,2,3130,-0.013823466935510122,,0.006919765077810482,
1997-11,WLS,2,3092,0.011659385034686064,,-0.0022787711848635517,
1997-12,WLS,2,3055,-0.027785352125654337,,0.00672170172433247,
1998-01,WLS,2,3032,0.06428602487369504,,0.0013405750745304533,
1998-02,WLS,2,2996,0.05457638848544768,,-0.002375550986870159,
1998-03,WLS,2,2969,0.014086580920717285,,-0.0018449666475034545,
1998-04,WLS,2,2949,-0.03272262583755149,,0.0009944408771767664,
1998-05,WLS,2,2908,-0.03617619542132243,,0.010916557821263021,
1998-06,WLS,2,3143,-0.05303120000751544,,0.004210442197177528,
1998-07,WLS,2,3110,-0.15742288608366053,,0.0025056332955198223,
1998-08,WLS,2,3070,0.05862054418438054,,0.00182714947909834,
1998-09,WLS,2,3025,0.07523586358730351,,-0.0008475201426217818,
1998-10,WLS,2,2994,0.02164629967559333,,0.005911277204317007,
1998-11,WLS,2,2966,0.033331594358867206,,0.0038165280789899557,
1998-12,WLS,2,2917,-0.00747290882452171,,0.007637363419572809,
1999-01,WLS,2,2890,-0.018652157795075938,,-0.004755381112831184,
1999-02,WLS,2,2853,0.03676804052057453,,-0.0007883982819918829,
1999-03,WLS,2,2827,0.13566492376048087,,-0.01659643334302794,
1999-04,WLS,2,2799,-0.020971307445950594,,7.536418053617205e-05,
1999-05,WLS,2,2761,0.018291590928130666,,0.005361602113950192,
1999-06,WLS,2,3121,-0.010762202173120104,,-0.001857498344615711,
1999-07,WLS,2,3088,-0.06542005718002755,,0.01032951817916126,
1999-08,WLS,2,3051,-0.025453086776462935,,-0.0014289476991995857,
1999-09,WLS,2,3025,0.004636882313645973,,0.006250244915785041,
1999-10,WLS,2,2980,0.0019440097547712442,,0.005698740882885026,
1999-11,WLS,2,2943,0.047011956790487676,,0.003615174757799777,
1999-12,WLS,2,2922,-0.04730487899272109,,-0.0002210016629660998,
2000-01,WLS,2,2890,-0.008265032733189511,,0.005338792793081446,
2000-02,WLS,2,2858,0.05558327748613358,,0.0012544233646620063,
2000-03,WLS,2,2827,-0.04401267988585938,,0.0008120857558114289,
2000-04,WLS,2,2804,-0.061468419890317455,,0.002966610547329346,
2000-05,WLS,2,2769,-0.0026143321073024755,,0.008441534474795861,
2000-06,WLS,2,3057,-0.02356966435293704,,-0.002689702750243168,
2000-07,WLS,2,3022,0.05466623944287673,,-0.0007498718524120352,
2000-08,WLS,2,2990,-0.0716328011472049,,-0.0010602361939938704,
2000-09,WLS,2,2943,0.011922152313005406,,-0.0013722523920184553,
2000-10,WLS,2,2903,-0.1312823514697822,,0.007568907987889792,
2000-11,WLS,2,2865,0.013551665452235715,,-0.004175014722964235,
2000-12,WLS,2,2823,0.09336454022427473,,-0.009278761281196073,
2001-01,WLS,2,2798,-0.0960903158384226,,-0.000573382123522481,
2001-02,WLS,2,2770,-0.046161636456739256,,-0.004597830033361658,
2001-03,WLS,2,2735,0.11231604403149856,,-0.006586065107177383,
2001-04,WLS,2,2699,0.012740522600605056,,-0.0013611596522490475,
2001-05,WLS,2,2671,-0.0403689698878513,,0.002435493761617125,
2001-06,WLS,2,2840,-0.033704946953670475,,0.004883729459123797,
2001-07,WLS,2,2790,-0.0767076616262369,,0.00259347788317411,
2001-08,WLS,2,2777,-0.11660236797737414,,0.004834738420597771,
2001-09,WLS,2,2759,0.001356951564496398,,0.005276732535485403,
2001-10,WLS,2,2734,0.07202044684283565,,0.0010885305014901368,
2001-11,WLS,2,2712,0.03157075668439383,,-0.003959019808717512,
2001-12,WLS,2,2686,-0.03832550386886535,,0.006779904587995812,
2002-01,WLS,2,2659,-0.015658318914169234,,-0.0002918257938191924,
2002-02,WLS,2,2640,0.06756901823499978,,-0.005463111101690818,
2002-03,WLS,2,2616,-0.0783467043542117,,0.0036335306247567995,
2002-04,WLS,2,2600,0.01864119058426673,,-0.004520407125723036,
2002-05,WLS,2,2571,-0.08891950157132386,,0.0026020358040411726,
2002-06,WLS,2,2765,-0.13488656318304143,,0.008127997409865395,
2002-07,WLS,2,2743,-0.01849791790051596,,0.0029173789953112665,
2002-08,WLS,2,2729,-0.12614753350472568,,0.004460324907984082,
2002-09,WLS,2,2698,0.0737549910668094,,0.0016643508134486533,
2002-10,WLS,2,2675,0.11515462429931879,,-0.00896155001105256,
2002-11,WLS,2,2655,-0.07851473653766877,,0.003114002535510986,
2002-12,WLS,2,2625,-0.03800938314658676,,0.0014938007752026796,
2003-01,WLS,2,2606,-0.03832275906206444,,0.00385931089198497,
2003-02,WLS,2,2573,-0.01693815485381452,,0.004450030412367171,
2003-03,WLS,2,2557,0.09807328538787868,,-0.005172909493129204,
2003-04,WLS,2,2533,0.09971176361050797,,-0.006886904525291946,
2003-05,WLS,2,2515,0.008373621379469324,,0.001312385921959444,
2003-06,WLS,2,2748,0.01898973152087698,,0.0008169397968928477,
2003-07,WLS,2,2723,0.05585850813039412,,-0.004343649114821378,
2003-08,WLS,2,2704,-0.04366110429251447,,0.0038585130738826765,
2003-09,WLS,2,2690,0.06634864066988619,,-0.0009035274871648051,
2003-10,WLS,2,2671,0.020443254266167853,,-0.0007854174985141057,
2003-11,WLS,2,2652,0.09316847755044469,,-0.008686057317166693,
2003-12,WLS,2,2630,0.005987380252850095,,0.0009595623750085379,
2004-01,WLS,2,2616,-0.006852392305347192,,0.002826678511169831,
2004-02,WLS,2,2601,-0.01391360917080846,,0.00013335664487854423,
2004-03,WLS,2,2583,-0.02812001070768104,,0.0033269216799221082,
2004-04,WLS,2,2570,0.00416616775802709,,0.001053180584951051,
2004-05,WLS,2,2549,0.047133976524950244,,-0.004435265566926751,
2004-06,WLS,2,2632,-0.027614700055675616,,-0.003174655884166336,
2004-07,WLS,2,2616,-0.01566080940161363,,0.0009686983464988803,
2004-08,WLS,2,2610,0.05248944366357952,,-0.005903030746075331,
2004-09,WLS,2,2595,0.006832788673761878,,0.0019154082789334854,
2004-10,WLS,2,2578,0.08183422597985379,,-0.00661017001786828,
2004-11,WLS,2,2559,0.016552321542679722,,0.0031016903718610205,
2004-12,WLS,2,2540,-0.03720552911829763,,0.0019111802034448052,
2005-01,WLS,2,2529,0.06294607671107078,,-0.006098786534874027,
2005-02,WLS,2,2513,-0.026326447162306692,,0.0017576516902515639,
2005-03,WLS,2,2497,-0.042047585329791116,,0.0024019367559183894,
2005-04,WLS,2,2479,0.02880566672338479,,0.001724818463341163,
2005-05,WLS,2,2465,0.008887378042453258,,-0.0017625591599902265,
2005-06,WLS,2,2521,0.047603773829899027,,-0.0002799069868753713,
2005-07,WLS,2,2502,0.011748909719272376,,-0.004481892460833802,
2005-08,WLS,2,2487,0.024697429159488825,,-0.004361047884790482,
2005-09,WLS,2,2466,-0.046017191354005976,,0.003910720140091742,
2005-10,WLS,2,2451,0.042750896140458634,,-0.001154985842476065,
2005-11,WLS,2,2433,0.00214096576606351,,-0.0015844945012447197,
2005-12,WLS,2,2411,0.05773902400934354,,-0.004598911891691606,
2006-01,WLS,2,2398,-0.016876533212490517,,0.001972056615654309,
2006-02,WLS,2,2381,0.03565331649729044,,-0.002938743445590517,
2006-03,WLS,2,2370,0.022140173222194838,,-0.00391038676860445,
2006-04,WLS,2,2351,-0.033407510613501085,,-0.0005528458640441977,
2006-05,WLS,2,2337,-0.005793578766500653,,0.0004626643916542761,
2006-06,WLS,2,2439,-0.02007631695287946,,0.0012406684826815283,
2006-07,WLS,2,2426,0.004477884946906993,,0.0028615508139253304,
2006-08,WLS,2,2414,0.001314862719646839,,0.003261169247947418,
2006-09,WLS,2,2397,0.030758365298584833,,7.126552445215793e-05,
2006-10,WLS,2,2381,0.03840739932287519,,-0.0037836026870593556,
2006-11,WLS,2,2360,0.01435066436564458,,-0.0019229751372533278,
2006-12,WLS,2,2330,0.008553325919379419,,0.0015513480496513788,
2007-01,WLS,2,2317,-0.004672498881813625,,-0.002234784488020693,
2007-02,WLS,2,2299,0.019987779049895987,,-0.0023282376024946773,
2007-03,WLS,2,2278,0.03290478561131465,,0.0009842445258095415,
2007-04,WLS,2,2259,0.0557675942248964,,-0.0037334428116071036,
2007-05,WLS,2,2235,-0.006622172158541995,,-0.0011146441499666749,
2007-06,WLS,2,2367,-0.014844863038557785,,-0.001807040363874213,
2007-07,WLS,2,2342,-0.003346399169551727,,0.0019380360300065638,
2007-08,WLS,2,2324,0.054956582246760616,,-0.00345303230218113,
2007-09,WLS,2,2300,0.021745401353718455,,0.0002506993275825134,
2007-10,WLS,2,2275,-0.07136378916822132,,0.0043895627897049235,
2007-11,WLS,2,2250,0.015228094666845271,,-0.002756199040869583,
2007-12,WLS,2,2240,-0.08054818739990335,,0.0016139036230092508,
2008-01,WLS,2,2228,-0.004359264252190456,,-0.0018704324052364796,
2008-02,WLS,2,2212,-0.0008923297283747622,,0.0006759154508412139,
2008-03,WLS,2,2196,0.04426190764042137,,-0.0008061243992564435,
2008-04,WLS,2,2174,0.041581560160542194,,-0.0021559804855081598,
2008-05,WLS,2,2167,-0.0854031329627048,,0.0029255130991388215,
2008-06,WLS,2,2323,-0.06001210757184694,,0.0078785641036276,
2008-07,WLS,2,2306,-0.00751524927123757,,0.004862913486947212,
2008-08,WLS,2,2292,-0.18174721342080583,,0.01357429396591375,
2008-09,WLS,2,2274,-0.2441470206971543,,0.012302557732195211,
2008-10,WLS,2,2258,-0.0867835966709892,,0.003225261565640817,
2008-11,WLS,2,2242,0.01174285318214889,,0.0017862218265668932,
2008-12,WLS,2,2228,-0.08053048159009871,,0.0029398408256161427,
2009-01,WLS,2,2215,-0.16058462269691265,,0.0118761678951582,
2009-02,WLS,2,2198,0.07223065791259053,,0.002399733713861854,
2009-03,WLS,2,2180,0.1698973502438891,,-0.012448419096175474,
2009-04,WLS,2,2167,0.07974962019018236,,-0.0068646334766726035,
2009-05,WLS,2,2153,-0.04361517063761809,,0.008723361171368333,
2009-06,WLS,2,2286,0.1158200549988074,,-0.006428415335920079,
2009-07,WLS,2,2276,0.03519782965495015,,-0.001998269330064201,
2009-08,WLS,2,2267,0.08101820715521796,,-0.005950435154209673,
2009-09,WLS,2,2252,-0.06423272429346834,,0.007357461726898962,
2009-10,WLS,2,2232,0.06659158787462831,,-0.0013226357195798362,
2009-11,WLS,2,2221,0.052959559238671086,,-0.0038507939263808747,
2009-12,WLS,2,2209,-0.04900537869151928,,0.001169300662638437,
2010-01,WLS,2,2190,0.04390895537137946,,-0.0009474836925553306,
2010-02,WLS,2,2178,0.08654760150864992,,-0.004295071152449431,
2010-03,WLS,2,2164,0.047837811620548176,,-0.004067481367615576,
2010-04,WLS,2,2157,-0.09266298977076727,,0.002530859752358572,
2010-05,WLS,2,2151,-0.06943127329812254,,0.0017819763752447194,
2010-06,WLS,2,2273,0.08764685319323974,,-0.00306568647820596,
2010-07,WLS,2,2257,-0.04753495152193774,,0.0008018583735225793,
2010-08,WLS,2,2246,0.10310159555982946,,0.00021519717028143723,
2010-09,WLS,2,2230,0.0582074501715267,,-0.0024850673418662914,
2010-10,WLS,2,2212,0.026823369297414978,,-0.0025898825757480334,
2010-11,WLS,2,2188,0.09824317825392492,,-0.006625350861803462,
2010-12,WLS,2,2171,0.049331076600829055,,-0.005265578588538321,
2011-01,WLS,2,2159,0.06092232302844588,,-0.004734731826862454,
2011-02,WLS,2,2148,0.02171963999573241,,-0.002020657173988963,
2011-03,WLS,2,2134,0.012395293934922776,,0.004140778575517435,
2011-04,WLS,2,2120,-0.03714827216655057,,0.004812560463409536,
2011-05,WLS,2,2094,-0.025834005529429785,,0.0022552957625924302,
2011-06,WLS,2,2152,-0.03656557394877889,,0.003340041384131611,
2011-07,WLS,2,2142,-0.09471668623640839,,0.00687830560119978,
2011-08,WLS,2,2134,-0.1344969806472217,,0.011296852760897444,
2011-09,WLS,2,2121,0.16377988726790083,,-0.009096231151970476,
2011-10,WLS,2,2108,0.010719449320173567,,-0.0012129330404927975,
2011-11,WLS,2,2094,-0.0016303700976626244,,0.0006794164045050705,
2011-12,WLS,2,2082,0.05073317497362001,,0.000330149036669751,
2012-01,WLS,2,2072,0.04373340547176425,,-0.00048613849733686055,
2012-02,WLS,2,2065,-0.016302852234149158,,0.00785925413432986,
2012-03,WLS,2,2053,-0.007525471331519375,,0.0005083623749878558,
2012-04,WLS,2,2045,-0.0981055244793172,,0.0064682049394067225,
2012-05,WLS,2,2035,0.052347018003446495,,-0.0027748321229154613,
2012-06,WLS,2,2090,0.014368320777350044,,-0.0009215892199072149,
2012-07,WLS,2,2076,0.02368093653477508,,0.0004421714657549223,
2012-08,WLS,2,2067,0.035820669234185726,,-0.0025986847844375193,
2012-09,WLS,2,2052,-0.011452814431963113,,-0.0022746396919823835,
2012-10,WLS,2,2039,0.01177752924949801,,3.565693849912965e-05,
2012-11,WLS,2,2022,0.030312863668819252,,-0.004274255298857344,
2012-12,WLS,2,2015,0.06605892522265333,,-0.002533459605351065,
2013-01,WLS,2,2006,0.015353597388614726,,-0.0008839876616932524,
2013-02,WLS,2,1998,0.04120392053248249,,-0.0004284453447108266,
2013-03,WLS,2,1989,-0.0012345926035054265,,0.0025302581084976497,
2013-04,WLS,2,1978,0.024603013946250626,,-0.00025294619630478936,
2013-05,WLS,2,1965,-0.008477682781853508,,-0.001230647454920934,
2013-06,WLS,2,2057,0.05744686517076801,,-0.00040624816238808237,
2013-07,WLS,2,2043,-0.019526088431752655,,-0.0006629010798310921,
2013-08,WLS,2,2034,0.04730063654086887,,-0.0013871586608520867,
2013-09,WLS,2,2018,0.04904669032786515,,-0.0009396467687106093,
2013-10,WLS,2,2001,0.01344321910365456,,0.0028131772922731966,
2013-11,WLS,2,1993,0.0485304623675148,,-0.004093856506227703,
2013-12,WLS,2,1981,-0.024548827169699906,,-0.0022361578486004585,
2014-01,WLS,2,1962,0.04313272956390132,,0.0013482786452037692,
2014-02,WLS,2,1956,0.012235657570564601,,-0.001549244075518088,
2014-03,WLS,2,1949,0.018321461022348627,,-0.0023136439629339164,
2014-04,WLS,2,1940,0.03043494187586579,,-0.0015049770326161776,
2014-05,WLS,2,1934,0.030432841793350866,,-0.0014872720013919967,
2014-06,WLS,2,1990,-0.027382370815982365,,0.002007417267028071,
2014-07,WLS,2,1984,0.030228537986328425,,0.002158231050097364,
2014-08,WLS,2,1977,-0.049922213729763326,,0.005222169767951644,
2014-09,WLS,2,1965,0.0025451581675582408,,0.003593829999923712,
2014-10,WLS,2,1958,-0.010964912687336388,,0.00757335420211373,
2014-11,WLS,2,1949,-0.011940419697704843,,0.001024169501228103,
2014-12,WLS,2,1933,-0.042839949051345354,,0.0036784790150452317,
2015-01,WLS,2,1921,0.08094339825019935,,-0.002812374773452048,
2015-02,WLS,2,1911,-0.025472847171189594,,0.0015565157651996088,
2015-03,WLS,2,1905,0.031145504414427386,,-0.004066889784618805,
2015-04,WLS,2,1899,0.0015175584185065647,,0.0019637989637877975,
2015-05,WLS,2,1888,-0.03239972081230133,,0.002152126925881107,
2015-06,WLS,2,1942,-0.023108026443786338,,0.006175972176354353,
2015-07,WLS,2,1932,-0.061165400282833224,,0.00028331016932461184,
2015-08,WLS,2,1923,-0.04822824993805703,,0.0036336218160375267,
2015-09,WLS,2,1905,0.10734844846445507,,-0.00419480091722538,
2015-10,WLS,2,1901,0.005517955660755239,,-0.00015764458333070828,
2015-11,WLS,2,1888,-0.051429934261881756,,0.005150808057044916,
2015-12,WLS,2,1868,-0.07417320271920251,,0.0032346112294017763,
2016-01,WLS,2,1854,0.018432770204340063,,-0.0020274193489930752,
2016-02,WLS,2,1844,0.08140909350506827,,-0.0020408940302123904,
2016-03,WLS,2,1829,0.04070872505578487,,-0.0065490375959431244,
2016-04,WLS,2,1813,-0.0016213418082325105,,0.003324819933725023,
2016-05,WLS,2,1804,0.013453111021615246,,-0.0009782237529770935,
2016-06,WLS,2,1883,0.016939573665075116,,0.004656634051623349,
2016-07,WLS,2,1868,0.0029428233974369473,,-0.0010704580847333543,
2016-08,WLS,2,1854,0.015471138523893977,,-0.0017908653862721941,
2016-09,WLS,2,1848,-0.025384814519528655,,-0.00029131650774399085,
2016-10,WLS,2,1833,0.08279746483449102,,-0.008163279077461168,
2016-11,WLS,2,1825,0.013849568847314923,,-0.0002409319559752163,
2016-12,WLS,2,1815,0.02712991213178013,,-0.00048389849947862634,
2017-01,WLS,2,1804,0.002894479103258714,,0.005334639881176124,
2017-02,WLS,2,1791,-0.007686282495805177,,0.002855051594101668,
2017-03,WLS,2,1778,-0.001842544067299771,,0.0029285515431652174,
2017-04,WLS,2,1767,-0.004094769695881495,,0.00362466812559867,
2017-05,WLS,2,1755,0.005938042015745179,,-0.0013014538413941438,
2017-06,WLS,2,1864,0.020632613619156623,,-0.00019782070746702198,
2017-07,WLS,2,1853,-0.002836987379637792,,0.0012642137693265033,
2017-08,WLS,2,1836,0.04707848433872183,,-0.004272208212927077,
2017-09,WLS,2,1828,-0.006998795983770458,,0.005561097560625915,
2017-10,WLS,2,1815,0.011975393959684541,,0.0036469574735877074,
2017-11,WLS,2,1803,0.030737788445557978,,-0.0030568615558045653,
2017-12,WLS,2,1798,0.03549956600012645,,0.004498202464697442,
2018-01,WLS,2,1787,-0.05037387098419874,,0.0027632144219952685,
2018-02,WLS,2,1779,-0.02532229002069816,,0.00046780664046710597,
2018-03,WLS,2,1772,0.006564141462319204,,-0.0005290731947241651,
2018-04,WLS,2,1770,0.03635017013510298,,-0.00044204369168993166,
2018-05,WLS,2,1759,-0.01770608187343783,,0.00412230360403298,
2018-06,WLS,2,1825,0.02617105292838774,,0.0004261686451808304,
2018-07,WLS,2,1816,-0.0065491044540881655,,0.008610296131818513,
2018-08,WLS,2,1816,0.018589576873516134,,-0.0020178044852097172,
2018-09,WLS,2,1805,-0.06506411497834237,,-0.003412701031098023,
2018-10,WLS,2,1791,-0.00951771151082685,,0.0034264718396741236,
2018-11,WLS,2,1778,-0.11631487367221777,,0.003803808281265802,
2018-12,WLS,2,1770,0.08794124319132562,,-0.0009335010958101584,
2019-01,WLS,2,1761,0.04163173235752442,,-0.001017267859849462,
2019-02,WLS,2,1748,0.009933108107068798,,0.0017090450358084811,
2019-03,WLS,2,1739,0.026975637001525075,,0.0019154189231471942,
2019-04,WLS,2,1734,-0.07389642685581292,,-0.0002848495722516214,
2019-05,WLS,2,1728,0.08644136408685123,,-0.0013291212780635717,
2019-06,WLS,2,1820,0.0007677174375709712,,0.001091249837388786,
2019-07,WLS,2,1810,-0.04520390861517815,,0.003410790333048723,
2019-08,WLS,2,1801,0.025400061063047794,,-0.002069039762425578,
2019-09,WLS,2,1790,0.007694607607957312,,0.002633276024880039,
2019-10,WLS,2,1779,0.04251111308819669,,-0.00048785257317939223,
2019-11,WLS,2,1763,0.024995763283110914,,0.0009632168475769729,
2019-12,WLS,2,1761,-0.029326800881199107,,0.004619354210728034,
2020-01,WLS,2,1758,-0.10994783980857431,,0.005606608351517662,
2020-02,WLS,2,1752,-0.22397039590425327,,0.018543142743852024,
2020-03,WLS,2,1744,0.1319934360857736,,0.0021564371480881357,
2020-04,WLS,2,1735,0.049125031071611765,,0.0011754421563384854,
2020-05,WLS,2,1724,0.010185649749667323,,0.003953133367116851,
2020-06,WLS,2,1786,0.04806810083222852,,0.0028435816695325787,
2020-07,WLS,2,1779,0.07442929621479331,,0.0020136808085380493,
2020-08,WLS,2,1773,-0.03059302056647195,,-0.0015876791713667214,
2020-09,WLS,2,1763,-0.018671045256894486,,-0.0018286336115059824,
2020-10,WLS,2,1760,0.20084455232608367,,-0.013047328245774868,
2020-11,WLS,2,1750,0.07258063057076335,,-0.003635765637468204,
2020-12,WLS,2,1741,0.01362674770909831,,-0.0021965984226142996,
2021-01,WLS,2,1735,0.07409261425413824,,-0.00907457175958,
2021-02,WLS,2,1732,0.02179639130319675,,0.0009659511625918048,
2021-03,WLS,2,1720,0.02211120879998881,,0.003861178814366219,
2021-04,WLS,2,1714,0.016770883696691996,,-0.002946951732926795,
2021-05,WLS,2,1707,-0.007072458116908797,,0.007205657313984666,
2021-06,WLS,2,1783,-0.012441821804129163,,0.004554641190731049,
2021-07,WLS,2,1776,-0.004901617690287549,,0.005299465967489955,
2021-08,WLS,2,1768,0.0030570045280583612,,-0.007780691050548429,
2021-09,WLS,2,1757,0.05176863808323585,,0.0025818125952900227,
2021-10,WLS,2,1750,-0.07491784426775115,,0.011556976142132795,
2021-11,WLS,2,1741,0.04705941736964767,,-0.002477241655820293,
2021-12,WLS,2,1737,-0.005257972072518631,,-0.00912715037331546,
2022-01,WLS,2,1732,0.021413814108159932,,-0.007434145682303987,
2022-02,WLS,2,1722,0.0559396918140329,,-0.002228868662769035,
2022-03,WLS,2,1717,-0.06246102987438825,,-0.004813819407512194,
2022-04,WLS,2,1707,0.05953059832133011,,-0.0098289487506133,
2022-05,WLS,2,1703,-0.11822102893218238,,0.00467179945325839,
2022-06,WLS,2,1799,0.05099703958028959,,0.007984043131338393,
2022-07,WLS,2,1793,-0.0075239497121653695,,-0.00520083376275275,
2022-08,WLS,2,1786,-0.09595406396366564,,0.00016600378083313599,
2022-09,WLS,2,1776,0.160834637335414,,-0.012872439096141011,
2022-10,WLS,2,1771,0.03669673085184148,,0.001415628582392239,
2022-11,WLS,2,1762,-0.04458413220078802,,-0.003539747226176304,
2022-12,WLS,2,1758,0.04199176536481502,,0.004319883785076365,
2023-01,WLS,2,1748,-0.05006884876426805,,0.004741648670598346,
2023-02,WLS,2,1736,-0.05576460069954938,,0.01565259707061115,
2023-03,WLS,2,1729,-0.034317149024662645,,0.005334241128005075,
2023-04,WLS,2,1721,-0.09153100658886147,,0.015461627614409537,
2023-05,WLS,2,1714,0.07905687918436473,,-0.0009668357294074858,
2023-06,WLS,2,1854,0.02098808887405863,,0.0009430835425236608,
2023-07,WLS,2,1844,-0.04956927194692931,,0.004898589700336919,
2023-08,WLS,2,1832,-0.05103914122970586,,9.492241491591035e-06,
2023-09,WLS,2,1822,-0.09860829983287592,,0.009643894796338717,
2023-10,WLS,2,1810,0.07739398997556939,,0.0014828970334842353,
2023-11,WLS,2,1800,0.07935896222226733,,-0.0040904156185711,
2023-12,WLS,2,1793,-0.04006386273415762,,0.00868792543095439,
2024-01,WLS,2,1786,-0.0020253867852805646,,0.010393334582306419,
2024-02,WLS,2,1781,0.05093452380001107,,-0.0029992959735995494,
2024-03,WLS,2,1772,-0.05069426489469062,,-0.0006690335039840086,
2024-04,WLS,2,1759,-0.011316811107707705,,0.007905123867796581,
2024-05,WLS,2,1752,-0.06517834923730075,,0.014528799625137163,
2024-06,WLS,2,1969,0.09174233224115133,,-0.014045864836490386,
2024-07,WLS,2,1955,-0.021200714892444152,,0.004391338829994007,
2024-08,WLS,2,1948,0.029823116088243912,,-0.0009094596494607496,
2024-09,WLS,2,1935,-0.05128977903356262,,0.005290038817481545,
2024-10,WLS,2,1922,0.07681390006374961,,-0.0020986229170744195,
2024-11,WLS,2,1911,-0.07125030616033029,,0.006194569736732024,
1973-06,WLS,3,1444,0.03404843573898773,,,0.0017294859145134231
1973-07,WLS,3,1442,-0.019518245497844727,,,-0.0025184231286461385
1973-08,WLS,3,1442,0.18664666648773443,,,-0.018361074959515795
1973-09,WLS,3,1443,-0.013988192438949084,,,0.00133818823789982
1973-10,WLS,3,1441,-0.15095775824777094,,,0.0032443311686049395
1973-11,WLS,3,1443,0.11693402918117124,,,-0.014249697619554216
1973-12,WLS,3,1442,0.06191646197734501,,,-0.008778384115130747
1974-01,WLS,3,1439,0.04114880592760341,,,-0.005802586548586687
1974-02,WLS,3,1439,-0.04025059884924103,,,0.002190335335567654
1974-03,WLS,3,1439,-0.0429517906409976,,,0.0004575286351871913
1974-04,WLS,3,1438,-0.08933101140834554,,,0.007387651239322228
1974-05,WLS,3,1436,-0.008244688281988734,,,-0.000926963375910809
1974-06,WLS,3,1559,0.025982693679757227,,,-0.013944849032799085
1974-07,WLS,3,1559,-0.036240749406009735,,,-0.006207598093031902
1974-08,WLS,3,1554,-2.3363314719449594e-05,,,-0.01541263989550532
1974-09,WLS,3,1555,-0.05850404018633511,,,0.026254947944443947
1974-10,WLS,3,1551,-0.04738212986553728,,,-0.00046434188863292956
1974-11,WLS,3,1550,-0.0009708206117393828,,,-0.003942933655608581
1974-12,WLS,3,1553,0.34048887437430303,,,-0.025522631264210737
1975-01,WLS,3,1551,-0.06651614430694883,,,0.016112615183069324
1975-02,WLS,3,1548,0.09660280210204504,,,-0.007555591843979131
1975-03,WLS,3,1547,0.048606594728956995,,,-9.003124114657786e-05
1975-04,WLS,3,1546,0.024054806127382294,,,0.0027101302963804877
1975-05,WLS,3,1543,0.09795514576958789,,,-0.006672659735040094
1975-06,WLS,3,1955,0.0137622468723328,,,-0.00959211440806165
1975-07,WLS,3,1954,-0.02826697931041212,,,0.0005379505294228314
1975-08,WLS,3,1954,-0.023429458012623503,,,-0.0022579183856370837
1975-09,WLS,3,1954,0.006305100054651756,,,0.006091356132914371
1975-10,WLS,3,1954,0.031944326425227765,,,-0.0006684982357214108
1975-11,WLS,3,1949,0.027594436450521842,,,-0.005608030660546052
1975-12,WLS,3,1897,0.26775282623990043,,,-0.016205001813071374
1976-01,WLS,3,1896,0.14373036675659523,,,-0.016574540692663366
1976-02,WLS,3,1911,0.006179420250635671,,,0.0021455737926493563
1976-03,WLS,3,1903,0.01797629337451545,,,-0.004054997778493907
1976-04,WLS,3,1917,-0.01634269385505164,,,0.00011155314794455668
1976-05,WLS,3,1911,0.061240524454982334,,,-0.0024914688673262665
1976-06,WLS,3,2363,0.009325495120985423,,,-0.0031080121253675218
1976-07,WLS,3,2168,-0.02918203494342518,,,0.002708942029310657
1976-08,WLS,3,2162,0.0465528806545027,,,-0.0030251634170533844
1976-09,WLS,3,2328,-0.03728749177973038,,,0.001183589350373077
1976-10,WLS,3,2325,0.05586962540300406,,,-0.006893411956811846
1976-11,WLS,3,2332,0.11873665895395343,,,-0.008415903111426842
1976-12,WLS,3,2296,0.07507175967817298,,,-0.014972470466639161
1977-01,WLS,3,2285,-0.021447468058323392,,,0.0005180273375549836
1977-02,WLS,3,2300,0.004307759465314189,,,-0.002639056500676557
1977-03,WLS,3,2294,0.07476831699599877,,,-0.009730140593056406
1977-04,WLS,3,2278,0.006310518843853252,,,-0.0031159846727590317
1977-05,WLS,3,2273,0.023432257070108563,,,0.002679463979622673
1977-06,WLS,3,2409,-0.02817403757051801,,,0.0006467396362942831
1977-07,WLS,3,2396,-0.09217085413784634,,,0.009530625791059212
1977-08,WLS,3,2384,0.014064996236813163,,,-0.0024461486615476227
1977-09,WLS,3,2366,-0.021325601080207132,,,-0.0027576455276677285
1977-10,WLS,3,2360,0.061077874641971376,,,-0.002932141781533032
1977-11,WLS,3,2352,0.014475581235810546,,,-0.001323130736261179
1977-12,WLS,3,2330,-0.030177717573712494,,,-0.003964761141830874
1978-01,WLS,3,2318,0.030291661123983744,,,-0.005859674013018363
1978-02,WLS,3,2309,0.08968847656439184,,,-0.0080514255946473
1978-03,WLS,3,2297,0.030975944001823297,,,0.007300394417607508
1978-04,WLS,3,2280,0.049643531066560144,,,-0.0040295198773940616
1978-05,WLS,3,2259,-0.03222673788981138,,,0.0012377174780984126
1978-06,WLS,3,2353,0.04582749135421554,,,0.0012764966988675526
1978-07,WLS,3,2332,0.05160072254651326,,,-0.0019935525785232
1978-08,WLS,3,2322,0.026339283934716927,,,-0.0054603114885409375
1978-09,WLS,3,2324,-0.17726201457340068,,,0.008067671423339936
1978-10,WLS,3,2312,0.039893764332753635,,,-0.001558414377924957
1978-11,WLS,3,2303,-0.026875184815906547,,,0.005228690777370739
1978-12,WLS,3,2283,0.09028926754623867,,,-0.006919153664962724
1979-01,WLS,3,2257,-0.038368794869170726,,,0.0001653366337688949
1979-02,WLS,3,2256,0.09165814528999486,,,-0.004687655342031498
1979-03,WLS,3,2249,0.028639509913435137,,,-0.0037217264844642143
1979-04,WLS,3,2242,-0.04173664822843996,,,0.0018225737999821654
1979-05,WLS,3,2230,0.06426033962670386,,,-0.004312610979961921
1979-06,WLS,3,2302,0.044773291205265284,,,-0.005413830728039845
1979-07,WLS,3,2286,0.07064288646758023,,,-0.0007464479219330011
1979-08,WLS,3,2271,0.025628597236546372,,,-0.004597736062816825
1979-09,WLS,3,2269,-0.10184376980298827,,,0.003033121267771736
1979-10,WLS,3,2261,0.011227770210475415,,,0.0054728568122865175
1979-11,WLS,3,2248,0.0361697297027555,,,-0.0015353782606401616
1979-12,WLS,3,2221,0.13501412353664707,,,-0.010046442577335658
1980-01,WLS,3,2197,0.05107275616382815,,,-0.00883460375095816
1980-02,WLS,3,2189,-0.19599989189373263,,,0.008980843260225808
1980-03,WLS,3,2177,0.02642335841482517,,,-0.00021426698663424345
1980-04,WLS,3,2169,0.05394927723914583,,,-0.0004446373577451258
1980-05,WLS,3,2166,0.009439889404179851,,,0.00238801803539664
1980-06,WLS,3,2255,0.06886088263836909,,,0.0017159527686121656
1980-07,WLS,3,2250,-0.001119675157048527,,,0.0028252010412883827
1980-08,WLS,3,2233,-0.015337177316453378,,,0.006426097608751906
1980-09,WLS,3,2227,0.002866177759383913,,,0.0016013178740423661
1980-10,WLS,3,2219,0.06484789477709783,,,0.0068586341329102745
1980-11,WLS,3,2211,-0.06904080966343289,,,0.0022508662835432117
1980-12,WLS,3,2206,0.005947885833543055,,,-0.009445650774115915
1981-01,WLS,3,2170,0.024501149429973727,,,-0.001339225778092694
1981-02,WLS,3,2163,0.05067616911038716,,,-0.002193344314046655
1981-03,WLS,3,2154,-0.0025112837477375086,,,-0.004067326625339649
1981-04,WLS,3,2149,-0.018575325770123958,,,0.0015423407761339524
1981-05,WLS,3,2139,0.01693404850582897,,,-0.00633029390082051
1981-06,WLS,3,2275,-0.052949043850284025,,,0.005933280711267341
1981-07,WLS,3,2265,-0.0602858804570906,,,-0.0029138218854981757
1981-08,WLS,3,2246,-0.048060264606008665,,,-0.004756900041003028
1981-09,WLS,3,2236,-0.043512389329959086,,,0.014275394760883364
1981-10,WLS,3,2241,0.036248196142053705,,,-0.0005225956173838947
1981-11,WLS,3,2231,-0.006566882259541898,,,-0.004331430997277581
1981-12,WLS,3,2222,-0.022242276366787047,,,-0.0019056402490042145
1982-01,WLS,3,2199,0.021110565398885513,,,-0.013055068413715135
1982-02,WLS,3,2182,0.03106601281656933,,,-0.0078012117136312085
1982-03,WLS,3,2169,0.012584634690401717,,,0.004290567361461947
1982-04,WLS,3,2163,-0.00803763489446289,,,-0.004690713825435154
1982-05,WLS,3,2145,0.00594329437600304,,,-0.005025696641380412
1982-06,WLS,3,2328,-0.043611015457219085,,,0.0020092384160315365
1982-07,WLS,3,2318,0.13072586957073865,,,-0.0026774817473420197
1982-08,WLS,3,2305,0.0034517673290157007,,,0.0008786685751143097
1982-09,WLS,3,2292,0.09779819713819832,,,0.0026790662602436855
1982-10,WLS,3,2282,0.039303029245060454,,,0.001755389564056208
1982-11,WLS,3,2277,0.02493819902694312,,,-0.002472776849366079
1982-12,WLS,3,2249,0.037427374184735525,,,-0.0010107316644836284
1983-01,WLS,3,2235,0.04575568057203403,,,-0.00272745537477488
1983-02,WLS,3,2227,0.056266213768447,,,-0.004715503474657589
1983-03,WLS,3,2217,0.08975931543389465,,,-0.004608699425356036
1983-04,WLS,3,2208,-0.009374062066067026,,,0.0018470203160438172
1983-05,WLS,3,2199,0.03687509520600293,,,0.001287587056068437
1983-06,WLS,3,2372,-0.010299297231235021,,,-0.005644570758758684
1983-07,WLS,3,2359,0.04779731473031118,,,-0.009339399621704747
1983-08,WLS,3,2351,-0.012187407843412067,,,0.0038007276671013193
1983-09,WLS,3,2340,0.002935998396072178,,,-0.006198366684808088
1983-10,WLS,3,2334,0.013425583393909956,,,0.0016968564365287815
1983-11,WLS,3,2325,0.008900697137952714,,,-0.0034539893607316617
1983-12,WLS,3,2303,0.06079960099387058,,,-0.015300035444147691
1984-01,WLS,3,2280,-0.005656517040791925,,,-0.007462036750261932
1984-02,WLS,3,2272,0.009823228083932788,,,0.00016457217038990345
1984-03,WLS,3,2255,0.014518139344289593,,,-0.002691333423431064
1984-04,WLS,3,2246,-0.05984204396934709,,,4.794163025458993e-05
1984-05,WLS,3,2225,-0.0201944635358633,,,0.0066753836623817085
1984-06,WLS,3,2495,-0.02319940859012916,,,-0.0011407885175276973
1984-07,WLS,3,2480,0.09472057167475806,,,0.0025413490779725664
1984-08,WLS,3,2457,0.02203613750774559,,,-0.008694483866741645
1984-09,WLS,3,2438,-0.0055525209692336396,,,-0.001141823169065737
1984-10,WLS,3,2416,-0.005384890751926401,,,-0.0036707875648949702
1984-11,WLS,3,2401,0.005257774060378546,,,0.0014284853039461458
1984-12,WLS,3,2379,0.043329714025666315,,,0.00842093878158168
1985-01,WLS,3,2358,0.028378865825983358,,,-0.003519167881609862
1985-02,WLS,3,2348,-0.004144706722590503,,,-0.002862544450609874
1985-03,WLS,3,2336,0.007017053729406174,,,-0.005144625708756146
1985-04,WLS,3,2319,0.038201643375926145,,,0.0026760818379205553
1985-05,WLS,3,2293,0.008059975993350836,,,-0.00015326492465149376
1985-06,WLS,3,2524,0.01064424903229776,,,-0.0010579175902371738
1985-07,WLS,3,2503,0.004553259622967754,,,-0.0034124990045045927
1985-08,WLS,3,2492,-0.004677171346573499,,,-0.006372075853851791
1985-09,WLS,3,2472,0.04645434101461545,,,-0.0025054770087645107
1985-10,WLS,3,2449,0.031007461233602124,,,0.006928654646758569
1985-11,WLS,3,2432,0.0071894999809590295,,,0.00577595119691843
1985-12,WLS,3,2415,-0.008120133648746202,,,0.0015080475487497496
1986-01,WLS,3,2400,0.07824799858488787,,,-0.0008493074311381756
1986-02,WLS,3,2381,0.0333795440401846,,,0.0026387183177484725
1986-03,WLS,3,2362,-0.033771178209986485,,,0.004862924649567757
1986-04,WLS,3,2343,0.05969747032656034,,,-0.0018644040949531407
1986-05,WLS,3,2320,-0.004768868041491458,,,0.0013783996380864398
1986-06,WLS,3,2587,-0.05246377091746206,,,-0.004634791127538119
1986-07,WLS,3,2577,0.11177131600471209,,,-0.009586138451548945
1986-08,WLS,3,2561,-0.019457692775362297,,,-0.010470241021949779
1986-09,WLS,3,2533,0.03384319455191559,,,0.0035205157647896844
1986-10,WLS,3,2502,0.021179787947671794,,,-0.00017242772164707994
1986-11,WLS,3,2453,-0.029968004869087905,,,-0.0002790706578041806
1986-12,WLS,3,2427,0.12804097907469889,,,0.0017947832236591469
1987-01,WLS,3,2417,0.011277950798109629,,,0.008571137763637953
1987-02,WLS,3,2396,0.0853553738833499,,,-0.009815295304518882
1987-03,WLS,3,2376,0.001227924144570333,,,-0.0022528380137044994
1987-04,WLS,3,2367,0.0022658324255085864,,,0.0007999008283193566
1987-05,WLS,3,2349,0.05378958499469507,,,-0.002093215541627174
1987-06,WLS,3,2700,0.04115771648189965,,,0.0019611599917143665
1987-07,WLS,3,2677,0.028681608960404434,,,0.0005870684534103534
1987-08,WLS,3,2657,-0.04359053072398226,,,0.002838760790255108
1987-09,WLS,3,2632,-0.22590802760409845,,,-0.0033689007699839423
1987-10,WLS,3,2604,-0.07356143054132505,,,-0.002109077144867012
1987-11,WLS,3,2583,0.0942148404113311,,,-0.0017079221449081807
1987-12,WLS,3,2561,0.06571288649446208,,,-0.006611964655050144
1988-01,WLS,3,2541,0.06784829359491389,,,-0.0014928898489223789
1988-02,WLS,3,2523,0.0006084309675244821,,,-0.004500787313709584
1988-03,WLS,3,2499,0.047896034162989556,,,-0.0071292487505637955
1988-04,WLS,3,2475,0.0029494301831681172,,,-0.001999424174252473
1988-05,WLS,3,2450,0.04543330711134399,,,0.001038474566550335
1988-06,WLS,3,2552,-0.0026279246620543473,,,-0.0022699517917674195
1988-07,WLS,3,2527,-0.04973366388297313,,,0.0010043853046606674
1988-08,WLS,3,2508,0.01792789839319993,,,0.003012759953547083
1988-09,WLS,3,2480,0.03995085254186562,,,-0.0033616495897773775
1988-10,WLS,3,2455,-0.010482595392324708,,,-0.0019044368381405884
1988-11,WLS,3,2430,-0.005420657318798537,,,0.003925290345635278
1988-12,WLS,3,2408,0.07094730799821702,,,-0.0010449215157876642
1989-01,WLS,3,2385,-0.029997327407718252,,,0.0003812250309658306
1989-02,WLS,3,2367,0.0039501516090554994,,,0.0015466182069157398
1989-03,WLS,3,2357,0.01725900835836434,,,0.0047610800468625095
1989-04,WLS,3,2333,-0.004984543717454019,,,0.006246752486774601
1989-05,WLS,3,2308,-0.0173532011897392,,,-0.0007010810963731114
1989-06,WLS,3,2591,0.033024446223013114,,,0.007559740252918024
1989-07,WLS,3,2562,0.06265802237004778,,,-0.00730550076606743
1989-08,WLS,3,2541,-0.023881535128301906,,,0.0020986828429305116
1989-09,WLS,3,2522,-0.05499916730286997,,,0.0030101488003973402
1989-10,WLS,3,2498,-0.014769588535560872,,,0.0041764308707321705
1989-11,WLS,3,2484,0.03712234723026381,,,-0.0032031386191673132
1989-12,WLS,3,2448,-0.07044326140426144,,,-0.0008250242313520687
1990-01,WLS,3,2436,0.019592351398102305,,,-0.0014873898333287794
1990-02,WLS,3,2420,0.028125410037870557,,,0.00041904758085545166
1990-03,WLS,3,2406,-0.04714971931607761,,,0.003013602841225683
1990-04,WLS,3,2390,0.07422774693322937,,,0.0016768697505788065
1990-05,WLS,3,2364,-0.049912748378965206,,,0.0063166635812242754
1990-06,WLS,3,2700,-0.014336069172275192,,,0.000609225344829367
1990-07,WLS,3,2679,-0.12521879311302667,,,0.0035346226891652998
1990-08,WLS,3,2669,-0.05757759897755248,,,-0.0004904590727618247
1990-09,WLS,3,2653,-0.04275963659353664,,,0.0035634954189240646
1990-10,WLS,3,2651,0.0847638035999927,,,-0.004273769260794407
1990-11,WLS,3,2638,0.04709729083522925,,,-0.002938152856140122
1990-12,WLS,3,2615,0.05457826543270791,,,-0.000866453496096483
1991-01,WLS,3,2602,0.0396947223792396,,,0.004949250742583201
1991-02,WLS,3,2587,0.021356509890373496,,,0.0010461353106487067
1991-03,WLS,3,2569,0.0075577441534667635,,,-0.0014189060219300953
1991-04,WLS,3,2555,0.04711920641380874,,,-0.0006080152771656031
1991-05,WLS,3,2548,-0.036393774821611984,,,-0.0016248124719711393
1991-06,WLS,3,2703,0.008272019584385327,,,0.004715536532726866
1991-07,WLS,3,2688,-0.012928312052128937,,,0.00460880359237371
1991-08,WLS,3,2681,-0.03361609635185785,,,0.0013195816042326156
1991-09,WLS,3,2667,0.03380874198735146,,,-0.0030981084688904204
1991-10,WLS,3,2652,-0.08949820410599953,,,0.006548489844976223
1991-11,WLS,3,2635,0.0486272634382558,,,0.009408926654611289
1991-12,WLS,3,2613,0.06735819910679616,,,-0.010465728484467062
1992-01,WLS,3,2603,0.07480222768978893,,,-0.008714769064877767
1992-02,WLS,3,2593,0.013615769032824406,,,-0.005509062648626972
1992-03,WLS,3,2579,0.04480808387657973,,,-0.0042327044738507055
1992-04,WLS,3,2561,-0.03449605928726255,,,0.00481571094799287
1992-05,WLS,3,2522,-0.05839842107274634,,,0.0038023624415091974
1992-06,WLS,3,2660,0.04765026295100595,,,-0.0017635575338975683
1992-07,WLS,3,2637,-0.01554063312983914,,,-0.0008974812671258899
1992-08,WLS,3,2629,0.005570530754244361,,,0.00034273110645262805
1992-09,WLS,3,2609,0.009370912869397787,,,-0.0006777911365397887
1992-10,WLS,3,2601,0.01316878268235646,,,0.003316072532717803
1992-11,WLS,3,2593,0.013341232715526459,,,-0.0008058359296433013
1992-12,WLS,3,2580,0.007602420826501695,,,-0.0010484362135188398
1993-01,WLS,3,2567,0.04648854851249621,,,-0.00665610333190587
1993-02,WLS,3,2555,0.01635283451476323,,,0.00029809826684339493
1993-03,WLS,3,2540,-0.00375481958987812,,,-0.0039161552777720226
1993-04,WLS,3,2529,0.03741742965413196,,,-0.0002869446156932359
1993-05,WLS,3,2519,-0.01796392103881392,,,0.0015402583810319934
1993-06,WLS,3,2722,-0.03866975963466676,,,0.004111253475597718
1993-07,WLS,3,2710,0.055949994621485366,,,-0.0029101456597781317
1993-08,WLS,3,2703,0.012946978337158589,,,-0.00304398084772359
1993-09,WLS,3,2695,-0.006767516859871623,,,0.0050439827326160406
1993-10,WLS,3,2683,-0.021731970166233294,,,0.0019760636348351225
1993-11,WLS,3,2667,-6.364008397557115e-05,,,0.002210287398207715
1993-12,WLS,3,2651,0.000426700628137456,,,0.004797375436488292
1994-01,WLS,3,2632,0.014464994718531955,,,-0.00491913608653587
1994-02,WLS,3,2617,-0.015103602145928131,,,-0.004582211784586282
1994-03,WLS,3,2600,0.015056801649924031,,,-0.0013089380801273992
1994-04,WLS,3,2582,0.013281779277405283,,,-0.001265494762979042
1994-05,WLS,3,2574,-0.01242018829949447,,,-0.002431636065002231
1994-06,WLS,3,2819,0.011609003774343783,,,0.0025590810275013588
1994-07,WLS,3,2801,0.09827826829745957,,,-0.008163864619009583
1994-08,WLS,3,2785,-0.004965969102336911,,,-0.001965913247653896
1994-09,WLS,3,2773,0.052558809497269286,,,-0.005370295917018027
1994-10,WLS,3,2759,0.007086330047960565,,,-0.006829996048050358
1994-11,WLS,3,2737,-0.012053404779254637,,,0.0029086139281034734
1994-12,WLS,3,2725,0.025671082266187174,,,-0.00214050041576114
1995-01,WLS,3,2711,0.02276336642179809,,,0.0022268318524051433
1995-02,WLS,3,2691,0.04829157909040868,,,-0.0029728110032220057
1995-03,WLS,3,2676,0.059892043212411296,,,-0.0052865347093585344
1995-04,WLS,3,2654,0.037161927068383595,,,-0.0019386064668559788
1995-05,WLS,3,2642,0.050952305428671955,,,-0.003302774628985931
1995-06,WLS,3,3011,0.02985915083261847,,,0.0008351781617830602
1995-07,WLS,3,2990,-0.011611480284865507,,,0.0012422944637447307
1995-08,WLS,3,2973,0.031571897156561085,,,-3.673049962081766e-05
1995-09,WLS,3,2952,0.016782826539623888,,,-0.004649891580968341
1995-10,WLS,3,2934,-0.030306172056519264,,,0.009807536096266887
1995-11,WLS,3,2921,-0.013208159390627165,,,0.003528171351687554
1995-12,WLS,3,2897,-0.013286195346173113,,,0.005658808801397015
1996-01,WLS,3,2876,0.04701751816911445,,,-0.004846531246500331
1996-02,WLS,3,2860,-0.025101660588848614,,,0.004656732352534946
1996-03,WLS,3,2843,0.06473024101642655,,,-0.005776910094206178
1996-04,WLS,3,2822,0.05795013952151306,,,-0.004687524081638361
1996-05,WLS,3,2810,-0.026927895535640126,,,0.0021625024073177587
1996-06,WLS,3,3200,-0.035395002479514555,,,-0.0035891034605600694
1996-07,WLS,3,3174,0.024228405302185937,,,-0.00021884025183826754
1996-08,WLS,3,3152,0.0682280962739046,,,-0.003144669756285168
1996-09,WLS,3,3137,0.008141461905315351,,,-0.0004715077722059282
1996-10,WLS,3,3125,0.08709523230811911,,,-0.003754775821125039
1996-11,WLS,3,3097,-0.013267986976104295,,,0.00017729200988881628
1996-12,WLS,3,3071,0.08477116804835982,,,-0.004383409601587417
1997-01,WLS,3,3046,-0.0002261970665547144,,,-0.001326744825994808
1997-02,WLS,3,3029,-0.014838453767121208,,,-0.0043154909850757345
1997-03,WLS,3,3011,0.05128854420061501,,,-0.0012574325619725153
1997-04,WLS,3,2993,0.05177509502821174,,,0.001993637782232785
1997-05,WLS,3,2967,0.03041762975803535,,,0.0006176968897847956
1997-06,WLS,3,3231,0.07615701428357975,,,-0.0008498100266916899
1997-07,WLS,3,3205,-0.010909943873385123,,,-0.004361165344402857
1997-08,WLS,3,3182,0.03030565069915041,,,0.0017148586619733697
1997-09,WLS,3,3148,-0.023761734802737987,,,-0.0036285935972105985
1997-10,WLS,3,3130,0.06084271096514688,,,-0.0050391726725429326
1997-11,WLS,3,3092,-0.036001493874195045,,,0.005200374977423946
1997-12,WLS,3,3055,0.03950972090617844,,,-0.004062732439809451
1998-01,WLS,3,3032,0.05423878123836605,,,0.0028168280498981
1998-02,WLS,3,2996,0.0015109205302888417,,,0.005897679845888709
1998-03,WLS,3,2969,-0.015784318834230687,,,0.00282935320644382
1998-04,WLS,3,2949,-0.030390481783602125,,,0.0005788359177207044
1998-05,WLS,3,2908,0.04659883938834778,,,-0.0023477179098293044
1998-06,WLS,3,3143,-0.019836927788500866,,,-0.0009903674307759698
1998-07,WLS,3,3110,-0.13251694829291952,,,-0.0013449477741467766
1998-08,WLS,3,3070,0.08134428553061042,,,-0.00164980302549515
1998-09,WLS,3,3025,0.0825760358785528,,,-0.00191152634966283
1998-10,WLS,3,2994,0.11815742706542896,,,-0.008714860640604512
1998-11,WLS,3,2966,0.06312950908246712,,,-0.0007734349605784483
1998-12,WLS,3,2917,0.04788755322422144,,,-0.0008305516983708648
1999-01,WLS,3,2890,-0.07989625083476447,,,0.004458040845007179
1999-02,WLS,3,2853,-0.018526704526255728,,,0.007425343130192555
1999-03,WLS,3,2827,-0.003927737818818067,,,0.004664667892912056
1999-04,WLS,3,2799,0.043148520293627014,,,-0.009358539501474564
1999-05,WLS,3,2761,0.09097098695357432,,,-0.005669393350732004
1999-06,WLS,3,3121,-0.005367664248619124,,,-0.002239232396306427
1999-07,WLS,3,3088,0.001012637233977564,,,-0.00023920614468459127
1999-08,WLS,3,3051,-0.051638263948029686,,,0.00226059232526092
1999-09,WLS,3,3025,-0.011345203901317154,,,0.007349594352463283
1999-10,WLS,3,2980,0.0793677901414136,,,-0.005366513988642427
1999-11,WLS,3,2943,0.047880792699771545,,,0.002961749775417786
1999-12,WLS,3,2922,-0.0046638805354199285,,,-0.005763323146694345
2000-01,WLS,3,2890,0.12575214175135013,,,-0.013157886511391928
2000-02,WLS,3,2858,0.03608093147571263,,,0.003608498900955842
2000-03,WLS,3,2827,0.008433397831011217,,,-0.006207310021651736
2000-04,WLS,3,2804,-0.00895438284152892,,,-0.004425071950292021
2000-05,WLS,3,2769,0.03370480208389504,,,0.0022200885447380297
2000-06,WLS,3,3057,-0.003455932662313317,,,-0.004885398783246412
2000-07,WLS,3,3022,-0.008499205072132598,,,0.007663777501048286
2000-08,WLS,3,2990,0.046909622974271536,,,-0.016368399989063333
2000-09,WLS,3,2943,0.10199657021146515,,,-0.012939769125136311
2000-10,WLS,3,2903,0.20059441219751734,,,-0.03728166999337922
2000-11,WLS,3,2865,0.21684825008360653,,,-0.030359747949849324
2000-12,WLS,3,2823,-0.10892634613263412,,,0.019312103836321336
2001-01,WLS,3,2798,0.1828431895608595,,,-0.03740791671463977
2001-02,WLS,3,2770,0.006307116213593931,,,-0.010785871603266965
2001-03,WLS,3,2735,-0.04139951711055937,,,0.015362807456081488
2001-04,WLS,3,2699,0.05141951268474133,,,-0.006273113440383034
2001-05,WLS,3,2671,-0.006591883370260285,,,-0.002578361735628606
2001-06,WLS,3,2840,0.03376131434898519,,,-0.005011610395670411
2001-07,WLS,3,2790,0.06321229301748144,,,-0.01626948014949644
2001-08,WLS,3,2777,-0.19061591912883297,,,0.013548079116738868
2001-09,WLS,3,2759,0.09125278327440317,,,-0.00753074922002567
2001-10,WLS,3,2734,0.12017925299074202,,,-0.005414146404641828
2001-11,WLS,3,2712,0.08767171059297063,,,-0.010511789312698923
2001-12,WLS,3,2686,0.05265154028188923,,,-0.006474349115758465
2002-01,WLS,3,2659,0.0050962143262576745,,,-0.0029586721489570636
2002-02,WLS,3,2640,0.0850752406038157,,,-0.006695737112997079
2002-03,WLS,3,2616,0.08469217261326166,,,-0.018505634100463676
2002-04,WLS,3,2600,-0.019403599668341945,,,0.0013876490223550288
2002-05,WLS,3,2571,-0.045303138467670374,,,-0.0036708131593109197
2002-06,WLS,3,2765,-0.06725363101104366,,,-0.002787961238654095
2002-07,WLS,3,2743,0.019488101117313982,,,-0.0029118448847432928
2002-08,WLS,3,2729,-0.06148749969298906,,,-0.0053928449268898
2002-09,WLS,3,2698,0.008769663163470677,,,0.01061210521498527
2002-10,WLS,3,2675,-0.005122552356756921,,,0.009353955802003343
2002-11,WLS,3,2655,0.017590427146580975,,,-0.010895712287528685
2002-12,WLS,3,2625,-0.04964824675453323,,,0.002892098920974554
2003-01,WLS,3,2606,-0.018354962796087334,,,0.0004342988900385401
2003-02,WLS,3,2573,0.0028235534154786453,,,0.0009738883411529796
2003-03,WLS,3,2557,0.01903555528736219,,,0.006696989754254855
2003-04,WLS,3,2533,0.07429517968626563,,,-0.0021675511879755845
2003-05,WLS,3,2515,0.021432989422537626,,,-0.0007363669950067194
2003-06,WLS,3,2748,0.04174097268926643,,,-0.002459688649879643
2003-07,WLS,3,2723,0.07582713436760335,,,-0.006104176809264799
2003-08,WLS,3,2704,-0.02197021375337291,,,4.5873736006193606e-05
2003-09,WLS,3,2690,0.11885082392080785,,,-0.00785806592255236
2003-10,WLS,3,2671,0.054498164668502144,,,-0.005270287150380092
2003-11,WLS,3,2652,-0.03640862134720435,,,0.010932168474333188
2003-12,WLS,3,2630,0.03701767947210791,,,-0.0034905822931870405
2004-01,WLS,3,2616,0.0533330447986274,,,-0.006031082678917869
2004-02,WLS,3,2601,0.002016732472136247,,,-0.002078216193578484
2004-03,WLS,3,2583,-0.04028979798283545,,,0.004265358463925987
2004-04,WLS,3,2570,0.007531769903587217,,,0.0003648272782173872
2004-05,WLS,3,2549,0.025078239015476376,,,-0.00046393619827284045
2004-06,WLS,3,2632,-0.007237675490081846,,,-0.005986073809060074
2004-07,WLS,3,2616,0.012627932551160926,,,-0.003619049319408994
2004-08,WLS,3,2610,0.014176721059592518,,,0.0008805162709954217
2004-09,WLS,3,2595,0.03361101511614464,,,-0.002567391455567173
2004-10,WLS,3,2578,0.03805663287510206,,,0.0011294069052864028
2004-11,WLS,3,2559,0.03642097775525945,,,-0.00045597660255647545
2004-12,WLS,3,2540,0.013088258228519693,,,-0.006332616670671604
2005-01,WLS,3,2529,0.043761595776397315,,,-0.0022792105955008065
2005-02,WLS,3,2513,0.005438805811708969,,,-0.003525740568118948
2005-03,WLS,3,2497,-0.043494377642666456,,,0.002332337860755544
2005-04,WLS,3,2479,0.030787942067309226,,,0.0011981056944868585
2005-05,WLS,3,2465,0.03180802156068425,,,-0.005202730158336168
2005-06,WLS,3,2521,0.05717376022555057,,,-0.0017452104462665982
2005-07,WLS,3,2502,-0.019997636082459906,,,0.0011533309172856228
2005-08,WLS,3,2487,-0.00019089265891743636,,,0.00020545326731534762
2005-09,WLS,3,2466,-0.03507834512332625,,,0.0015649651877757786
2005-10,WLS,3,2451,0.0201400568007345,,,0.0025703843927457446
2005-11,WLS,3,2433,-0.004753113482506234,,,-0.00025601586945622393
2005-12,WLS,3,2411,0.05261400513328732,,,-0.003128017206005301
2006-01,WLS,3,2398,-0.008057923082550095,,,0.0003030879247741716
2006-02,WLS,3,2381,0.015434921119345827,,,0.0006497277676701252
2006-03,WLS,3,2370,0.009674773613381872,,,-0.0014036386868950864
2006-04,WLS,3,2351,-0.027852929051853485,,,-0.0013464884680694236
2006-05,WLS,3,2337,0.014193165693467551,,,-0.002746107222260015
2006-06,WLS,3,2439,0.013933888052399406,,,-0.004373036555688605
2006-07,WLS,3,2426,0.005425822689772386,,,0.0024012004332791934
2006-08,WLS,3,2414,0.0298320283409566,,,-0.0016811003207629646
2006-09,WLS,3,2397,0.03733310581629733,,,-0.000997963298472902
2006-10,WLS,3,2381,0.008599270052061087,,,0.0014115965056150754
2006-11,WLS,3,2360,0.00566278303962663,,,-0.0003189390192107782
2006-12,WLS,3,2330,0.014026187876367868,,,0.0004844588994966847
2007-01,WLS,3,2317,-0.028099048041745577,,,0.0018228991839957227
2007-02,WLS,3,2299,0.005471555626925189,,,0.0003047933164706287
2007-03,WLS,3,2278,0.028437423773560254,,,0.001568195650374864
2007-04,WLS,3,2259,0.03439407315964538,,,0.00018686784091819536
2007-05,WLS,3,2235,-0.012924941516492273,,,4.771580898519471e-05
2007-06,WLS,3,2367,-0.05826404129777415,,,0.005534426075720003
2007-07,WLS,3,2342,-0.0025754600274608495,,,0.0016466420040642468
2007-08,WLS,3,2324,-0.0051143686508037505,,,0.006736289091219556
2007-09,WLS,3,2300,-0.017224655456476192,,,0.0065844766216414784
2007-10,WLS,3,2275,-0.02429381146030371,,,-0.003691084821735472
2007-11,WLS,3,2250,-0.009416099110955586,,,0.0015077568075660024
2007-12,WLS,3,2240,-0.04024907210193673,,,-0.005073983973849421
2008-01,WLS,3,2228,0.011408113162706823,,,-0.00425134777085294
2008-02,WLS,3,2212,-0.015501220510721754,,,0.002989231698597219
2008-03,WLS,3,2196,0.06464556400864871,,,-0.004045058086802372
2008-04,WLS,3,2174,0.026127702026221732,,,0.0005356309630215955
2008-05,WLS,3,2167,-0.03619991689096139,,,-0.005319077087284259
2008-06,WLS,3,2323,0.026342543716521963,,,-0.006588079676974456
2008-07,WLS,3,2306,0.06190304335888735,,,-0.006604191331185414
2008-08,WLS,3,2292,-0.003837631733655042,,,-0.015872091375306076
2008-09,WLS,3,2274,-0.12128857735753493,,,-0.008176462672989486
2008-10,WLS,3,2258,-0.0322376910572353,,,-0.005753394605263428
2008-11,WLS,3,2242,0.057177335769350066,,,-0.0056879947884378905
2008-12,WLS,3,2228,-0.07980971436631709,,,0.00278441895200744
2009-01,WLS,3,2215,-0.06578891252131731,,,-0.003782343911862198
2009-02,WLS,3,2198,0.08232793430417856,,,0.0007357842639596464
2009-03,WLS,3,2180,0.056491547017012055,,,0.006181664872237121
2009-04,WLS,3,2167,-0.023070811251353292,,,0.01005399433634021
2009-05,WLS,3,2153,0.018754838786498924,,,-0.0017317937941063047
2009-06,WLS,3,2286,0.057261755141629296,,,0.003302876940733281
2009-07,WLS,3,2276,0.019272711451924582,,,0.0006712260178064433
2009-08,WLS,3,2267,0.022253347163436223,,,0.0038182347860862987
2009-09,WLS,3,2252,-9.108141435544243e-05,,,-0.0033813002517522556
2009-10,WLS,3,2232,0.027517927193931303,,,0.005036169745972614
2009-11,WLS,3,2221,0.033150764995528194,,,-0.0004831716565960868
2009-12,WLS,3,2209,-0.038472529970663624,,,-0.000588931693613542
2010-01,WLS,3,2190,0.05650436048833856,,,-0.002915151840492552
2010-02,WLS,3,2178,0.04562047710337264,,,0.0025232018432719797
2010-03,WLS,3,2164,0.012288488658457155,,,0.0018661080623115548
2010-04,WLS,3,2157,-0.075099097351563,,,-0.0004449923377362196
2010-05,WLS,3,2151,-0.08608637117497268,,,0.004349329006831346
2010-06,WLS,3,2273,0.04797850085889858,,,0.0036201871287801887
2010-07,WLS,3,2257,-0.05101734616162159,,,0.001311947499174034
2010-08,WLS,3,2246,0.09140060800776359,,,0.0021091829806565428
2010-09,WLS,3,2230,0.018067064641133453,,,0.004230137909088472
2010-10,WLS,3,2212,0.0010715095699415768,,,0.001786034419920308
2010-11,WLS,3,2188,0.03334226541810101,,,0.004443499100685266
2010-12,WLS,3,2171,-0.01221606026698667,,,0.005158479253612327
2011-01,WLS,3,2159,0.016522111385565846,,,0.0028878769778950455
2011-02,WLS,3,2148,-4.119534633526097e-05,,,0.001692647787004669
2011-03,WLS,3,2134,0.06436441672588031,,,-0.004675913832279268
2011-04,WLS,3,2120,0.012013350792043423,,,-0.003632325597077271
2011-05,WLS,3,2094,-0.004402885157682978,,,-0.0014357309289469865
2011-06,WLS,3,2152,-0.0327135549265987,,,0.0023933163572716523
2011-07,WLS,3,2142,-0.023860166011643875,,,-0.0054041257453240265
2011-08,WLS,3,2134,-0.011580398828927169,,,-0.00992406357099263
2011-09,WLS,3,2121,0.0737993920178931,,,0.006445814226997174
2011-10,WLS,3,2108,0.02013327176445889,,,-0.002675052135406482
2011-11,WLS,3,2094,0.03502193308794881,,,-0.005448732692831429
2011-12,WLS,3,2082,0.019236539729944102,,,0.00555889458999733
2012-01,WLS,3,2072,0.01545507487787446,,,0.004241577660074396
2012-02,WLS,3,2065,0.038696433859343966,,,-0.0018987395393390931
2012-03,WLS,3,2053,-0.005689896246014275,,,0.00017111206152080113
2012-04,WLS,3,2045,-0.01620560412081947,,,-0.007494255613325471
2012-05,WLS,3,2035,0.040187037872216266,,,-0.0006075797276001392
2012-06,WLS,3,2090,0.014794136488641555,,,-0.0009023517404171823
2012-07,WLS,3,2076,0.02404222985096065,,,0.0003435748448983806
2012-08,WLS,3,2067,0.0005660543163978661,,,0.0032862927673447204
2012-09,WLS,3,2052,-0.013984692119823432,,,-0.0016503573998675786
2012-10,WLS,3,2039,-0.0018697360371562155,,,0.0022179896609046098
2012-11,WLS,3,2022,-0.01109131426569681,,,0.002768598692869175
2012-12,WLS,3,2015,0.05594556217934476,,,-0.0006553565126422564
2013-01,WLS,3,2006,0.015661090321272463,,,-0.0008445760766534037
2013-02,WLS,3,1998,0.03916264206625453,,,-5.941538838251578e-05
2013-03,WLS,3,1989,0.04587216659069919,,,-0.005242517447218697
2013-04,WLS,3,1978,0.033008557171638905,,,-0.0015738142516124444
2013-05,WLS,3,1965,-0.009740664970901185,,,-0.0009103258491906898
2013-06,WLS,3,2057,0.04474217842625957,,,0.0016899636980112116
2013-07,WLS,3,2043,-0.033970324488478386,,,0.0017353804132099536
2013-08,WLS,3,2034,0.020029555666066925,,,0.003151583055736507
2013-09,WLS,3,2018,0.03785148156073307,,,0.0009630401536213769
2013-10,WLS,3,2001,0.03981817703878986,,,-0.0017455915192366455
2013-11,WLS,3,1993,0.010702214545179395,,,0.002442355066712366
2013-12,WLS,3,1981,-0.061676342210804674,,,0.003982633126220758
2014-01,WLS,3,1962,0.0653329202926512,,,-0.002364135966494748
2014-02,WLS,3,1956,0.027433512650828586,,,-0.0037779860784962907
2014-03,WLS,3,1949,0.011423877835512694,,,-0.0009094280509871842
2014-04,WLS,3,1940,0.010043102004464432,,,0.0019556196186703875
2014-05,WLS,3,1934,0.018371232241925637,,,0.0006399265069670562
2014-06,WLS,3,1990,-0.004385556408381677,,,-0.0020837586501556197
2014-07,WLS,3,1984,0.03782752973871899,,,0.0006854920387799554
2014-08,WLS,3,1977,-0.0005494378001398757,,,-0.003576437244326985
2014-09,WLS,3,1965,0.02509470829044381,,,-0.00048687607885027426
2014-10,WLS,3,1958,0.06393165558077218,,,-0.005672787314319849
2014-11,WLS,3,1949,0.016984032692241042,,,-0.003986058647293557
2014-12,WLS,3,1933,-0.03375972793787042,,,0.0019523358122519403
2015-01,WLS,3,1921,0.0403385066106608,,,0.004331090052204137
2015-02,WLS,3,1911,-0.01252041307651812,,,-0.0007382743676167855
2015-03,WLS,3,1905,-0.021218592243718866,,,0.00503655437826979
2015-04,WLS,3,1899,0.012639243664783579,,,-2.4039576335717603e-05
2015-05,WLS,3,1888,-0.0194715536156638,,,-0.00014657557865039116
2015-06,WLS,3,1942,0.0003499123485045234,,,0.0018693294770605782
2015-07,WLS,3,1932,-0.052859705785774494,,,-0.0011097374672798894
2015-08,WLS,3,1923,-0.01619182577465185,,,-0.0018996474564395708
2015-09,WLS,3,1905,0.04000833131793959,,,0.007205878949825935
2015-10,WLS,3,1901,-0.007715416153411031,,,0.0020316160435621964
2015-11,WLS,3,1888,-0.02540002049152359,,,0.0005273733492881968
2015-12,WLS,3,1868,0.004807939710268076,,,-0.009979516939506035
2016-01,WLS,3,1854,0.0092794448894487,,,-0.0003997875595595281
2016-02,WLS,3,1844,0.057890211928000215,,,0.001971142899439655
2016-03,WLS,3,1829,-0.025293348516290042,,,0.004753311756780642
2016-04,WLS,3,1813,0.01387347493017782,,,0.000538935273851515
2016-05,WLS,3,1804,0.01944676114504406,,,-0.0018942040402993316
2016-06,WLS,3,1883,0.04710241933371286,,,-0.0006789662285479451
2016-07,WLS,3,1868,0.001320274246445958,,,-0.0007265933832264392
2016-08,WLS,3,1854,-0.0071768705384935745,,,0.002076617133400855
2016-09,WLS,3,1848,-0.027824743012777712,,,0.00013383714362498892
2016-10,WLS,3,1833,0.02629728292496328,,,0.0017847057305859983
2016-11,WLS,3,1825,0.02175928549799696,,,-0.001518689549279249
2016-12,WLS,3,1815,-0.016527493322087826,,,0.006736186483703202
2017-01,WLS,3,1804,0.04951632304854982,,,-0.0028050640293614854
2017-02,WLS,3,1791,0.01848900360743852,,,-0.0016914795138844823
2017-03,WLS,3,1778,0.01258740683767273,,,0.00026011019769190834
2017-04,WLS,3,1767,0.007732319256045771,,,0.0013137483273455435
2017-05,WLS,3,1755,-0.009124959148990391,,,0.001282397092054911
2017-06,WLS,3,1864,-0.001511038139699548,,,0.0035764321691554046
2017-07,WLS,3,1853,0.009554746130575652,,,-0.0008938906554323306
2017-08,WLS,3,1836,0.011010439122617214,,,0.0020273182469458233
2017-09,WLS,3,1828,0.0275368522606768,,,-0.0005430458697839779
2017-10,WLS,3,1815,0.06996739211883914,,,-0.006342653325066901
2017-11,WLS,3,1803,0.0019173727002099097,,,0.001950033584438663
2017-12,WLS,3,1798,0.018850834838853595,,,0.007116463821110083
2018-01,WLS,3,1787,-0.0497235385020569,,,0.0025292720149320213
2018-02,WLS,3,1779,-0.012718366443750769,,,-0.0016743934424687027
2018-03,WLS,3,1772,-0.011857280555168354,,,0.002602616332644109
2018-04,WLS,3,1770,0.013088880901707303,,,0.0034891586755589118
2018-05,WLS,3,1759,0.02168788498354014,,,-0.0026625708579626536
2018-06,WLS,3,1825,0.04265738711990678,,,-0.0023506019039265047
2018-07,WLS,3,1816,0.04250906539057779,,,7.700368413164787e-05
2018-08,WLS,3,1816,-0.005361506507172255,,,0.0020345577895786414
2018-09,WLS,3,1805,-0.019138105814040948,,,-0.011018587445744986
2018-10,WLS,3,1791,0.009045046513037678,,,0.00022091227419010457
2018-11,WLS,3,1778,-0.07992439953729524,,,-0.0024059379194041426
2018-12,WLS,3,1770,0.044634718996714805,,,0.006340711552697133
2019-01,WLS,3,1761,0.026113243909836027,,,0.0015871749131654241
2019-02,WLS,3,1748,0.005107304755524257,,,0.002484998770091504
2019-03,WLS,3,1739,0.01369372244543701,,,0.004104023072254224
2019-04,WLS,3,1734,-0.07561412168927929,,,2.8580878830427874e-06
2019-05,WLS,3,1728,0.07305977129193321,,,0.000902380933854628
2019-06,WLS,3,1820,0.013274428167456621,,,-0.0010360919079730297
2019-07,WLS,3,1810,-0.0034505242507793556,,,-0.0037030301423313827
2019-08,WLS,3,1801,0.0354494863946951,,,-0.003843941419958841
2019-09,WLS,3,1790,0.025766925024762126,,,-0.0004208212307523544
2019-10,WLS,3,1779,0.015398269913785068,,,0.004133584925389264
2019-11,WLS,3,1763,0.039970121225970726,,,-0.0015862475032708474
2019-12,WLS,3,1761,-0.06882673881591217,,,0.011439247758498127
2020-01,WLS,3,1758,-0.0744024228341815,,,-0.0002960990387313931
2020-02,WLS,3,1752,-0.0995411925413615,,,-0.0020693075581826306
2020-03,WLS,3,1744,0.14538482376842568,,,-1.0922037069213692e-05
2020-04,WLS,3,1735,0.05756092370568324,,,-0.00019524529321400113
2020-05,WLS,3,1724,-0.013761386441454368,,,0.008172422831841853
2020-06,WLS,3,1786,0.026538767132836382,,,0.00682577433888459
2020-07,WLS,3,1779,0.007428506846866987,,,0.013730342135233341
2020-08,WLS,3,1773,-0.0106219169881057,,,-0.005130566363574245
2020-09,WLS,3,1763,-0.02158946894434846,,,-0.0015133921183000981
2020-10,WLS,3,1760,0.06146991207521741,,,0.009438098523130498
2020-11,WLS,3,1750,-0.006571825863918011,,,0.00948267450339135
2020-12,WLS,3,1741,-0.013820296947142385,,,0.002266961170233156
2021-01,WLS,3,1735,0.040940156211854,,,-0.004107076234476963
2021-02,WLS,3,1732,0.09422040384219928,,,-0.01117994157031547
2021-03,WLS,3,1720,0.028682032880364264,,,0.0029904714158345697
2021-04,WLS,3,1714,0.02569715735521185,,,-0.004660581330853657
2021-05,WLS,3,1707,0.0004265340483022264,,,0.006411313251624424
2021-06,WLS,3,1783,0.01806440291220264,,,-7.507442498916767e-05
2021-07,WLS,3,1776,0.017907288772641156,,,0.0022493603095973544
2021-08,WLS,3,1768,-0.0869023048299426,,,0.006846087276056643
2021-09,WLS,3,1757,0.012749491300766566,,,0.010097160749559969
2021-10,WLS,3,1750,0.004561309698013729,,,-0.00048452927608989404
2021-11,WLS,3,1741,0.07374700515542566,,,-0.0077315965456909224
2021-12,WLS,3,1737,-0.06972892990906206,,,0.0005869657253274958
2022-01,WLS,3,1732,-0.0639088018592297,,,0.006432908562276698
2022-02,WLS,3,1722,0.001204236126416633,,,0.0071188010972874395
2022-03,WLS,3,1717,-0.025423225325552797,,,-0.012261162681754926
2022-04,WLS,3,1707,-0.009154676180629496,,,0.0006058188675125527
2022-05,WLS,3,1703,-0.06651042396713007,,,-0.003733001339439899
2022-06,WLS,3,1799,0.041485460815696915,,,0.011447814054520668
2022-07,WLS,3,1793,-0.04179871859276087,,,-0.00014781046174192305
2022-08,WLS,3,1786,-0.07303686642691207,,,-0.003899317201630526
2022-09,WLS,3,1776,0.11326345791037896,,,-0.006999409942627777
2022-10,WLS,3,1771,0.07291025754044347,,,-0.0048182632662820395
2022-11,WLS,3,1762,-0.0045723771099309305,,,-0.011452334576478448
2022-12,WLS,3,1758,0.016732110863937593,,,0.009787565301270793
2023-01,WLS,3,1748,-0.0664610907270299,,,0.0086646198465047
2023-02,WLS,3,1736,0.030409273341904536,,,0.0033805534073233726
2023-03,WLS,3,1729,0.048331420112393685,,,-0.008274528747672386
2023-04,WLS,3,1721,-0.08815691513659668,,,0.01838874681486802
2023-05,WLS,3,1714,0.039431782213085555,,,0.005839473770185079
2023-06,WLS,3,1854,0.050779894039242435,,,-0.004374907851426117
2023-07,WLS,3,1844,-0.011226235647119142,,,-0.0010160642506130623
2023-08,WLS,3,1832,-0.02597514312390697,,,-0.004652251999812628
2023-09,WLS,3,1822,-0.005979801163562724,,,-0.005149961727636249
2023-10,WLS,3,1810,0.026056163289864948,,,0.011473530676499201
2023-11,WLS,3,1800,0.05857418037710942,,,-0.0013050919660245784
2023-12,WLS,3,1793,0.02534176669860355,,,-0.0012155472423806411
2024-01,WLS,3,1786,0.09091634159627808,,,-0.004090466120987687
2024-02,WLS,3,1781,0.06112856065461468,,,-0.005732295837351867
2024-03,WLS,3,1772,-0.06565664839106654,,,0.0019383889969135449
2024-04,WLS,3,1759,0.049957162565996215,,,-0.0013095458678713202
2024-05,WLS,3,1752,-0.006719028007407115,,,0.007628266101861748
2024-06,WLS,3,1969,0.010570915740627853,,,-0.002270269549374851
2024-07,WLS,3,1955,0.009173198636009051,,,-8.66135467825187e-05
2024-08,WLS,3,1948,0.008655016187025239,,,0.002665775723174206
2024-09,WLS,3,1935,-0.03070343453935906,,,0.002780615885965191
2024-10,WLS,3,1922,0.03932256915248032,,,0.004099692559595297
2024-11,WLS,3,1911,-0.054532758639563556,,,0.00454721302853854
1973-06,WLS,4,1444,0.0641444451911904,-0.002957733146607337,-0.0011629878276254006,
1973-07,WLS,4,1442,-0.015329404627143777,-0.00037135514959945964,-0.0036481178514023204,
1973-08,WLS,4,1442,0.07160635808077194,0.009828218183554279,-0.009665868672725241,
1973-09,WLS,4,1443,0.021076945341756005,-0.002245421748956354,-0.002831258610748923,
1973-10,WLS,4,1441,-0.10212522021568668,-0.0029215614544014635,-0.0022723247868671878,
1973-11,WLS,4,1443,0.08593139586627273,0.0027671101988518956,-0.014654296619446432,
1973-12,WLS,4,1442,-0.12086994311448962,0.015631597207178063,0.01071641201590052,
1974-01,WLS,4,1439,0.006493643068057744,0.003123610348504815,-0.0034227132225366007,
1974-02,WLS,4,1439,-0.049003707065414404,0.0005515881339298676,0.00401006671121599,
1974-03,WLS,4,1439,-0.06315090021488101,0.001639112692661743,0.003087461379961633,
1974-04,WLS,4,1438,-0.04866303440647681,-0.003997264271938385,0.004917062783578324,
1974-05,WLS,4,1436,-0.006247055232861161,0.00017024424561556302,-0.0016057816641987838,
1974-06,WLS,4,1559,-0.06489137499152779,0.008226187924845339,-0.007880871248105284,
1974-07,WLS,4,1559,-0.09117164560573023,0.005633890648151812,-0.0019965950596870776,
1974-08,WLS,4,1554,-0.11194138861369801,0.010457988140234145,-0.007528867440247286,
1974-09,WLS,4,1555,0.26214279086266423,-0.027375176648424763,-0.004558004343208986,
1974-10,WLS,4,1551,-0.039516212307014,-0.0006391082611082273,-0.0017013320905663156,
1974-11,WLS,4,1550,-0.016507388770803013,0.0012783495527262474,-0.0035667923310766644,
1974-12,WLS,4,1553,-0.023850635344829205,0.03129274339669319,0.011327743301119629,
1975-01,WLS,4,1551,0.0565571367305601,-0.010498633325506844,0.006808967332346663,
1975-02,WLS,4,1548,0.013477685079538742,0.00580211905932133,0.0006687237226692682,
1975-03,WLS,4,1547,0.08882605563659675,-0.0047954329760212435,-0.0047756272576699645,
1975-04,WLS,4,1546,0.06248666936668911,-0.002801420788824173,-0.0013810719694913453,
1975-05,WLS,4,1543,0.06586470779168288,0.001957003845576423,-0.004941119019924965,
1975-06,WLS,4,1955,-0.038860383619445986,0.004633267924886433,-0.007274656066760104,
1975-07,WLS,4,1954,-0.007105184696142837,-0.0022793645802715056,-0.0019084619182748157,
1975-08,WLS,4,1954,-0.05433020311155053,0.0023552525584029523,0.0009939972865034773,
1975-09,WLS,4,1954,0.014962686921535844,-0.0016485479365906575,0.008464269645055329,
1975-10,WLS,4,1954,-0.008201868621986031,0.0035042865176191248,0.004487096278975635,
1975-11,WLS,4,1949,0.005119689481512243,0.0022489923704794045,-0.0054455672026688644,
1975-12,WLS,4,1897,0.08110496746392815,0.015968517690139922,0.0013102329629630968,
1976-01,WLS,4,1896,-0.029051184171601897,0.015700768176664846,-0.0015284252775258393,
1976-02,WLS,4,1911,0.03435357358790696,-0.0026294135734138274,-0.0005534188182264925,
1976-03,WLS,4,1903,0.025062564648313086,-6.107879508883029e-05,-0.007361264168011727,
1976-04,WLS,4,1917,-0.001959548231288916,-0.001049958344139498,-0.00192898172358157,
1976-05,WLS,4,1911,0.012602768423078968,0.0046129402334204915,0.0027873492166474345,
1976-06,WLS,4,2363,-0.04827923578642962,0.005158129687789228,0.003144272215419822,
1976-07,WLS,4,2168,-0.02289464371581246,0.000561387041041182,0.002631934565237184,
1976-08,WLS,4,2162,0.029478950810261202,0.0008386824368932642,-0.0018872192119885544,
1976-09,WLS,4,2328,0.009397559392712026,-0.0035801296816601494,-0.004902657767103108,
1976-10,WLS,4,2325,-0.021434169546789207,0.007148043659934364,-5.2155847176376995e-05,
1976-11,WLS,4,2332,0.041192627588464335,0.00616151799270565,-0.0017077303968343462,
1976-12,WLS,4,2296,-0.09066015398371483,0.014540744618062651,0.0003241751095154269,
1977-01,WLS,4,2285,-0.028743678947561323,0.0010669374756152275,0.001571032918730725,
1977-02,WLS,4,2300,-0.03540941078424139,0.0037109336668462493,0.0013945985437441824,
1977-03,WLS,4,2294,0.017747256485700084,0.00468385652645306,-0.006634197868719097,
1977-04,WLS,4,2278,-0.026724192369193763,0.0030865266283148438,-0.00023034829949885295,
1977-05,WLS,4,2273,0.012638507415741537,0.000492701104911769,0.005896054382835554,
1977-06,WLS,4,2409,-0.05217733776539352,0.0015483662490663691,0.0047743776428372155,
1977-07,WLS,4,2396,-0.027203891827689623,-0.005501504910251777,0.00568984423475529,
1977-08,WLS,4,2384,0.0008009142204919267,0.0011325519543226564,-0.0019382091044261524,
1977-09,WLS,4,2366,-0.07444522174754051,0.0039253419862808675,0.0036429083741414694,
1977-10,WLS,4,2360,0.0012265778754960521,0.005149859054634538,0.0039184229129697185,
1977-11,WLS,4,2352,0.0003085591330552189,0.001214698803414388,-4.962576479178155e-05,
1977-12,WLS,4,2330,-0.10687766732935394,0.006971703559811448,0.004504321621284781,
1978-01,WLS,4,2318,-0.04086225502973909,0.006635474917157152,0.0006545892878438935,
1978-02,WLS,4,2309,0.005776440938341945,0.006658810926534747,-0.0002656903076920918,
1978-03,WLS,4,2297,0.09998253467193217,-0.006857688334553403,0.002130023708788871,
1978-04,WLS,4,2280,-0.01783559620191823,0.004973667806553192,0.00381102601842606,
1978-05,WLS,4,2259,-0.04514658829813231,0.0012596664340809613,0.0036259549165576165,
1978-06,WLS,4,2353,0.05193601326956444,-0.002115892805977617,0.0021996855375146602,
1978-07,WLS,4,2332,0.03427813146518068,0.0013316033515630029,-0.0004765889893313745,
1978-08,WLS,4,2322,-0.008903189184383473,0.004205545749891845,-0.00403599134691382,
1978-09,WLS,4,2324,-0.07721198650829258,-0.0071521205703004255,-0.0024769147685420765,
1978-10,WLS,4,2312,0.017147260486151273,0.0021043375566386817,0.0005947904849909317,
1978-11,WLS,4,2303,0.02194608710451585,-0.004698614796696899,0.0015207685114229331,
1978-12,WLS,4,2283,0.015589703320636498,0.006248943321679819,-2.1240012506198913e-05,
1979-01,WLS,4,2257,-0.017175103179184352,-0.00034755137368602,-0.0035788870766736204,
1979-02,WLS,4,2256,0.05964117261748354,0.0019456585286620521,-0.0019213965701922145,
1979-03,WLS,4,2249,-0.012611864421298061,0.002392101545563234,0.000939142839839084,
1979-04,WLS,4,2242,-0.02017994361580876,-0.0011327842257608672,-0.0007596538033953493,
1979-05,WLS,4,2230,0.061576315057678986,0.0001668033672142059,-0.005738437888779632,
1979-06,WLS,4,2302,0.017366102933747095,0.0025986943861750007,-0.0037804753961861734,
1979-07,WLS,4,2286,0.0659247915152694,0.0007514433022586565,-0.0006483302747794554,
1979-08,WLS,4,2271,0.013741963056472921,0.001311723768431009,-0.00466736504771781,
1979-09,WLS,4,2269,-0.04363952745276187,-0.004996054573675492,-0.003162831817618561,
1979-10,WLS,4,2261,0.1036308763478685,-0.006144214457425024,-0.005592447703882629,
1979-11,WLS,4,2248,0.06406671143765484,-0.0012767456215461279,-0.006284082981175822,
1979-12,WLS,4,2221,0.13256252529688795,0.0019112136990892146,-0.014136982636196527,
1980-01,WLS,4,2197,0.040768662282092284,0.0014870532938296576,-0.010771928491066427,
1980-02,WLS,4,2189,-0.16045250900695626,-0.005068437255727928,0.009107064418886089,
1980-03,WLS,4,2177,0.04900102773836553,-0.0008813356897058651,-0.003930114610305235,
1980-04,WLS,4,2169,0.022904214645866006,0.002720374228897102,0.003244840935211275,
1980-05,WLS,4,2166,0.06998952533203648,-0.004053025685488122,-0.005303538064974672,
1980-06,WLS,4,2255,0.041110596950344455,0.0010128008894099325,0.006766380377200108,
1980-07,WLS,4,2250,0.05852321026368954,-0.004321321005965689,-0.004325645763623476,
1980-08,WLS,4,2233,0.1105232826886442,-0.009004312929749469,-0.008727755375200432,
1980-09,WLS,4,2227,0.05899912756861689,-0.0030316856714841635,-0.00639861379943739,
1980-10,WLS,4,2219,0.26454387853803923,-0.014662680465331425,-0.018212432335876813,
1980-11,WLS,4,2211,-0.10917987462099668,0.0008295275123558765,0.010387581733327336,
1980-12,WLS,4,2206,-0.15592174350013915,0.012972638751389523,0.008877671059537138,
1981-01,WLS,4,2170,0.010890368791277806,0.0008264529285829781,0.0002348468439641239,
1981-02,WLS,4,2163,-0.007196594616466839,0.006216744068132541,0.0035014536062268507,
1981-03,WLS,4,2154,-0.12176449910054434,0.008432944374446194,0.011164803480828319,
1981-04,WLS,4,2149,-0.050763895199860846,0.001996502793318998,0.00663538518681716,
1981-05,WLS,4,2139,-0.028430412614456828,0.004427005638993273,-0.0029650102925772863,
1981-06,WLS,4,2275,0.06960157785807332,-0.009228383414129862,-0.008420639474730918,
1981-07,WLS,4,2265,-0.10402175569908183,0.001977798643799651,0.003096034998640394,
1981-08,WLS,4,2246,-0.16251046542540376,0.00640756722641479,0.010697814002960614,
1981-09,WLS,4,2236,0.14002252165674348,-0.01382866476444246,-0.005868375048083054,
1981-10,WLS,4,2241,0.04142633142593414,0.0003693996349594537,-0.0019235053049742117,
1981-11,WLS,4,2231,-0.08370972123285172,0.0047285426046985,0.005400703976749095,
1981-12,WLS,4,2222,-0.11698445333896612,0.003943893479680568,0.012327448855733133,
1982-01,WLS,4,2199,-0.18756637283746846,0.01491255253836645,0.011178608132553428,
1982-02,WLS,4,2182,-0.07195511541643197,0.008113784219902644,0.0032889573397881177,
1982-03,WLS,4,2169,0.03649678073449161,-0.0019355837300861468,0.002231794580679743,
1982-04,WLS,4,2163,-0.05070058275491133,0.0021154508472757128,0.0005623983891312954,
1982-05,WLS,4,2145,-0.08380269081974596,0.006337383611412394,0.005531274333506179,
1982-06,WLS,4,2328,-0.08199414816949743,-0.00010409480307172049,0.009151740144961097,
1982-07,WLS,4,2318,0.11330974264935242,0.00265173601574518,-0.0019882456230422172,
1982-08,WLS,4,2305,-0.015671400456834815,0.0004235664019241915,0.004026081208751076,
1982-09,WLS,4,2292,0.1295493739271583,-0.0013647516723249292,-0.0016079175936765456,
1982-10,WLS,4,2282,-0.007596119976096182,0.0017216963926940706,0.008819222085794193,
1982-11,WLS,4,2277,0.0019280197660844379,0.001705953887165672,5.825536134984794e-06,
1982-12,WLS,4,2249,0.056884700044806946,-0.00018219130243535994,-0.004327827202477745,
1983-01,WLS,4,2235,0.002898746394854324,0.002759948539950661,0.002365533001254692,
1983-02,WLS,4,2227,-0.017320110434465703,0.005733636523996114,0.0032084990956178132,
1983-03,WLS,4,2217,0.03402263965112875,0.005216936570035394,0.0006138882823181596,
1983-04,WLS,4,2208,0.027970061560915485,-0.0007228203445303539,-0.003974004216569176,
1983-05,WLS,4,2199,0.04660336716664498,-0.0014186321187831116,0.0008303594430174091,
1983-06,WLS,4,2372,-0.08161783158701083,0.005797070089342188,0.0019191425723233384,
1983-07,WLS,4,2359,-0.0623987520387665,0.009471549818400574,0.0018897538877868005,
1983-08,WLS,4,2351,-0.007236034314153529,-0.0021448285573704906,0.004836227468973454,
1983-09,WLS,4,2340,-0.08724425065501627,0.006407898070321292,0.004154762205742387,
1983-10,WLS,4,2334,0.055900457305615145,-0.001540992694312295,-0.004448933393940764,
1983-11,WLS,4,2325,-0.01883871932720179,0.0018424669206162348,-0.00017155565932737654,
1983-12,WLS,4,2303,-0.0797248668098416,0.012777790976336002,-0.0015680625435316225,
1984-01,WLS,4,2280,-0.08518583432630722,0.006061570328363243,0.0013433351361918909,
1984-02,WLS,4,2272,5.06631184197698e-05,0.0011958215051276714,0.0008524636070124177,
1984-03,WLS,4,2255,-0.034066098698198266,0.002810697770363474,0.003478478744041288,
1984-04,WLS,4,2246,-0.07361860252882464,-0.0004584973324807378,0.002900342823163862,
1984-05,WLS,4,2225,0.03251732478536961,-0.0053223345335036715,0.0019568526908188043,
1984-06,WLS,4,2495,-0.055345831496303566,-0.0006829267689690619,0.005038435847648356,
1984-07,WLS,4,2480,0.13821028278638967,-0.0020807110454892598,-0.003306550129928219,
1984-08,WLS,4,2457,-0.09266446942357,0.008362982102995822,0.004551073952056425,
1984-09,WLS,4,2438,-0.03434816395564776,2.900552273168377e-05,0.003835105378292712,
1984-10,WLS,4,2416,-0.055280304876614825,0.0036007277940983537,0.002104926559817199,
1984-11,WLS,4,2401,0.021938355254461885,-0.0018362042021151138,1.6464329909316236e-05,
1984-12,WLS,4,2379,0.16102218931972725,-0.008620161127594691,-0.005110009310225081,
1985-01,WLS,4,2358,-0.019160973671335978,0.002882848778208999,0.0024954504416429407,
1985-02,WLS,4,2348,-0.06936163549433919,0.004565272917130127,0.004519126548364343,
1985-03,WLS,4,2336,-0.038306473263371305,0.0035864705863020625,0.00013858272521093283,
1985-04,WLS,4,2319,0.02976646454284088,-0.0003608933592955413,0.003957893557937438,
1985-05,WLS,4,2293,0.013743837026529388,-0.00029948955751297514,-0.0007997263534114538,
1985-06,WLS,4,2524,0.01154343875087054,0.0007466015980489277,-0.0016668502200605363,
1985-07,WLS,4,2503,-0.03646541761806593,0.0028856500073927223,0.0013883303759693263,
1985-08,WLS,4,2492,-0.11781138727668948,0.006702760332642357,0.007536867959177299,
1985-09,WLS,4,2472,-0.009617835858052818,0.003150619434055563,0.0044438463689475015,
1985-10,WLS,4,2449,0.09107122668842259,-0.00628157005884201,0.0013010718243629338,
1985-11,WLS,4,2432,0.05099252842832295,-0.005386311124653776,0.0021883023721932693,
1985-12,WLS,4,2415,-0.016754139684257915,0.0004792183827330884,0.0024023001831850435,
1986-01,WLS,4,2400,0.09171281943439766,-0.0009610692903857214,-0.002218752649995956,
1986-02,WLS,4,2381,0.053884439481198795,-0.0028481731328493633,0.0012132523376888523,
1986-03,WLS,4,2362,-0.006854429304888249,-0.004193413439581552,0.0032168178791004472,
1986-04,WLS,4,2343,-0.0006389182513124558,0.003723012633247703,0.005235519021059403,
1986-05,WLS,4,2320,-0.009174260831102376,-0.0015061913093984193,0.0030617760278044115,
1986-06,WLS,4,2587,-0.11940305393975155,0.003379111012770882,0.004087748661817357,
1986-07,WLS,4,2577,0.04061063050514654,0.008088880910531872,-0.0031365782847350373,
1986-08,WLS,4,2561,-0.11919057313116163,0.010523326820687233,-0.001103965406443268,
1986-09,WLS,4,2533,0.07825381614545883,-0.0013704253534570728,-0.002965864831420517,
1986-10,WLS,4,2502,0.012471952311955439,-0.00030353527526137984,0.0014867931112628745,
1986-11,WLS,4,2453,-0.021481785136419254,-0.0011390889452864606,-0.0008273485631394195,
1986-12,WLS,4,2427,0.14592178226203736,0.00037502878449022404,-0.0015010059000951685,
1987-01,WLS,4,2417,0.08678206281752752,-0.007068995557468856,0.0009151380662525737,
1987-02,WLS,4,2396,-0.01608267514310667,0.008984580723732729,0.0007370340765153006,
1987-03,WLS,4,2376,-0.033132221672121515,0.003062319449792296,0.001221057900664946,
1987-04,WLS,4,2367,-0.0028444730640062132,0.00021625233037863702,0.0014196493294921196,
1987-05,WLS,4,2349,0.0173881275324603,0.0019139627517164748,0.002526441070700372,
1987-06,WLS,4,2700,0.05645541044718291,0.0010442709828597854,-0.0014529025759347507,
1987-07,WLS,4,2677,0.02689951851425639,-0.0015064716993238067,0.0020103639036563223,
1987-08,WLS,4,2657,0.014216767932032344,-0.001821228302452196,-0.0055696387341510455,
1987-09,WLS,4,2632,-0.28481101178428636,0.0014002614425089584,0.005595862239263956,
1987-10,WLS,4,2604,-0.08645876990400282,0.002470552750036986,-0.0017297215326760283,
1987-11,WLS,4,2583,0.08196618303817162,0.00033474748720542367,0.00014310174450123234,
1987-12,WLS,4,2561,-0.030601309868344122,0.00787965266905912,0.003801279642257442,
1988-01,WLS,4,2541,0.03791115029251907,0.003035744163457493,0.0012750123707135548,
1988-02,WLS,4,2523,-0.04218474134623869,0.005171055125239611,-0.0010945549451348005,
1988-03,WLS,4,2499,-0.03567035957476695,0.007458171886276137,0.0014359391149033928,
1988-04,WLS,4,2475,-0.00804728720277472,0.0007232473844741587,-0.0006385573268576678,
1988-05,WLS,4,2450,0.05841581216650072,-0.0015118094344811833,-1.755568910890328e-05,
1988-06,WLS,4,2552,-0.03682544507694238,0.003384911878311796,0.0011313062115092603,
1988-07,WLS,4,2527,-0.048803410794181955,7.001125066479412e-05,0.0008511493544153038,
1988-08,WLS,4,2508,0.045022304203995514,-0.003298545986692227,0.0008254434048337605,
1988-09,WLS,4,2480,-0.017763195862655987,0.0048783093884804405,0.002958408951724382,
1988-10,WLS,4,2455,-0.025385115554676683,0.0015263134374877887,-0.0005131412373819819,
1988-11,WLS,4,2430,0.026702604077371666,-0.0021506010449528937,0.00012851407135948544,
1988-12,WLS,4,2408,0.06522433905664125,0.0011405514573394422,-0.00092227902480424,
1989-01,WLS,4,2385,-0.028685947115402913,0.0012092113165388981,-0.0006634536686212218,
1989-02,WLS,4,2367,0.02556217142055599,-0.00017730496746770324,-0.0019566156150215247,
1989-03,WLS,4,2357,0.08519738071579477,-0.0050151036923921114,-0.003122823638870512,
1989-04,WLS,4,2333,0.0808134119785472,-0.006255000930054146,-0.003765143480194228,
1989-05,WLS,4,2308,-0.03288217198125294,0.0012515441650926048,0.0010605102034006917,
1989-06,WLS,4,2591,0.11016640582417285,-0.008439618101198868,0.0012557721507835146,
1989-07,WLS,4,2562,-0.010734878457550204,0.006740968953203292,-0.00033580215807043734,
1989-08,WLS,4,2541,0.0002212253557303039,-0.003629105920639209,0.0008962433543108145,
1989-09,WLS,4,2522,-0.039961499485085046,-0.0034694699252080653,0.003439027845067854,
1989-10,WLS,4,2498,0.04553646477264289,-0.0037355519267299464,-0.0031674645855282717,
1989-11,WLS,4,2484,0.0013774417966179332,0.0031449491320799422,0.0003379598965018986,
1989-12,WLS,4,2448,-0.07546917493596872,0.0011561293941284875,-0.0009229192430780876,
1990-01,WLS,4,2436,0.006374093009294213,0.0034898769994228993,-0.002012472909705828,
1990-02,WLS,4,2420,0.02543603961613627,-0.001882100939202947,0.002428137599349039,
1990-03,WLS,4,2406,-0.02912505316625787,-0.004125605132201593,0.003416550553305958,
1990-04,WLS,4,2390,0.08834498345012885,-0.004586051926294821,0.0029323983151830282,
1990-05,WLS,4,2364,0.033624259287167176,-0.00951482976507776,-0.00041833440809417236,
1990-06,WLS,4,2700,0.009848470245171508,-0.001987049140149702,-0.002259271278162551,
1990-07,WLS,4,2679,-0.07700808015781234,-0.0033008664486304812,-0.002208953503742788,
1990-08,WLS,4,2669,-0.0439273072077657,-0.003409410731959964,-0.0006638658780644105,
1990-09,WLS,4,2653,-0.03945046039150326,-0.0034396167205609425,0.006066228640056849,
1990-10,WLS,4,2651,0.004072503674526868,0.003561207448682102,0.006957811865853489,
1990-11,WLS,4,2638,0.017826603616014243,-0.0004967115876904257,0.002078941675460777,
1990-12,WLS,4,2615,0.025168467133464583,0.0027074549507878614,0.0023556289178501767,
1991-01,WLS,4,2602,0.07691233663285012,-0.0028189506226082776,0.0010985509568291149,
1991-02,WLS,4,2587,-0.008318911176720161,0.00015150050232553498,0.006342735987515809,
1991-03,WLS,4,2569,-0.0033062478766534022,0.0011939316892415,-0.0005390481876558331,
1991-04,WLS,4,2555,0.02753327502821723,0.002799422299104695,0.0008546603755225301,
1991-05,WLS,4,2548,-0.05327730517895011,7.233309833817e-05,0.0010209492727916128,
1991-06,WLS,4,2703,0.04008123502375127,-0.004288257515432007,0.0029055210585510775,
1991-07,WLS,4,2688,0.024794387886668573,-0.0051428931731084945,0.002234473035038244,
1991-08,WLS,4,2681,-0.004857020812621373,-0.0025331715331700874,-0.0018972307844436717,
1991-09,WLS,4,2667,-0.010112857685001649,0.0022734085595666623,0.002521170997771698,
1991-10,WLS,4,2652,-0.04493686145098671,-0.007868491252521578,0.005114172426968805,
1991-11,WLS,4,2635,0.13529359205593258,-0.011243780424476981,0.0031860651868971155,
1991-12,WLS,4,2613,-0.052323012912940316,0.014207464470093578,-0.0003885561932967712,
1992-01,WLS,4,2603,-0.05180492719584425,0.012333570249321035,0.003953193461348062,
1992-02,WLS,4,2593,-0.06678921272374787,0.006719926290917774,0.003182033494210086,
1992-03,WLS,4,2579,0.02892295172857118,0.004840558168230232,-0.005472040427394228,
1992-04,WLS,4,2561,0.016024399928316408,-0.004573146246922959,-4.915564974576411e-05,
1992-05,WLS,4,2522,-0.0008237338383824314,-0.001490818057040756,-0.004498897780726737,
1992-06,WLS,4,2660,0.03679201083903127,-0.0024949477607698997,0.001458828626003172,
1992-07,WLS,4,2637,-0.009507909655464202,-0.004149792580821347,0.0006256145212414838,
1992-08,WLS,4,2629,0.035881437927845705,-0.0017379262369097578,-0.00378053341718833,
1992-09,WLS,4,2609,0.0004334030613842411,-0.0032011022058503207,0.00289695032036555,
1992-10,WLS,4,2601,0.04438382581696097,-0.0014969334049702392,-0.0004841551368798366,
1992-11,WLS,4,2593,0.024179925846665225,0.0009718148266934969,-0.0035308745460054377,
1992-12,WLS,4,2580,-0.03912373454996401,0.012361105253807021,-0.0012322522817494388,
1993-01,WLS,4,2567,-0.049520071621123825,0.011467718302302322,0.0011453913532656291,
1993-02,WLS,4,2555,0.03238994945621353,0.0003806991316708298,-0.00277400485258923,
1993-03,WLS,4,2540,-0.03880066705312224,0.007107004173830929,-0.0035304786379903273,
1993-04,WLS,4,2529,0.019387868672056337,0.0009100522604772539,0.002280318529783794,
1993-05,WLS,4,2519,-0.025899375809684926,0.005804086517035428,-0.0007523463218040354,
1993-06,WLS,4,2722,0.005044528285945322,0.004498935149961389,-0.006154887514070465,
1993-07,WLS,4,2710,0.01828307124596392,0.001621003410211973,0.0021989067328769046,
1993-08,WLS,4,2703,-0.035821120309213306,0.004746694167574668,0.0018738686346373614,
1993-09,WLS,4,2695,0.0417081934948824,-0.003252256301899576,-0.00038384198633873904,
1993-10,WLS,4,2683,0.004314830529772991,-0.004454887074991932,0.0007936087879894274,
1993-11,WLS,4,2667,0.03660095405979893,-0.0002932780267777465,-0.0038050167397822993,
1993-12,WLS,4,2651,0.06558032037207864,0.000555963598412509,-0.006450758310207372,
1994-01,WLS,4,2632,-0.05137609051352984,0.002464176352266277,0.004329021309213901,
1994-02,WLS,4,2617,-0.07476140694800763,0.0035827722068565177,0.0028025996767931517,
1994-03,WLS,4,2600,-0.00014927193610105325,0.0008449822007506728,0.000583834979157148,
1994-04,WLS,4,2582,0.0007272237350609171,0.0005488627481110435,0.00035357365556283664,
1994-05,WLS,4,2574,-0.05669586239409273,0.003910866006618822,0.002437066442487641,
1994-06,WLS,4,2819,0.03533508190210778,0.0004639748578335554,-0.001598509342509364,
1994-07,WLS,4,2801,-0.003026913401916003,0.0005021747180508622,0.008411505152004863,
1994-08,WLS,4,2785,-0.0316515411387984,-0.0004269749994097132,0.0028153955103719518,
1994-09,WLS,4,2773,-0.009782674295347474,0.001702379858916431,0.0037314338075599518,
1994-10,WLS,4,2759,-0.07116796163021404,0.0006551534660437603,0.005611783303478575,
1994-11,WLS,4,2737,0.0416470867587908,-0.003933769518905744,-0.003536722507970379,
1994-12,WLS,4,2725,0.01626836470072297,-0.0024797189900905557,0.00087485875090504,
1995-01,WLS,4,2711,0.05246338541328224,-0.0007633599776255339,-0.002199797359448466,
1995-02,WLS,4,2691,0.005689077451843678,0.003311653282725944,0.001920948907990624,
1995-03,WLS,4,2676,0.004246867517545148,0.0016146043704060211,0.0026930873761745033,
1995-04,WLS,4,2654,0.021788095071123597,-0.0004896897734535994,0.000815293142456754,
1995-05,WLS,4,2642,0.0010885701484221295,0.000667117966355305,0.004597169952916893,
1995-06,WLS,4,3011,0.04960800242700653,-0.0009057215684067885,-0.0019460078779014304,
1995-07,WLS,4,2990,-0.007701485673665991,0.000435946837780727,0.0004415683234339172,
1995-08,WLS,4,2973,0.04324731420095709,-0.005422458600181381,0.0014252203291580323,
1995-09,WLS,4,2952,-0.020551398270731786,-0.003636791981483732,0.0036159006654934082,
1995-10,WLS,4,2934,0.08759869393640474,-0.004415720132865121,-0.006728537324180565,
1995-11,WLS,4,2921,0.04778960230278575,-0.0004607596385450279,-0.006413945177871772,
1995-12,WLS,4,2897,0.06453524220852735,-0.005477675688973943,-0.003782458296733281,
1996-01,WLS,4,2876,-0.03269586806236009,0.003966106855763843,0.00605541314471563,
1996-02,WLS,4,2860,0.018466325576803985,0.002814860589593439,-0.004155815941757164,
1996-03,WLS,4,2843,-0.0293539452806761,0.006328717268838144,0.005984474240975492,
1996-04,WLS,4,2822,-0.00017642917302852226,-0.00015879486118913194,0.005023707905340662,
1996-05,WLS,4,2810,0.027270729361059752,-0.007901938222001968,-0.002058069007827288,
1996-06,WLS,4,3200,-0.0689540443481966,5.003635710610551e-05,0.0016811615136615031,
1996-07,WLS,4,3174,-0.0020848725095350745,0.004688336532198598,0.0014429500948500537,
1996-08,WLS,4,3152,0.03477018522458628,-0.005057405654571654,0.005212866987112295,
1996-09,WLS,4,3137,0.013662503990193057,0.0008053848195166892,-0.0019340028565434785,
1996-10,WLS,4,3125,0.03896682743884135,0.0005278403721947097,0.0036912819607993782,
1996-11,WLS,4,3097,-0.006052742668830457,0.0014371767960302568,-0.0018615041583178208,
1996-12,WLS,4,3071,0.043261030404722005,-0.00541342982294684,0.005312224558032889,
1997-01,WLS,4,3046,-0.007889005750631018,-0.00022688256410624989,-3.6990224826730614e-05,
1997-02,WLS,4,3029,-0.07587945856179999,0.010129276805493016,-0.0002584691840978817,
1997-03,WLS,4,3011,0.01891236793485359,-0.004681996841834208,0.006795637457192833,
1997-04,WLS,4,2993,0.05402491841508601,0.0010519803768121048,0.0011871472949133745,
1997-05,WLS,4,2967,0.052687428219906504,-0.004353063465586956,-0.0005573083334605319,
1997-06,WLS,4,3231,0.05214675636845791,0.002073958133460262,0.0019009172198470963,
1997-07,WLS,4,3205,-0.0636489363576499,0.008729851537945043,-0.0007476468983786099,
1997-08,WLS,4,3182,0.04185629926797539,0.002604502336005453,-0.0015179629908032666,
1997-09,WLS,4,3148,-0.09936603502125806,0.004262750272690661,0.006259829292564994,
1997-10,WLS,4,3130,-0.003042474275806426,-0.001651501330524196,0.006044866418767477,
1997-11,WLS,4,3092,0.0248044001008487,-0.0020181052931860675,-0.0033449156420737175,
1997-12,WLS,4,3055,-0.022092286561809366,-0.000875483260375743,0.006257038125294692,
1998-01,WLS,4,3032,0.07911616196795378,-0.002269045266207453,0.0001332536440407174,
1998-02,WLS,4,2996,0.040522049976662415,0.0021514016001236576,-0.0012318264222365987,
1998-03,WLS,4,2969,0.014616035087544294,-8.097886226685011e-05,-0.0018880678020760627,
1998-04,WLS,4,2949,-0.05704881798817808,0.003729013048758943,0.002967816805046282,
1998-05,WLS,4,2908,-0.007518042987443553,-0.004381872018024284,0.008590533732847605,
1998-06,WLS,4,3143,-0.039226143876061034,-0.002268237698989114,0.0030625730142513187,
1998-07,WLS,4,3110,-0.10423902077057087,-0.008750196841669531,-0.0019222268274781105,
1998-08,WLS,4,3070,0.0629648186548652,-0.0007223641094263133,0.0014651689915331926,
1998-09,WLS,4,3025,0.06319670662720758,0.001966161156786689,0.00016834950853185257,
1998-10,WLS,4,2994,0.006922055087323323,0.002418726037084755,0.007150425916977591,
1998-11,WLS,4,2966,0.050594971151382354,-0.0028395217329298373,0.0023654057303982563,
1998-12,WLS,4,2917,0.006511549492254578,-0.002303889335249464,0.006462931757420611,
1999-01,WLS,4,2890,-0.018893051505566177,3.983601584579043e-05,-0.004734738827654034,
1999-02,WLS,4,2853,0.06305752734826195,-0.00434533714703148,-0.003049690152483053,
1999-03,WLS,4,2827,0.08667792242050112,0.008158411626793111,-0.012377648034896337,
1999-04,WLS,4,2799,-0.07634996847260914,0.009283915361485732,0.004799898297518568,
1999-05,WLS,4,2761,0.04625263268165078,-0.004645655143118648,0.002991748547468457,
1999-06,WLS,4,3121,-0.0005401734173715287,-0.0021950019592426053,-0.0026929344960095274,
1999-07,WLS,4,3088,-0.0487409639778689,-0.003588609433363853,0.008976668086074936,
1999-08,WLS,4,3051,-0.00548696999546242,-0.004263298433198517,-0.0030632528348115565,
1999-09,WLS,4,3025,0.07470188554176325,-0.014966110370921054,0.0005323171346580842,
1999-10,WLS,4,2980,0.011561842866709467,-0.0021483694064071517,0.004922508533537278,
1999-11,WLS,4,2943,0.05632062890083614,-0.002086140994122674,0.002865944579505317,
1999-12,WLS,4,2922,-0.04346185301553234,-0.0008577333013948375,-0.0005342265097232647,
2000-01,WLS,4,2890,-0.037941074679358915,0.006510468365669711,0.007807715806867429,
2000-02,WLS,4,2858,0.07717478541199435,-0.004715637593827869,-0.000531480995766104,
2000-03,WLS,4,2827,-0.08349930475112344,0.008563865405807669,0.004115241282824035,
2000-04,WLS,4,2804,-0.06898895797514,0.0016197630681870174,0.0035977586374573616,
2000-05,WLS,4,2769,0.06315208000638409,-0.014041032091410562,0.002881836151588301,
2000-06,WLS,4,3057,-0.0800840698456965,0.013059279738672552,0.0016371729425781506,
2000-07,WLS,4,3022,0.07536961689066178,-0.004820250301677314,-0.0023211360710646634,
2000-08,WLS,4,2990,-0.12429560111592229,0.012386916074776095,0.0029165823101386557,
2000-09,WLS,4,2943,-0.010357008594262643,0.00527063928712183,0.0002866119253215211,
2000-10,WLS,4,2903,-0.23207176948512165,0.02379193117282907,0.015081748650253196,
2000-11,WLS,4,2865,-0.12326899622362347,0.031048656149485272,0.006239833294806537,
2000-12,WLS,4,2823,0.1151957750524673,-0.004699086763320166,-0.01101707637048908,
2001-01,WLS,4,2798,-0.2327481835487838,0.029807203363787952,0.01030518571974231,
2001-02,WLS,4,2770,-0.11770621257593734,0.015152071698466107,0.0009945493166774572,
2001-03,WLS,4,2735,0.15470298044434705,-0.008995155745258858,-0.009863811043439004,
2001-04,WLS,4,2699,-0.005352759235310145,0.0039033390931638642,2.8836695908614436e-05,
2001-05,WLS,4,2671,-0.054524248579255634,0.0030484398845637495,0.003522671290196629,
2001-06,WLS,4,2840,-0.06517707822891236,0.006310514655697292,0.007554060208298908,
2001-07,WLS,4,2790,-0.114174193757068,0.007535611629114115,0.005761324731407053,
2001-08,WLS,4,2777,-0.07265760997520235,-0.008870981087871918,0.0011208247154073205,
2001-09,WLS,4,2759,0.03705523745544504,-0.007249849402411037,0.0022478558579326425,
2001-10,WLS,4,2734,0.044153319977766926,0.005771292090172593,0.003427417171081384,
2001-11,WLS,4,2712,-0.00013534323961288477,0.006483048173145509,-0.0012930095667470919,
2001-12,WLS,4,2686,-0.045970005847410705,0.0015546517391333834,0.007399928196705288,
2002-01,WLS,4,2659,-0.0450263755798802,0.0059825435553137254,0.002121098264688469,
2002-02,WLS,4,2640,0.057958543720986,0.0019526185485175282,-0.004675442846699453,
2002-03,WLS,4,2616,-0.1325349940944464,0.010983466604864555,0.008017110225401412,
2002-04,WLS,4,2600,0.025745371738133634,-0.0014304124505840374,-0.00509115247441638,
2002-05,WLS,4,2571,-0.11156704999801309,0.004579328755410125,0.0044168966110377916,
2002-06,WLS,4,2765,-0.07896800800982383,-0.009973058391103745,0.0033126744148497035,
2002-07,WLS,4,2743,-0.055897449143126485,0.006751514622280466,0.006111223021185556,
2002-08,WLS,4,2729,-0.1380201963770231,0.0021243035301299795,0.00547787821133179,
2002-09,WLS,4,2698,0.17654091601836594,-0.01813830498147263,-0.00717012345309823,
2002-10,WLS,4,2675,0.1169579295353741,-0.0003251865006489949,-0.009116986373092242,
2002-11,WLS,4,2655,-0.12429107108029583,0.00819900716135134,0.007064206902093079,
2002-12,WLS,4,2625,-0.04022847250189823,0.0003907999894578737,0.0016869302634992594,
2003-01,WLS,4,2606,-0.019429905011801172,-0.0033240426048895605,0.002216005092895352,
2003-02,WLS,4,2573,0.0015183044980854672,-0.003251194725826671,0.0028436196973361675,
2003-03,WLS,4,2557,0.10975425497561586,-0.0020637559286848495,-0.00618761862846868,
2003-04,WLS,4,2533,0.07203568945855762,0.004868009029649493,-0.004470286872876322,
2003-05,WLS,4,2515,-0.010687651424174867,0.003362811077674774,0.002961398891049004,
2003-06,WLS,4,2748,0.011726882953524632,0.001292176545041029,0.0014615290836168394,
2003-07,WLS,4,2723,0.008628800785702655,0.008548401642780723,-0.0002296422703409356,
2003-08,WLS,4,2704,-0.027097146118832603,-0.002976833361551106,0.0024236601930621555,
2003-09,WLS,4,2690,0.011537042703748165,0.009819855954449092,0.003873060546022818,
2003-10,WLS,4,2671,-0.009758166770065017,0.005364918735872006,0.001833812214208685,
2003-11,WLS,4,2652,0.1067969162103789,-0.0024070107054440537,-0.00986311564698888,
2003-12,WLS,4,2630,-0.015087415384589587,0.003693273867653243,0.002799368223534733,
2004-01,WLS,4,2616,-0.024614110062498834,0.003097935697168134,0.004369905661682314,
2004-02,WLS,4,2601,-0.03255687470222642,0.0032809242708910177,0.0017356785910871476,
2004-03,WLS,4,2583,0.013971506506525597,-0.007350930208074323,-0.00027450231325204847,
2004-04,WLS,4,2570,0.0030699338183062734,0.0001925901271948386,0.0011471725206740099,
2004-05,WLS,4,2549,0.03618771253084808,0.001922979448211287,-0.003499348583998267,
2004-06,WLS,4,2632,-0.07495261703053466,0.006716958235168598,0.000684711191155773,
2004-07,WLS,4,2616,-0.02903876592881974,0.0018847623427153848,0.0020534580504670023,
2004-08,WLS,4,2610,0.03271331460957824,0.002765546544706441,-0.004293762064572163,
2004-09,WLS,4,2595,-0.009330996211132212,0.002289827203303309,0.003218562287725034,
2004-10,WLS,4,2578,0.04856731741545237,0.004719399064642215,-0.003936901776777293,
2004-11,WLS,4,2559,0.028042431541980956,-0.0016360329290867831,0.0021871315293424173,
2004-12,WLS,4,2540,-0.057971481769155446,0.0029782712571560276,0.003574825630932217,
2005-01,WLS,4,2529,0.04194233388890243,0.002986548378922787,-0.004411969161808403,
2005-02,WLS,4,2513,-0.03908664841116113,0.0018070879653923583,0.002779096106943511,
2005-03,WLS,4,2497,0.003633346784475934,-0.006426290879957556,-0.0012746363313648954,
2005-04,WLS,4,2479,0.020705929361712793,0.001132780243925771,0.0023845324512369445,
2005-05,WLS,4,2465,-0.03956335920466849,0.006806574918615869,0.002155724517974736,
2005-06,WLS,4,2521,0.03156704172158883,0.002330359183208175,0.0009448946280875862,
2005-07,WLS,4,2502,-0.004839110414574332,0.002429171047502948,-0.0032309930137746383,
2005-08,WLS,4,2487,0.012853337163297169,0.0017244463329189892,-0.003467035288761987,
2005-09,WLS,4,2466,-0.009294670697100396,-0.005345431822093013,0.0011594769872015627,
2005-10,WLS,4,2451,0.055391411428921594,-0.0018516080308991528,-0.0021112991874754597,
2005-11,WLS,4,2433,-0.00567264511887159,0.0011518680485401768,-0.0009905001348830998,
2005-12,WLS,4,2411,-0.00822457205636255,0.0095658069027841,0.0005306666718864958,
2006-01,WLS,4,2398,-0.005053924978406905,-0.001694739116628028,0.0010524641771090394,
2006-02,WLS,4,2381,0.024139503187088976,0.001661230767298663,-0.0020501831076079466,
2006-03,WLS,4,2370,-0.0013424622948929492,0.0034130722608242104,-0.002101943392385857,
2006-04,WLS,4,2351,-0.03243147813028707,-0.00014252492903309762,-0.000627457651629636,
2006-05,WLS,4,2337,-0.02931161500110114,0.0034254725673610906,0.0022547044283808956,
2006-06,WLS,4,2439,-0.03910137315024551,0.002838127831474888,0.0026365000156964085,
2006-07,WLS,4,2426,0.030546610144347584,-0.003867362716868711,0.0009337571624392433,
2006-08,WLS,4,2414,-0.008741945150818924,0.0014986783858555715,0.004004097601936309,
2006-09,WLS,4,2397,0.013419134484203624,0.00257242530998652,0.001362740917847377,
2006-10,WLS,4,2381,0.03610692555198286,0.0003387419263938908,-0.00361153405339884,
2006-11,WLS,4,2360,0.001979049678670701,0.0018264786252302641,-0.0010032316553371754,
2006-12,WLS,4,2330,0.0024581673024949434,0.0009193190482797708,0.0020024510602226803,
2007-01,WLS,4,2317,-0.006853548364707541,0.00032471325901777546,-0.0020711731927326384,
2007-02,WLS,4,2299,0.018194331410224633,0.0002668603641454342,-0.002194090241157791,
2007-03,WLS,4,2278,0.05707041579307131,-0.0036066969800246495,-0.0008219076962769121,
2007-04,WLS,4,2259,0.03848270402226418,0.002548967145949312,-0.0024269109787028883,
2007-05,WLS,4,2235,-0.012894365643934133,0.0009246269528214124,-0.000642498718160923,
2007-06,WLS,4,2367,0.036949237037237743,-0.007137450960461701,-0.005891157254132365,
2007-07,WLS,4,2342,0.02560242645946723,-0.003961411312763483,-0.00035309730069788415,
2007-08,WLS,4,2324,0.10830997007296805,-0.007536269340685138,-0.0075824859030128484,
2007-09,WLS,4,2300,0.058117326092721855,-0.005054157609042715,-0.002627797211228525,
2007-10,WLS,4,2275,-0.06129323480978295,-0.001437842369609957,0.00360647917158027,
2007-11,WLS,4,2250,0.0004594829623085342,0.002119559301480041,-0.001613031233828962,
2007-12,WLS,4,2240,-0.11385962203053392,0.004718416954267748,0.004208942723065582,
2008-01,WLS,4,2228,-0.010642652910420273,0.0008918551749975364,-0.001385578671498635,
2008-02,WLS,4,2212,0.0031636947107568578,-0.0005712632555300461,0.0003611551600856137,
2008-03,WLS,4,2196,0.01344386446575301,0.004322972085557047,0.00156584096569489,
2008-04,WLS,4,2174,0.008418855146432985,0.0045050007635189775,0.0004623708294894786,
2008-05,WLS,4,2167,-0.09515594541303739,0.0013165335612726897,0.003696050510922327,
2008-06,WLS,4,2323,-0.06118272198737744,0.00018897723601283837,0.007965479943393724,
2008-07,WLS,4,2306,-0.05039369597470945,0.0069794966672366305,0.008001093055955184,
2008-08,WLS,4,2292,-0.22615232842151572,0.007171690726411892,0.016824573672618498,
2008-09,WLS,4,2274,-0.21960976727968395,-0.003921563564489092,0.010507750842174108,
2008-10,WLS,4,2258,-0.07531530632319892,-0.0018265653836938942,0.002379960560814477,
2008-11,WLS,4,2242,-0.01029632332409445,0.0034825242227125744,0.003416500050331251,
2008-12,WLS,4,2228,-0.027784244349363527,-0.00826714750357823,-0.00094000061226049,
2009-01,WLS,4,2215,-0.14695292638009716,-0.0021347957323902445,0.010860281021553217,
2009-02,WLS,4,2198,0.07775947678276642,-0.0008784129632096711,0.001997549768943527,
2009-03,WLS,4,2180,0.10622508579032991,0.010159692891511552,-0.0078253994235896,
2009-04,WLS,4,2167,0.12922111102268194,-0.007978445536180125,-0.010382195493409846,
2009-05,WLS,4,2153,-0.03988253082079211,-0.000602508776130233,0.008455936859522083,
2009-06,WLS,4,2286,0.08046837372356848,0.006179205430088767,-0.0036451790552747792,
2009-07,WLS,4,2276,0.003721502205638048,0.0054054435733266884,0.000486993743247307,
2009-08,WLS,4,2267,0.05391593606575917,0.0046023865636135725,-0.0038072719918144375,
2009-09,WLS,4,2252,-0.028565951676199783,-0.006013633659322471,0.004543927190096769,
2009-10,WLS,4,2232,0.10826087665733995,-0.00702187120173541,-0.004622711933035893,
2009-11,WLS,4,2221,0.0009562085895887131,0.00876267036100266,0.0002510125278030456,
2009-12,WLS,4,2209,-0.04828646444676787,-0.00011949603234389455,0.0011121164019958466,
2010-01,WLS,4,2190,0.011634265523393004,0.00540414423858491,0.0016026137699390775,
2010-02,WLS,4,2178,0.07380627669563121,0.0021163235600413512,-0.003298192117610379,
2010-03,WLS,4,2164,0.009794345000921908,0.006205918704339756,-0.0010900715175031583,
2010-04,WLS,4,2157,-0.08803117597080543,-0.0007579076448777288,0.0021718601651960013,
2010-05,WLS,4,2151,-0.005288888787309783,-0.010482751792857781,-0.003177166030573046,
2010-06,WLS,4,2273,0.0902700677154787,-0.0003834408158636682,-0.0032805311180996556,
2010-07,WLS,4,2257,-0.04432840333661788,-0.00047604466162815917,0.0005414513123741043,
2010-08,WLS,4,2246,0.10571564342251213,-0.00038624533976213153,2.502336682326318e-06,
2010-09,WLS,4,2230,0.07288241792994378,-0.0021674413650264166,-0.003679459421236098,
2010-10,WLS,4,2212,0.024508444796311438,0.000342092745987659,-0.002400738432234882,
2010-11,WLS,4,2188,0.0844388855342129,0.002069941465093299,-0.005518166833670723,
2010-12,WLS,4,2171,0.0691239765625339,-0.002961916501811197,-0.00685247497004374,
2011-01,WLS,4,2159,0.03451366197333303,0.003935065699041106,-0.0026106108441302767,
2011-02,WLS,4,2148,0.00935672008430428,0.0018378058729389022,-0.0010282541554223201,
2011-03,WLS,4,2134,0.012447434173901166,-7.839339294606968e-06,0.00413666067362516,
2011-04,WLS,4,2120,-0.04721603082730631,0.0014999878760332285,0.005613714463992047,
2011-05,WLS,4,2094,-0.02071486523884774,-0.0007606839942363969,0.0018471242867116697,
2011-06,WLS,4,2152,0.006510638368104806,-0.006439361899782326,0.00015050435479732258,
2011-07,WLS,4,2142,-0.07586945362086468,-0.002846883812904569,0.005488877097194755,
2011-08,WLS,4,2134,-0.14255189397742296,0.0012197523243889729,0.0118926870445498,
2011-09,WLS,4,2121,0.15498304754714404,0.0013266869592731536,-0.00844027446621948,
2011-10,WLS,4,2108,-0.0034348833727144003,0.0021388529796173743,-0.00016082796302953657,
2011-11,WLS,4,2094,-0.03426230086238867,0.004920571854193913,0.0030986821902710573,
2011-12,WLS,4,2082,0.09050584025264362,-0.005902593562457664,-0.002656418135958054,
2012-01,WLS,4,2072,0.06510083955173593,-0.0032150392747724455,-0.002081520368309435,
2012-02,WLS,4,2065,0.006308969334446121,-0.003387489119120249,0.006149468300001643,
2012-03,WLS,4,2053,-0.006466826481901122,-0.00015458356816488062,0.0004293434569908167,
2012-04,WLS,4,2045,-0.1411651552655216,0.006280464504881307,0.009688292866465505,
2012-05,WLS,4,2035,0.03466737961555488,0.002567675545684925,-0.0014577121172168494,
2012-06,WLS,4,2090,0.006020678846533584,0.001296396059727449,-0.00027826027791598196,
2012-07,WLS,4,2076,0.02532865775953465,-0.00025290597992752475,0.00031288440616419064,
2012-08,WLS,4,2067,0.027595740560601927,0.0012616263144550706,-0.0019572507958470643,
2012-09,WLS,4,2052,-0.035680741621869565,0.0037000372888312755,-0.00036798432316625826,
2012-10,WLS,4,2039,0.024458207518141983,-0.0019468698627359059,-0.0009478333951045764,
2012-11,WLS,4,2022,0.0038544059648058585,0.004061716330958138,-0.0022160552660344538,
2012-12,WLS,4,2015,0.028595519106879727,0.005722713385871192,0.00036700982310918954,
2013-01,WLS,4,2006,0.0095572523191954,0.0008743780254767035,-0.0004359316324077254,
2013-02,WLS,4,1998,0.030314401395673415,0.0016391224727370247,0.00041335965139059676,
2013-03,WLS,4,1989,-0.008134287185249325,0.001031659973882069,0.003057189638336961,
2013-04,WLS,4,1978,0.011703663660264919,0.001940687726825506,0.0007253445446644851,
2013-05,WLS,4,1965,-0.018513657609398937,0.0015040734021963573,-0.0004704774944560066,
2013-06,WLS,4,2057,0.06904770849113383,-0.0017898535068017168,-0.0012551972887561273,
2013-07,WLS,4,2043,-0.00011776715370307742,-0.0030039387917255534,-0.0020878348130420063,
2013-08,WLS,4,2034,0.051403748743976435,-0.0006358830231275927,-0.0016890205880996522,
2013-09,WLS,4,2018,0.026478001523027952,0.0034675678341927873,0.0007268966735600742,
2013-10,WLS,4,2001,0.020237788196921448,-0.001036854485853807,0.0023078392331356045,
2013-11,WLS,4,1993,0.047558912455605194,0.0001472776443559706,-0.004021326526330518,
2013-12,WLS,4,1981,-0.009230921995161526,-0.0022920379066295074,-0.003400984109811532,
2014-01,WLS,4,1962,0.04544125172143117,-0.0003462224053762791,0.0011728061909497835,
2014-02,WLS,4,1956,-0.031809907890042934,0.006627069847324293,0.0017400550112879223,
2014-03,WLS,4,1949,0.018055898970904292,4.02857334061512e-05,-0.002293994159559666,
2014-04,WLS,4,1940,0.03149700858652354,-0.00016011539351604094,-0.001584651423136182,
2014-05,WLS,4,1934,0.01144297819263444,0.0028467595272082366,-6.430533110558383e-05,
2014-06,WLS,4,1990,-0.03677290939708288,0.0013141077164002893,0.002705231311238805,
2014-07,WLS,4,1984,0.0639072356477292,-0.004687192714771195,-0.00037141102825245673,
2014-08,WLS,4,1977,-0.026626618766505728,-0.0032370544129549494,0.003470102923148504,
2014-09,WLS,4,1965,0.03986905773344328,-0.005225977542336493,0.0007978775306540637,
2014-10,WLS,4,1958,-0.004973012009320434,-0.0008433242071369207,0.007124985344202317,
2014-11,WLS,4,1949,-0.034415648920962556,0.0031959221524191428,0.0026856959366304547,
2014-12,WLS,4,1933,0.002096976574111691,-0.006359343937019225,0.0003794273508418417,
2015-01,WLS,4,1921,0.10180427502563001,-0.002961806068119039,-0.004349355965116783,
2015-02,WLS,4,1911,-0.019964466146819834,-0.0007858720236522421,0.0011528215151459568,
2015-03,WLS,4,1905,0.016893899745805244,0.002024554494269014,-0.0030224608423593436,
2015-04,WLS,4,1899,0.02388866110308613,-0.0031733050311151968,0.000320031871005718,
2015-05,WLS,4,1888,-0.012413321045938262,-0.0028383235612060936,0.00068535909478402,
2015-06,WLS,4,1942,0.05567944981326211,-0.011644619882047647,-8.050614700598656e-05,
2015-07,WLS,4,1932,-0.08195659747816696,0.003121460905960163,0.0019215658014131104,
2015-08,WLS,4,1923,-0.03367428006134289,-0.0021694596420485024,0.002483296957089805,
2015-09,WLS,4,1905,0.1272798034578284,-0.0029721651190081255,-0.005771088131265607,
2015-10,WLS,4,1901,0.011709061772338776,-0.0009154246234108883,-0.0006529127852877908,
2015-11,WLS,4,1888,-0.02081480653981395,-0.004519544447991692,0.0026913856639121194,
2015-12,WLS,4,1868,-0.12403825278967726,0.007431099363608605,0.007219572323683211,
2016-01,WLS,4,1854,0.00805913942211536,0.0015243085263695777,-0.0011984824369702623,
2016-02,WLS,4,1844,0.06953181493265484,0.0017504894407080274,-0.001089739554603256,
2016-03,WLS,4,1829,0.01715772128621617,0.003411044044717088,-0.004656369165525902,
2016-04,WLS,4,1813,0.007241790364373988,-0.0012746161515519241,0.002607970187421524,
2016-05,WLS,4,1804,-0.013164853761673648,0.003816464382190719,0.001181887190268852,
2016-06,WLS,4,1883,0.016408074758431226,8.038629193257902e-05,0.004699473991450435,
2016-07,WLS,4,1868,-0.003939763391467315,0.0010375496355878502,-0.00051512381444633,
2016-08,WLS,4,1854,0.0039602095649361735,0.0017327148069545709,-0.0008562460749484389,
2016-09,WLS,4,1848,-0.010244463698747272,-0.002255814836408262,-0.001537214757457091,
2016-10,WLS,4,1833,0.033251649274511685,0.007444865484479279,-0.004132429862005106,
2016-11,WLS,4,1825,0.002861635181254412,0.001637049615331299,0.0006566765123551251,
2016-12,WLS,4,1815,0.06618624751432095,-0.005879740221282715,-0.00364397235414541,
2017-01,WLS,4,1804,0.03162291884942515,-0.004325012657070601,0.003013071854104533,
2017-02,WLS,4,1791,0.0010367664383604197,-0.0013219437286062332,0.002150611004694929,
2017-03,WLS,4,1778,0.016210350038171426,-0.0027549011005908565,0.0014535422465442674,
2017-04,WLS,4,1767,0.03442938356915611,-0.005928313229864091,0.00048338741116630846,
2017-05,WLS,4,1755,0.026639715296864774,-0.0032335163825028797,-0.0029755572371313026,
2017-06,WLS,4,1864,0.031168460779737686,-0.0015727686271571652,-0.0010526489296923934,
2017-07,WLS,4,1853,0.03543801107025214,-0.005733876383768398,-0.0018237538288073624,
2017-08,WLS,4,1836,0.01983997529130637,0.004080124677635764,-0.00206370484170434,
2017-09,WLS,4,1828,0.03543382615445372,-0.0063169132343519506,0.0020926650832423194,
2017-10,WLS,4,1815,-0.012553246585533546,0.0036812882257495935,0.005650593987005983,
2017-11,WLS,4,1803,0.017673286691661797,0.001965307100834457,-0.0019987727702218804,
2017-12,WLS,4,1798,0.09328716459952006,-0.008762172601217397,-0.00012094849314656207,
2018-01,WLS,4,1787,-0.0016680551961115273,-0.007442138228676459,-0.001130143265883126,
2018-02,WLS,4,1779,-0.06335534539264064,0.00592712456061674,0.003443366780697504,
2018-03,WLS,4,1772,0.011560879727009718,-0.0007741416327698511,-0.0009189040509495465,
2018-04,WLS,4,1770,0.058262776220487096,-0.0033623635919879675,-0.0021660247627884395,
2018-05,WLS,4,1759,-0.01957552482477229,0.00028715423673561177,0.004269898228846388,
2018-06,WLS,4,1825,0.031674993821050344,-0.0008445753558959643,-2.5994481733871976e-05,
2018-07,WLS,4,1816,0.02619708567776454,-0.005024801679799841,0.005926444961970409,
2018-08,WLS,4,1816,0.03214486981765375,-0.0021001304259973277,-0.0031227562546543015,
2018-09,WLS,4,1805,-0.10894627634399807,0.0067765419691090895,0.00018884515471250373,
2018-10,WLS,4,1791,0.00256248648336743,-0.001871729705647182,0.002448386158817488,
2018-11,WLS,4,1778,-0.08550045039777035,-0.004808075562671497,0.0013132440445835824,
2018-12,WLS,4,1770,0.0825379930153637,0.0008236143888380708,-0.000493084688651889,
2019-01,WLS,4,1761,0.06552961595860207,-0.0036434979903566564,-0.0029739885453823303,
2019-02,WLS,4,1748,0.048868287082011234,-0.006037329690442065,-0.0014365555590092347,
2019-03,WLS,4,1739,0.058399171278069185,-0.004863720755646042,-0.0006769669596262532,
2019-04,WLS,4,1734,-0.053945154016801805,-0.0030960072527858305,-0.0019352838814527748,
2019-05,WLS,4,1728,0.08303155414968291,0.0005319264011289347,-0.0010475244671331284,
2019-06,WLS,4,1820,0.008135594561022176,-0.001172452695424286,0.00048291823649867046,
2019-07,WLS,4,1810,-0.009986872898095776,-0.005611000693203146,0.0004940887895082965,
2019-08,WLS,4,1801,-0.02546839196753705,0.00815159679808643,0.0021569245132933546,
2019-09,WLS,4,1790,0.0183559313809692,-0.0016936723386589058,0.0017498376810327946,
2019-10,WLS,4,1779,0.08343778513810057,-0.00652795479283943,-0.003877129279244395,
2019-11,WLS,4,1763,0.018659482388540857,0.0010171531318282213,0.0014890508231051945,
2019-12,WLS,4,1761,0.07613627659488055,-0.016818037036966247,-0.004182744922916231,
2020-01,WLS,4,1758,-0.09386567257565716,-0.0025960744582210933,0.0042628261950353125,
2020-02,WLS,4,1752,-0.09670991250160277,-0.02053706829087862,0.007824119217171951,
2020-03,WLS,4,1744,0.11480489344794265,0.0028996803348891077,0.003608254539150324,
2020-04,WLS,4,1735,0.05587297125319713,-0.0011279885223782686,0.0006057115484165844,
2020-05,WLS,4,1724,0.09362577383742413,-0.0141669764771003,-0.0030461930265527474,
2020-06,WLS,4,1786,0.12152729893977797,-0.011831971164995065,-0.0035042459019197017,
2020-07,WLS,4,1779,0.2039330676595858,-0.02126805930552411,-0.00895715509913181,
2020-08,WLS,4,1773,-0.050301686350734585,0.0033485227255721436,6.429360077787473e-05,
2020-09,WLS,4,1763,-0.04234663221721937,0.00399750306086213,0.00015574346394163656,
2020-10,WLS,4,1760,0.18004603042201292,0.0035121103590669417,-0.011310716938876572,
2020-11,WLS,4,1750,0.12712123082841814,-0.00919586056592467,-0.008198712706135973,
2020-12,WLS,4,1741,-0.006912749335629298,0.0035150000291454576,-0.0004903499607922968,
2021-01,WLS,4,1735,-0.02220246076230427,0.01645628379917545,-0.001131815599397548,
2021-02,WLS,4,1732,-0.04335690636634512,0.01074416151764911,0.006438515527663797,
2021-03,WLS,4,1720,0.06168558364807493,-0.006518402233585771,0.0005716068524616387,
2021-04,WLS,4,1714,-0.05159252744288897,0.011320810058182916,0.002720141909675053,
2021-05,WLS,4,1707,0.06045628019853536,-0.010983329391079318,0.0015640706718794291,
2021-06,WLS,4,1783,0.04514409895281537,-0.008426299581390047,-0.0003453240296865312,
2021-07,WLS,4,1776,0.035166585606354446,-0.00587488860802064,0.0018816378629239665,
2021-08,WLS,4,1768,-0.013487890732604575,0.0024499237230286783,-0.006372787772089682,
2021-09,WLS,4,1757,0.14600368479964324,-0.013915113494105227,-0.005416478753514276,
2021-10,WLS,4,1750,-0.056593326705860175,-0.002742097776360536,0.009986667384861418,
2021-11,WLS,4,1741,-0.025296982127540526,0.010810054139183801,0.0037095956570148323,
2021-12,WLS,4,1737,-0.11085858010750825,0.015444678391334177,-2.6417320312818422e-05,
2022-01,WLS,4,1732,-0.015662715971927504,0.005224207337012884,-0.0041997294774882565,
2022-02,WLS,4,1722,0.10113514420445059,-0.006256769176954222,-0.00620079606787154,
2022-03,WLS,4,1717,-0.17659039019740683,0.01591015965699172,0.005072326368586813,
2022-04,WLS,4,1707,-0.04294097831306568,0.013896365082849029,-0.0009158605942184877,
2022-05,WLS,4,1703,-0.09799315867281826,-0.002656015349135226,0.002895346891646233,
2022-06,WLS,4,1799,0.15749191708492558,-0.014196002013885805,-0.0014562431147119679,
2022-07,WLS,4,1793,-0.033250701787245034,0.0034225979534107036,-0.002869451807586401,
2022-08,WLS,4,1786,-0.09167648468573283,-0.0005712614708066385,-0.00022001695082002568,
2022-09,WLS,4,1776,0.03810136471500796,0.016428684959681177,-0.0018048109398299767,
2022-10,WLS,4,1771,0.02662134645828411,0.0013203030803125163,0.002326702577053557,
2022-11,WLS,4,1762,-0.09629586963916839,0.006782052612508675,0.0011375734840562697,
2022-12,WLS,4,1758,0.07165987105422915,-0.0038989458685116797,0.001655527341446978,
2023-01,WLS,4,1748,0.012018735469236123,-0.008177250838367093,-0.0008372365696595256,
2023-02,WLS,4,1736,0.0031997668588555177,-0.007846196673603135,0.010348360553029573,
2023-03,WLS,4,1729,-0.06529876329731292,0.004106870508915765,0.008141031533891317,
2023-04,WLS,4,1721,0.07262061746980158,-0.021520171974306813,0.0005322317457787564,
2023-05,WLS,4,1714,0.1120826329457321,-0.004417808829364093,-0.003976766350444742,
2023-06,WLS,4,1854,-0.013285150440927242,0.005737507530290342,0.0036463679249983914,
2023-07,WLS,4,1844,-0.030539204731309354,-0.003154371582113863,0.0033836075490884447,
2023-08,WLS,4,1832,-0.08737978931566212,0.006013303844755452,0.0029168092473934462,
2023-09,WLS,4,1822,-0.09113517526783148,-0.0012236237619857163,0.00904528502965157,
2023-10,WLS,4,1810,0.10337559953087087,-0.004264255448634679,-0.0005989190450896506,
2023-11,WLS,4,1800,0.05494026898402509,0.0039942524811525095,-0.0021194271491937443,
2023-12,WLS,4,1793,-0.034412330800244126,-0.0009125380572679526,0.00822948540408846,
2024-01,WLS,4,1786,0.0006139418002286818,-0.000422178417141732,0.010178020613743715,
2024-02,WLS,4,1781,0.03024345069089975,0.003327111170422128,-0.0013132887942064648,
2024-03,WLS,4,1772,-0.007406468168539597,-0.006839409289851701,-0.004226542572823788,
2024-04,WLS,4,1759,0.015615026447455922,-0.004256974424171943,0.005674696560775125,
2024-05,WLS,4,1752,0.0013642799662116028,-0.010471138254991496,0.008988237906816524,
2024-06,WLS,4,1969,0.06643040973102411,0.003868530923006882,-0.011769969499050702,
2024-07,WLS,4,1955,8.332743793843935e-06,-0.00332366007596467,0.002585939129470829,
2024-08,WLS,4,1948,0.07282257363805723,-0.00669465210305618,-0.004579113325404953,
2024-09,WLS,4,1935,-0.07368691255224831,0.0035258110488063546,0.007194717364660955,
2024-10,WLS,4,1922,0.10244001286411682,-0.0040573786723041225,-0.004274818479516232,
2024-11,WLS,4,1911,0.028841150535819624,-0.01599467133189775,-0.002264234970107136,
1973-06,WLS,5,1444,0.07788925382665525,-0.003995751442126247,,-0.002255993497685122
1973-07,WLS,5,1442,-0.0776361754926168,0.005313290699383511,,0.0027621993590437924
1973-08,WLS,5,1442,0.018513317477396502,0.015339049775013441,,-0.0030841834769150043
1973-09,WLS,5,1443,-0.17569080353367444,0.01473215407904485,,0.016024148800705438
1973-10,WLS,5,1441,-0.38406395547523126,0.02118401752243218,,0.024414761966305026
1973-11,WLS,5,1443,-0.17773658934898923,0.02665727474512189,,0.01251154134003942
1973-12,WLS,5,1442,0.2609974118593336,-0.01800733544515905,,-0.026862474887531882
1974-01,WLS,5,1439,-0.047051954992878606,0.00802271097182508,,0.0022133607160310306
1974-02,WLS,5,1439,0.061395912826692794,-0.009242217706618734,,-0.007041378845269046
1974-03,WLS,5,1439,0.02201060397085061,-0.005937875984219009,,-0.005441240554863311
1974-04,WLS,5,1438,0.07833008571880914,-0.015350925155876908,,-0.007823276306917792
1974-05,WLS,5,1436,-0.09184239503638686,0.007689299653866292,,0.00665626722896085
1974-06,WLS,5,1559,-0.19756881097765946,0.020494771267416455,,0.006213480736656254
1974-07,WLS,5,1559,-0.24565045875779143,0.019186157967173524,,0.012670270389819225
1974-08,WLS,5,1554,-0.2944658148994464,0.02697275875850732,,0.011122742233112735
1974-09,WLS,5,1555,-0.1976805182267448,0.012743853032192954,,0.038782490820262035
1974-10,WLS,5,1551,-0.08827600488108951,0.0037352510482980246,,0.003217810468918242
1974-11,WLS,5,1550,-0.06203404677642845,0.0055767506204695075,,0.0015570665750418967
1974-12,WLS,5,1553,0.5755967433393067,-0.02148725315893531,,-0.046693252624541506
1975-01,WLS,5,1551,0.029403800551762657,-0.00876708867290823,,0.007469093020231789
1975-02,WLS,5,1548,0.34915217651819197,-0.023002257245020273,,-0.030343696309029142
1975-03,WLS,5,1547,0.21669353514622536,-0.015340253182378446,,-0.015280526420675613
1975-04,WLS,5,1546,-0.07871768964734942,0.009379165687849704,,0.012001633463310254
1975-05,WLS,5,1543,0.16747010032877024,-0.006367099737675807,,-0.012944129973054785
1975-06,WLS,5,1955,-0.07384765385754694,0.007973938531372316,,-0.001747833997944617
1975-07,WLS,5,1954,0.03537686566009538,-0.0058161931959707465,,-0.005166053339827474
1975-08,WLS,5,1954,0.021713702777177456,-0.004134586469335849,,-0.006303285617264976
1975-09,WLS,5,1954,0.1785024546695621,-0.01579288443688448,,-0.00933494825953347
1975-10,WLS,5,1954,0.04393798844570689,-0.0011010588711236015,,-0.0017433632824194148
1975-11,WLS,5,1949,-0.05250329155180998,0.007360338935210446,,0.001572774838917068
1975-12,WLS,5,1897,0.25810062770748793,0.0008852602219323377,,-0.01533976769291587
1976-01,WLS,5,1896,-0.0009380338218815744,0.013323871858016624,,-0.0036029527496545294
1976-02,WLS,5,1911,0.039880869296800514,-0.00310223572395798,,-0.0008733280104495641
1976-03,WLS,5,1903,-0.07019265102702454,0.008110282424407837,,0.0038532285751541524
1976-04,WLS,5,1917,-0.0463290225415038,0.002759847462904557,,0.0027977157214113873
1976-05,WLS,5,1911,0.0003452637450884431,0.005616660747226898,,0.0029608933496731624
1976-06,WLS,5,2363,-0.013596614963610145,0.002071025072689901,,-0.0010591821875754334
1976-07,WLS,5,2168,-0.12725980714170063,0.008862422727670561,,0.011465710751087366
1976-08,WLS,5,2162,0.08866461254521235,-0.0038037812207812006,,-0.006783461059511466
1976-09,WLS,5,2328,-0.10849854372369588,0.006459546831783598,,0.00754302088625363
1976-10,WLS,5,2325,-0.03595574477373222,0.00833639063901981,,0.0013108394914929868
1976-11,WLS,5,2332,0.15844786950417303,-0.003638347432519786,,-0.011976429531470524
1976-12,WLS,5,2296,0.012670803534241283,0.005749406523035311,,-0.009354468088329064
1977-01,WLS,5,2285,-0.07396458243864415,0.004835777416000918,,0.005248372623950096
1977-02,WLS,5,2300,-0.03376775027740535,0.0035091263788872675,,0.0007854549263835652
1977-03,WLS,5,2294,0.056716116790666626,0.0016701558172153468,,-0.008102602340143535
1977-04,WLS,5,2278,-0.029981730753656077,0.0033706487820446443,,0.00014984183557999046
1977-05,WLS,5,2273,0.09848195177029134,-0.006965124831874984,,-0.004074802613170477
1977-06,WLS,5,2409,0.03943398939588302,-0.006168426437542457,,-0.0053137375279656745
1977-07,WLS,5,2396,-0.018042398480987376,-0.006768407918894602,,0.0029873453145337903
1977-08,WLS,5,2384,-0.007878010657831962,0.0020068815310291155,,-0.0005083646323212013
1977-09,WLS,5,2366,0.029502237273811016,-0.004712159084669891,,-0.007246716540878762
1977-10,WLS,5,2360,0.06071408217604253,3.3741671442325995e-05,,-0.0029000042934561403
1977-11,WLS,5,2352,0.007846705492937547,0.0006144803396218465,,-0.0007373418127698822
1977-12,WLS,5,2330,-0.05804120108218836,0.002599709885813106,,-0.001502212116071221
1978-01,WLS,5,2318,-0.0364071671814134,0.006214649067897801,,3.136233260268478e-05
1978-02,WLS,5,2309,0.09464661576799006,-0.0004633884041519602,,-0.00848858642678632
1978-03,WLS,5,2297,0.14233504411483064,-0.010427312510109362,,-0.0025118262426928935
1978-04,WLS,5,2280,0.10429176001159216,-0.0051521911013572225,,-0.008846872887042972
1978-05,WLS,5,2259,-0.03024012655160331,-0.00018748212500390753,,0.0010625148042577102
1978-06,WLS,5,2353,0.1696378149200602,-0.011501505518359777,,-0.009465782646539337
1978-07,WLS,5,2332,0.05161455764829067,-1.2812495173509747e-06,,-0.00199475683267518
1978-08,WLS,5,2322,-0.09477768676351145,0.01124462057964872,,0.005077047294161907
1978-09,WLS,5,2324,-0.2367102413184751,0.005467045544778498,,0.013250946014776716
1978-10,WLS,5,2312,0.021017305406829088,0.0017472453693130013,,8.299847033697173e-05
1978-11,WLS,5,2303,0.041684072738901665,-0.0063723776434012344,,-0.0007222585036570879
1978-12,WLS,5,2283,0.06412955386615819,0.0024639301897609756,,-0.0046415326376845105
1979-01,WLS,5,2257,-0.13650618411456172,0.009260526120274006,,0.008725985726725328
1979-02,WLS,5,2256,0.11469043783079085,-0.0021594396828936964,,-0.00669942806140061
1979-03,WLS,5,2249,0.07881393605192064,-0.004731109156966927,,-0.008116292416835313
1979-04,WLS,5,2242,-0.07641881228486178,0.0032919994208285386,,0.004859141603381314
1979-05,WLS,5,2230,0.042391545150110184,0.002064386137169056,,-0.0023949472856152096
1979-06,WLS,5,2302,0.02490481626416565,0.0018528511610699267,,-0.0036285123352088338
1979-07,WLS,5,2286,0.03073168002177369,0.003723683570450293,,0.0028373133328790773
1979-08,WLS,5,2271,0.009770818400225286,0.001479741464484689,,-0.0031712172498090676
1979-09,WLS,5,2269,-0.08158272015073394,-0.0018932466204845376,,0.0012122564884300205
1979-10,WLS,5,2261,-0.17284185000138338,0.01731863580745523,,0.022015665169327948
1979-11,WLS,5,2248,-0.06996363089638678,0.009974420528432818,,0.008006692207598993
1979-12,WLS,5,2221,-0.0016515461982408051,0.012837725290341898,,0.002263445506750464
1980-01,WLS,5,2197,0.0017169487390016477,0.00464394061874826,,-0.004396629985234128
1980-02,WLS,5,2189,0.02438423513793495,-0.020834185625284763,,-0.01074194772333909
1980-03,WLS,5,2177,-0.0881786653142716,0.010846434187798402,,0.010061442863911885
1980-04,WLS,5,2169,0.04081180240419245,0.0012412276878507535,,0.0007332602009886904
1980-05,WLS,5,2166,-0.10736959492990704,0.011014944473099947,,0.01287071087134452
1980-06,WLS,5,2255,0.14199264224189573,-0.0069320302933633,,-0.0048142985416235054
1980-07,WLS,5,2250,-0.04274632959590196,0.003931654649130496,,0.00655436330116314
1980-08,WLS,5,2233,-0.12239830219151743,0.010187399000522405,,0.01601722782969599
1980-09,WLS,5,2227,-0.12252258205786053,0.0119040245783757,,0.012855154748647585
1980-10,WLS,5,2219,0.01299368482194977,0.0049298944430613756,,0.011510409643182644
1980-11,WLS,5,2211,0.08715940891715762,-0.014945367131874939,,-0.011719072995599317
1980-12,WLS,5,2206,0.007605387113398547,-0.00015973760282969932,,-0.00959408463611928
1981-01,WLS,5,2170,0.05838592256225141,-0.0032282435974150233,,-0.0044157380510841445
1981-02,WLS,5,2163,-0.12002036946671504,0.016282162912695363,,0.013293486786149455
1981-03,WLS,5,2154,0.06257818452004842,-0.006207930118682808,,-0.009939372887653446
1981-04,WLS,5,2149,-0.007993359075626321,-0.0010078208776052888,,0.0005860245734552488
1981-05,WLS,5,2139,-0.009643748134295872,0.0025341014207974754,,-0.0039286805839103675
1981-06,WLS,5,2275,-0.023570809662362222,-0.0027261203556010268,,0.0032403046294803084
1981-07,WLS,5,2265,0.0949812157900471,-0.014353305886838115,,-0.017170796292606986
1981-08,WLS,5,2246,0.14589594613015908,-0.017957090079134416,,-0.02260554744861626
1981-09,WLS,5,2236,-0.15572038294702337,0.010393587443452116,,0.024641633485955525
1981-10,WLS,5,2241,-0.027260312708855202,0.0058944907569555855,,0.00533939682004436
1981-11,WLS,5,2231,0.11160434130585066,-0.010948553981535917,,-0.015222332932704877
1981-12,WLS,5,2222,0.22836320683065822,-0.02322109244365767,,-0.02522986407269143
1982-01,WLS,5,2199,0.12963747182719423,-0.01004377430884653,,-0.023187393952609055
1982-02,WLS,5,2182,0.0376138419957392,-0.0006068210646563698,,-0.008413655155319211
1982-03,WLS,5,2169,-0.04103421803067955,0.004964152487446395,,0.009311375167595153
1982-04,WLS,5,2163,0.1508426748191191,-0.014755579573159892,,-0.01954158915984744
1982-05,WLS,5,2145,0.044157785199770115,-0.0035707425671990013,,-0.008598596772141727
1982-06,WLS,5,2328,0.19134134128036434,-0.021594109421090524,,-0.02001243095662451
1982-07,WLS,5,2318,0.026156460306053703,0.00961458797097679,,0.007155084035801859
1982-08,WLS,5,2305,0.08056988197853987,-0.007092056836438342,,-0.006351845996901496
1982-09,WLS,5,2292,-0.016605339763187437,0.010573104964263898,,0.013427642211278814
1982-10,WLS,5,2282,0.14477806883922203,-0.009736649664916197,,-0.008147765676254795
1982-11,WLS,5,2277,0.04588528508377532,-0.001933362261784582,,-0.004445145251083251
1982-12,WLS,5,2249,-0.055229003045134895,0.008532602423954127,,0.007703291206017619
1983-01,WLS,5,2235,0.09531763434713758,-0.004561794669288032,,-0.007388431654614181
1983-02,WLS,5,2227,0.047729832398099824,0.0007876820572074926,,-0.00391360598471242
1983-03,WLS,5,2217,0.01848454499254533,0.006599445239381086,,0.0020749831913489665
1983-04,WLS,5,2208,-0.19026620527302138,0.016718407713278607,,0.018739323395945508
1983-05,WLS,5,2199,0.08632181070917187,-0.004577633370634822,,-0.003320090252175936
1983-06,WLS,5,2372,-0.01682616246565028,0.000615582967342679,,-0.005027312815695729
1983-07,WLS,5,2359,0.0014523957698976844,0.004371832422132141,,-0.0049568131961748195
1983-08,WLS,5,2351,0.09799080292315505,-0.010362627508880265,,-0.0066288457679224205
1983-09,WLS,5,2340,0.05847084138162625,-0.005211640220726201,,-0.01148021588701121
1983-10,WLS,5,2334,-0.12221916353478277,0.01277415446545512,,0.014581239254571252
1983-11,WLS,5,2325,0.05075167296384939,-0.0039393317313020405,,-0.007419098649248067
1983-12,WLS,5,2303,-0.025378602450497497,0.008107842477636483,,-0.007106806575439618
1984-01,WLS,5,2280,0.026250305337213148,-0.0030074831735360493,,-0.010490142530015427
1984-02,WLS,5,2272,-0.03221508292284736,0.00394801957871016,,0.004173915276034428
1984-03,WLS,5,2255,0.0832766045412025,-0.006457215027664973,,-0.009236023741038872
1984-04,WLS,5,2246,0.05166918308620235,-0.010479045862936515,,-0.010571556004241008
1984-05,WLS,5,2225,0.04526446916331711,-0.006178485342676429,,0.00044298771710834974
1984-06,WLS,5,2495,0.10383498186795004,-0.01271013837207668,,-0.013171666701687774
1984-07,WLS,5,2480,0.04950292346889338,0.004521904119727614,,0.006840402363844064
1984-08,WLS,5,2457,0.02870089974409492,-0.0006660998764491371,,-0.00932731170582491
1984-09,WLS,5,2438,0.08111476863074175,-0.0086344095796643,,-0.009423392030636465
1984-10,WLS,5,2416,-0.0016536299678678896,-0.0003731972551917132,,-0.004026625101936879
1984-11,WLS,5,2401,0.029922271237142715,-0.0024693757134152,,-0.0009207722373901662
1984-12,WLS,5,2379,0.04757466358095987,-0.0004233716870038117,,0.00801548605895061
1985-01,WLS,5,2358,0.052334273592524315,-0.0023901071685107074,,-0.005803610904637236
1985-02,WLS,5,2348,-0.0074983357723735905,0.0003352906321519856,,-0.002544019536562524
1985-03,WLS,5,2336,0.00507238359606881,0.0001947632489824514,,-0.004960530536862839
1985-04,WLS,5,2319,0.05976226267479532,-0.0021570478413790012,,0.0006308915304235962
1985-05,WLS,5,2293,0.006344315475677073,0.00017323508835881212,,8.470567591370743e-06
1985-06,WLS,5,2524,-0.018595956415195798,0.0029443369189949753,,0.001736546852308973
1985-07,WLS,5,2503,0.01289790032770581,-0.0008345896994820728,,-0.004211149848879055
1985-08,WLS,5,2492,0.05724311150786813,-0.00617900998568103,,-0.012296238694729044
1985-09,WLS,5,2472,0.0816766378760668,-0.0035227532275016547,,-0.0058660296016148205
1985-10,WLS,5,2449,0.09862772088695627,-0.006721351057344298,,0.00045303514333783966
1985-11,WLS,5,2432,0.08802659873233357,-0.00805230722041765,,-0.0019899591776509976
1985-12,WLS,5,2415,-0.01172404320729806,0.0003580091091134932,,0.0018543054862879824
1986-01,WLS,5,2400,0.08609235854283143,-0.000779730162905866,,-0.0016036364485350744
1986-02,WLS,5,2381,0.08419945710529295,-0.005061729527868151,,-0.002226081399605532
1986-03,WLS,5,2362,0.04480979719310631,-0.007847175012959671,,-0.0026127666639109426
1986-04,WLS,5,2343,0.07676379533769266,-0.0017008707816625432,,-0.0034875625734405403
1986-05,WLS,5,2320,0.06448445998339887,-0.0068591714338529135,,-0.005242171933426554
1986-06,WLS,5,2587,-0.0172937410454554,-0.0037597156566014692,,-0.00788769470409896
1986-07,WLS,5,2577,0.029680289614932503,0.00867913233504354,,-0.0019085920829016378
1986-08,WLS,5,2561,-0.11885555323434593,0.010432157088086237,,-0.0011665935003360075
1986-09,WLS,5,2533,-0.01719354945767061,0.0053181545245388736,,0.008290316582320338
1986-10,WLS,5,2502,0.04695751570501334,-0.0026827695167668413,,-0.00257302788261077
1986-11,WLS,5,2453,-0.012309081564521627,-0.0018405875299200886,,-0.0019227279424673246
1986-12,WLS,5,2427,0.07798835996457566,0.005152486360677062,,0.006470640774630013
1987-01,WLS,5,2417,0.062168562733232735,-0.005224842306989889,,0.0038147584088481525
1987-02,WLS,5,2396,0.02955989041508451,0.005781135837720866,,-0.004625509678437719
1987-03,WLS,5,2376,-0.02101918445363365,0.002290480662739892,,-0.00018924674426515201
1987-04,WLS,5,2367,0.003217285797539913,-9.7429104816664e-05,,0.0007117181562781496
1987-05,WLS,5,2349,0.06898478439155255,-0.001563824320770376,,-0.003502304967361276
1987-06,WLS,5,2700,-0.0008893734685539676,0.004747204265652836,,0.005583300945321482
1987-07,WLS,5,2677,0.06413569590687986,-0.003973989492109057,,-0.0024541654757998257
1987-08,WLS,5,2657,-0.08669242026850073,0.004855613116849922,,0.006530039848503974
1987-09,WLS,5,2632,-0.17455435968234478,-0.005800449907446415,,-0.007743349708759101
1987-10,WLS,5,2604,-0.10939533434401691,0.004034668991879664,,0.0009751569781835384
1987-11,WLS,5,2583,0.10217921691136149,-0.0008987002950782325,,-0.0023893959679479318
1987-12,WLS,5,2561,0.03263764408087824,0.0037263388933823868,,-0.0037827546936814883
1988-01,WLS,5,2541,0.04661591905217291,0.002387139020647852,,0.00031932568109132757
1988-02,WLS,5,2523,-0.05126244889915051,0.005814932686867963,,-5.89716068586823e-05
1988-03,WLS,5,2499,0.003604843811397142,0.004949377867940991,,-0.003353305456841477
1988-04,WLS,5,2475,0.0006811344946767948,0.00025428396154826436,,-0.0018067802376478682
1988-05,WLS,5,2450,0.05974504110471963,-0.0015911913219320713,,-0.0001863367680131847
1988-06,WLS,5,2552,-0.028427703848792688,0.002720563932607014,,0.0001395338280371187
1988-07,WLS,5,2527,-0.050644806057077114,9.591110197352818e-05,,0.0010894463559790863
1988-08,WLS,5,2508,0.05846410868559547,-0.0042671126377225475,,-0.0007635516829658434
1988-09,WLS,5,2480,0.01989155067984027,0.0021001698618785384,,-0.001483583745913842
1988-10,WLS,5,2455,-0.026201130920467067,0.0016388988650005217,,-0.0004285602940220927
1988-11,WLS,5,2430,-0.0029336947040712793,-0.0002592268993386621,,0.0036923282188111944
1988-12,WLS,5,2408,0.04876590099997182,0.0023054927366194375,,0.0010331032689924777
1989-01,WLS,5,2385,-0.06454196441741339,0.0035875773420678816,,0.003617688566396678
1989-02,WLS,5,2367,-0.03176206056523846,0.003722237454361794,,0.004872443832756751
1989-03,WLS,5,2357,0.024410869177307018,-0.0007448655101085902,,0.004097175555310017
1989-04,WLS,5,2333,0.0035344455945553093,-0.0008891678306227681,,0.005457555960837278
1989-05,WLS,5,2308,-0.020518616674656202,0.000330607786277618,,-0.00040899830880858796
1989-06,WLS,5,2591,0.10370857568684963,-0.008458726211771432,,0.002173241412152677
1989-07,WLS,5,2562,0.016983596788366064,0.0054948188470490674,,-0.0038468010128288595
1989-08,WLS,5,2541,0.013510405952815087,-0.0045083063760943155,,-0.0007139755430465984
1989-09,WLS,5,2522,-0.005878817549888999,-0.0059855844819689035,,-0.0006313978290437617
1989-10,WLS,5,2498,-0.014838033319127197,8.342565580015863e-06,,0.0041815743940447426
1989-11,WLS,5,2484,0.0189717124467854,0.002200934924317914,,-0.0018359545497260252
1989-12,WLS,5,2448,-0.08685401609089166,0.0019407006271328349,,0.0004448892468022186
1990-01,WLS,5,2436,-0.02838473150343879,0.005691073988967804,,0.002198815760536999
1990-02,WLS,5,2420,0.06576100132889073,-0.00446610611288529,,-0.0024574443409539674
1990-03,WLS,5,2406,0.010679159672464682,-0.006925695844145236,,-0.0013319059658905266
1990-04,WLS,5,2390,0.1406554677416905,-0.007896505717245773,,-0.003353726782484566
1990-05,WLS,5,2364,0.024889022509232046,-0.008982485105340962,,0.0006375961727048088
1990-06,WLS,5,2700,-0.012417290175269354,-0.00021904724895856724,,0.00044653491834890306
1990-07,WLS,5,2679,-0.12066551853621277,-0.0005202917913912955,,0.003149041597847169
1990-08,WLS,5,2669,-0.01926915051228332,-0.0043467142915091335,,-0.0037526041096168413
1990-09,WLS,5,2653,0.04095968256038374,-0.009386357589522136,,-0.003625579515563354
1990-10,WLS,5,2651,0.12647559901673644,-0.0046876004227182876,,-0.00788276827387426
1990-11,WLS,5,2638,0.08718362483793106,-0.0045275707153109405,,-0.006386384894082327
1990-12,WLS,5,2615,0.047420021545865776,0.0008160540591398204,,-0.000255717455495893
1991-01,WLS,5,2602,0.06071803937160247,-0.0024138985216252077,,0.003163465333166684
1991-02,WLS,5,2587,0.07178921678169488,-0.005820412436940653,,-0.003225347014558057
1991-03,WLS,5,2569,-0.005082207778714133,0.001460555438534271,,-0.0003494128356531247
1991-04,WLS,5,2555,0.023617944588955653,0.002693415201565301,,0.0013832945840171274
1991-05,WLS,5,2548,-0.02068245438191072,-0.0017930884703227336,,-0.0029576735965749228
1991-06,WLS,5,2703,0.06315549978122668,-0.006493774582389707,,0.00011055101718104685
1991-07,WLS,5,2688,0.046501488727705965,-0.007017482284036039,,-0.0003802995771388448
1991-08,WLS,5,2681,-0.027216821520027988,-0.0007490952896065241,,0.000780196012755179
1991-09,WLS,5,2667,0.04460714179147652,-0.0012690843453660708,,-0.004008966587856426
1991-10,WLS,5,2652,0.021807459474452714,-0.012964473639034376,,-0.0028815320100686586
1991-11,WLS,5,2635,0.17063120574148713,-0.014157955530159043,,-0.0010297228017674773
1991-12,WLS,5,2613,-0.06061732593718633,0.014756930506370123,,0.0005933139497184233
1992-01,WLS,5,2603,0.0023181945081864135,0.008311818236917408,,-0.002510458879512114
1992-02,WLS,5,2593,-0.0124335380937947,0.0029941869708080115,,-0.0032962106347178546
1992-03,WLS,5,2579,-0.04461131634570299,0.010244521806541822,,0.0033196491013725723
1992-04,WLS,5,2561,-0.0016959446265812925,-0.0036970985157581287,,0.002032144506035628
1992-05,WLS,5,2522,-0.10272094591037916,0.005004662590018419,,0.007579912876891569
1992-06,WLS,5,2660,0.07913843791646438,-0.004651150088714306,,-0.003772722146075356
1992-07,WLS,5,2637,0.022214588805645172,-0.005533629259721071,,-0.003339575773824022
1992-08,WLS,5,2629,-0.004699159189174717,0.00150475786447975,,0.0010101733420410737
1992-09,WLS,5,2609,0.053036040362344154,-0.006413578680626474,,-0.003506592323590244
1992-10,WLS,5,2601,0.014831410000529906,-0.0002447501439542296,,0.0032077975363716746
1992-11,WLS,5,2593,-0.013030438296236702,0.003923480537777583,,0.0008885128150138306
1992-12,WLS,5,2580,-0.08894619039227092,0.014634647775411036,,0.004973374295283343
1993-01,WLS,5,2567,-0.019947569944686733,0.009932333052483552,,-0.00250380420689208
1993-02,WLS,5,2555,-0.0029398751690237783,0.0028791682896338066,,0.0014890205386416703
1993-03,WLS,5,2540,-0.06830361305592134,0.009795742718667103,,-6.340994617251463e-05
1993-04,WLS,5,2529,0.04388317140764193,-0.0009943386597694893,,-0.0006589387279661249
1993-05,WLS,5,2519,-0.06629755897210712,0.007435290778554315,,0.004329472421333778
1993-06,WLS,5,2722,-0.09254206984292276,0.010205548496089989,,0.006275737059333101
1993-07,WLS,5,2710,0.058859149691714914,-0.0005277070082232384,,-0.003039766725554484
1993-08,WLS,5,2703,-0.0035848782241807,0.0029733798224655726,,-0.002282242013239304
1993-09,WLS,5,2695,0.004998001492105044,-0.002151242194695739,,0.0045182963141125335
1993-10,WLS,5,2683,0.004582886046475707,-0.004882697031719069,,0.0008332658634808608
1993-11,WLS,5,2667,-0.016159045049281794,0.0029936392426746965,,0.002926080450790755
1993-12,WLS,5,2651,-0.03327783089163171,0.006313225181566671,,0.00626014713245209
1994-01,WLS,5,2632,0.02294263423683357,-0.0015762259415453576,,-0.005287493255349406
1994-02,WLS,5,2617,-0.019421280941410508,0.00080207192506631,,-0.004394167747474926
1994-03,WLS,5,2600,0.013958163347844325,0.00020589245472411825,,-0.001261749065804846
1994-04,WLS,5,2582,0.012882493793233033,7.515351777941208e-05,,-0.001248365664448473
1994-05,WLS,5,2574,-0.02184548734939949,0.0017972092332811348,,-0.0020400570694706754
1994-06,WLS,5,2819,0.0032147151305395964,0.001826282674192789,,0.0027578101400213767
1994-07,WLS,5,2801,0.12703081515742598,-0.006249253200810459,,-0.008806966539270048
1994-08,WLS,5,2785,0.006757902114652766,-0.0026093819534477327,,-0.0022026805793556223
1994-09,WLS,5,2773,0.05872461120776887,-0.0013805599986381517,,-0.005498720256265792
1994-10,WLS,5,2759,0.024328587087257332,-0.0039191254133532135,,-0.007160613237598448
1994-11,WLS,5,2737,-0.007070306496263263,-0.0011499106383522158,,0.0028168336311027746
1994-12,WLS,5,2725,0.040088974917132675,-0.0032894786067732824,,-0.0024350377253971513
1995-01,WLS,5,2711,0.018367770669702098,0.0010062673545051164,,0.0023166263465982627
1995-02,WLS,5,2691,0.040822244433857235,0.0017300198701098136,,-0.002828038685699499
1995-03,WLS,5,2676,0.062314388156093255,-0.0005852082782810114,,-0.005321906551495537
1995-04,WLS,5,2654,0.042072379672360743,-0.0011781992988293497,,-0.0020126960446566295
1995-05,WLS,5,2642,0.06256699788615273,-0.002794121168599361,,-0.0034747960646899258
1995-06,WLS,5,3011,0.026914757859796534,0.0006031792552549342,,0.0009435228088737602
1995-07,WLS,5,2990,-0.01296606636596038,0.0002749214108447872,,0.0012941270652325053
1995-08,WLS,5,2973,0.06380272589542879,-0.006592689301359328,,-0.0012646719510175913
1995-09,WLS,5,2952,0.050333098880484504,-0.006931866490431405,,-0.005925522320266896
1995-10,WLS,5,2934,-0.03815079174702166,0.0016404955135891042,,0.01010061329160575
1995-11,WLS,5,2921,-0.03564465589761303,0.0047485337478920305,,0.004332888503398832
1995-12,WLS,5,2897,-0.0027168894188959983,-0.0022418620962259394,,0.005281602801680783
1996-01,WLS,5,2876,0.050906406308892524,-0.0008251966057219786,,-0.0049871261408564885
1996-02,WLS,5,2860,-0.055031656111953216,0.006365149042189835,,0.005740209754575301
1996-03,WLS,5,2843,0.057627880091672065,0.0015135111263409947,,-0.00552696462965502
1996-04,WLS,5,2822,0.0784062187194097,-0.004273486224996803,,-0.0054390059661602935
1996-05,WLS,5,2810,0.00404431532647442,-0.006384387690746627,,0.0009446368242644653
1996-06,WLS,5,3200,-0.026852135624160514,-0.0017428776912537058,,-0.003961888704424374
1996-07,WLS,5,3174,0.005988363412365858,0.0037527908977230606,,0.0005586123501803844
1996-08,WLS,5,3152,0.11464561518200098,-0.00944600542413543,,-0.005159258170910329
1996-09,WLS,5,3137,-0.0022843490523913527,0.0021428071577039784,,-1.1658845802841523e-05
1996-10,WLS,5,3125,0.100123260830957,-0.0026675686965302015,,-0.004328131000070804
1996-11,WLS,5,3097,-0.02709269183138688,0.0028413767211615164,,0.0007867350252007703
1996-12,WLS,5,3071,0.13407892944863933,-0.010072917884261848,,-0.006602231504844256
1997-01,WLS,5,3046,0.0016623463119524332,-0.0003949663381259112,,-0.0014094914865257606
1997-02,WLS,5,3029,-0.06355509717314595,0.010002037256032163,,-0.0020536799588445577
1997-03,WLS,5,3011,0.09964834121687723,-0.009992709117221337,,-0.00333749602475665
1997-04,WLS,5,2993,0.04970968465600138,0.00044218356946005747,,0.0020783464187650847
1997-05,WLS,5,2967,0.0490229862623523,-0.003968397276323663,,-0.0001534348243031546
1997-06,WLS,5,3231,0.07435959003649353,0.0004985228009281865,,-0.0008275824151308806
1997-07,WLS,5,3205,-0.04389762511133807,0.009249632621449597,,-0.004001602890815405
1997-08,WLS,5,3182,0.016122388000492576,0.0038562862425608525,,0.001891749607484631
1997-09,WLS,5,3148,-0.021438831615867838,-0.0006682691487330173,,-0.0036451844561032542
1997-10,WLS,5,3130,0.08311857960758176,-0.0064719114762250085,,-0.005158741968613557
1997-11,WLS,5,3092,-0.03840300727546437,0.0006922084692707372,,0.005219429385853972
1997-12,WLS,5,3055,0.05923373719447281,-0.005819943516530107,,-0.004163221668483287
1998-01,WLS,5,3032,0.06206279271273662,-0.002363850610374337,,0.0027978048331686028
1998-02,WLS,5,2996,-0.009064417528976782,0.003172926395191057,,0.0059381856401986045
1998-03,WLS,5,2969,-0.02030820247409746,0.001418912919033595,,0.0028135941109186523
1998-04,WLS,5,2949,-0.03482468678423046,0.0013512429044138957,,0.0005827352532501778
1998-05,WLS,5,2908,0.08319947257474655,-0.011300965455075977,,-0.0023036297481988663
1998-06,WLS,5,3143,-0.0009762292712785807,-0.004955448154788186,,-0.0016690211502902478
1998-07,WLS,5,3110,-0.10565162523756519,-0.0072881222234607345,,-0.0022429889479991054
1998-08,WLS,5,3070,0.08907552142466836,-0.002085079128979795,,-0.00193299175539566
1998-09,WLS,5,3025,0.07651281006584851,0.0017195594630205206,,-0.0017267552379784193
1998-10,WLS,5,2994,0.13271315104462963,-0.004254856633878431,,-0.009114653362189952
1998-11,WLS,5,2966,0.07997347285102256,-0.004931688395229161,,-0.0012372040837148354
1998-12,WLS,5,2917,0.07414883927294046,-0.007923871131910697,,-0.001495854022069132
1999-01,WLS,5,2890,-0.09302626608182124,0.004205522067606165,,0.004751400118973596
1999-02,WLS,5,2853,-0.013989815066317114,-0.0014662310918705304,,0.007332002586000406
1999-03,WLS,5,2827,-0.05997966695810906,0.018883481497082466,,0.005576698761340693
1999-04,WLS,5,2799,0.028229952883718153,0.004958348438450492,,-0.009143127527362545
1999-05,WLS,5,2761,0.11400583664404151,-0.007353915250316141,,-0.0060739711982099424
1999-06,WLS,5,3121,-0.0045301109258171395,-0.00018735428483340278,,-0.0022932445925517944
1999-07,WLS,5,3088,0.05730574542077658,-0.01249845832895245,,-0.0038942556496355104
1999-08,WLS,5,3051,-0.04715890082295932,-0.0010256841528039783,,0.0019740051402870485
1999-09,WLS,5,3025,0.05456650299567913,-0.014902479993423938,,0.003081323769602076
1999-10,WLS,5,2980,0.11547976073178996,-0.008258953044489023,,-0.007755428616385298
1999-11,WLS,5,2943,0.06717253771955949,-0.004441909862983263,,0.0016738420352997061
1999-12,WLS,5,2922,0.0009222619326550381,-0.001357040886462882,,-0.006109405374665498
2000-01,WLS,5,2890,0.1349626508745708,-0.002382907328323797,,-0.013685277225314521
2000-02,WLS,5,2858,0.05109516673175947,-0.0038620278226371846,,0.002739290234241047
2000-03,WLS,5,2827,-0.008171719497301028,0.004159109002221144,,-0.005206276421364308
2000-04,WLS,5,2804,0.00040890672191478046,-0.002324267896088984,,-0.004993780205017956
2000-05,WLS,5,2769,0.10260209526892297,-0.016921907448710315,,-0.0019695520555417425
2000-06,WLS,5,3057,-0.05919144205879176,0.011446218828413486,,-0.0009054067367034962
2000-07,WLS,5,3022,-0.004251142262391592,-0.0008335053926368558,,0.007352849281729179
2000-08,WLS,5,2990,0.016818458347158147,0.005860581393543661,,-0.014149762589809845
2000-09,WLS,5,2943,0.0941931115963795,0.0015646329434434107,,-0.012380902753006627
2000-10,WLS,5,2903,0.19205356562586698,0.0017082096500022695,,-0.03667088184643465
2000-11,WLS,5,2865,0.1207102716679114,0.020171602415292606,,-0.023809765535032636
2000-12,WLS,5,2823,-0.1475845663401373,0.008631203018816827,,0.021750505125166516
2001-01,WLS,5,2798,0.11358402882444732,0.014784827394204454,,-0.03288167511941081
2001-02,WLS,5,2770,-0.05405702662964668,0.012935086949382514,,-0.006998355105328931
2001-03,WLS,5,2735,-0.048490560745273824,0.0014851976302357674,,0.0158152175031933
2001-04,WLS,5,2699,0.038729662982100316,0.002630265396339498,,-0.005455547423139178
2001-05,WLS,5,2671,-0.006778066581915063,3.791337336288336e-05,,-0.002566152475089693
2001-06,WLS,5,2840,0.037116289157001874,-0.0005959379678470579,,-0.00526007902605631
2001-07,WLS,5,2790,0.06652591956701691,-0.0005720610562649193,,-0.01652066271955411
2001-08,WLS,5,2777,-0.1486787778008851,-0.007401606178008736,,0.010397987251855988
2001-09,WLS,5,2759,0.158332005030828,-0.011771050289027935,,-0.012635589731109332
2001-10,WLS,5,2734,0.10826749743160112,0.002059236361593142,,-0.004489737553521817
2001-11,WLS,5,2712,0.05569996614090984,0.0055836863735792405,,-0.008056629181845009
2001-12,WLS,5,2686,0.09023513006007258,-0.006379333930232112,,-0.009329242049882839
2002-01,WLS,5,2659,-0.01905201284363391,0.00411434922284194,,-0.0011003417784255136
2002-02,WLS,5,2640,0.05997665908478111,0.004355983920148154,,-0.004800680890966743
2002-03,WLS,5,2616,0.08183899530966224,0.0004865903537516152,,-0.018290957531846497
2002-04,WLS,5,2600,-0.036881180450025274,0.0029525636191763105,,0.002707584848685985
2002-05,WLS,5,2571,-0.04838043054135424,0.0005348349232364955,,-0.00344441542327016
2002-06,WLS,5,2765,-0.008150653684499312,-0.013349415619629244,,-0.005956897600282419
2002-07,WLS,5,2743,0.012813561656484954,0.0015039464907577727,,-0.0025405980708115682
2002-08,WLS,5,2729,-0.04767045312310028,-0.003091485931150369,,-0.006165438074066315
2002-09,WLS,5,2698,0.06247148362096227,-0.011283755779912532,,0.00737011276414572
2002-10,WLS,5,2675,-0.04774003594304032,0.0088853660210191,,0.012024446001997376
2002-11,WLS,5,2655,0.012734312348646389,0.0009993550996286369,,-0.01059242481400016
2002-12,WLS,5,2625,-0.04734732678749331,-0.0004688081813748481,,0.0027483667516134676
2003-01,WLS,5,2606,0.007324010016127812,-0.005215700251085227,,-0.0011710215465999159
2003-02,WLS,5,2573,0.030635188132492348,-0.0055611878009647064,,-0.0008116960524482853
2003-03,WLS,5,2557,-0.0014325498549836622,0.004037887044443156,,0.008027494811329939
2003-04,WLS,5,2533,0.030237789779493877,0.008402264972804482,,0.0007634626333752394
2003-05,WLS,5,2515,0.015597819149661806,0.0010883287882251177,,-0.00034611104747840843
2003-06,WLS,5,2748,0.04230397497143597,-0.00011724175537450718,,-0.002492312945191187
2003-07,WLS,5,2723,0.03551422521135967,0.008075323530868388,,-0.0036596860018355652
2003-08,WLS,5,2704,0.0021942871316211923,-0.004830396331816281,,-0.001395900953285474
2003-09,WLS,5,2690,0.08744060826033066,0.006235913147777636,,-0.005950990009744085
2003-10,WLS,5,2671,0.03698573532424307,0.0034274927590031115,,-0.004203623008838487
2003-11,WLS,5,2652,-0.06854168792833426,0.006254117419585329,,0.012884010497837677
2003-12,WLS,5,2630,0.030136658228638865,0.001340790578682505,,-0.0030790603368639324
2004-01,WLS,5,2616,0.05772473525178079,-0.0008392947484814519,,-0.006298282224002901
2004-02,WLS,5,2601,-0.007984440660411415,0.001900721209394601,,-0.0014636879504034191
2004-03,WLS,5,2583,-0.0038038466525871237,-0.006791899500649076,,0.001998386250971116
2004-04,WLS,5,2570,0.010176158873093356,-0.0004970072445831089,,0.0001998921492921498
2004-05,WLS,5,2549,0.001978225491253496,0.0043125067289280054,,0.0009878134885477848
2004-06,WLS,5,2632,-0.04110761048686837,0.005469844381158432,,-0.00397146372890254
2004-07,WLS,5,2616,0.013271149720180477,-0.00010210168661617503,,-0.0036576877912207397
2004-08,WLS,5,2610,-0.021529589787429235,0.005832445291272142,,0.002920659450207978
2004-09,WLS,5,2595,0.03417627786510005,-9.282213185119062e-05,,-0.002599593387748104
2004-10,WLS,5,2578,-0.009328132730086742,0.0077801133528167836,,0.003833124673673576
2004-11,WLS,5,2559,0.056283798597994934,-0.0032077546716393563,,-0.0015956073980875171
2004-12,WLS,5,2540,0.01524035687928338,-0.00035520267118929185,,-0.006453124870090523
2005-01,WLS,5,2529,0.01105062789050284,0.0053929781604051515,,-0.000445154551116027
2005-02,WLS,5,2513,0.008699912211797835,-0.000535509712783127,,-0.0037071994903360205
2005-03,WLS,5,2497,-0.008874688577553014,-0.005633659487976893,,0.0003793279541271032
2005-04,WLS,5,2479,0.030553278283184413,3.8223792327501064e-05,,0.0012114850842098281
2005-05,WLS,5,2465,0.0016698125478824314,0.004860968198827277,,-0.003452722800889315
2005-06,WLS,5,2521,0.048428590681435096,0.0015094172757370357,,-0.0013236330568609038
2005-07,WLS,5,2502,-0.04869570997966457,0.004838545606859469,,0.002600094934072159
2005-08,WLS,5,2487,-0.02448936143633908,0.004012449566973586,,0.0014581570321893574
2005-09,WLS,5,2466,0.0025098736349666016,-0.0060814508222687275,,-0.0004034110656801297
2005-10,WLS,5,2451,0.02071251955312602,-9.502526836402197e-05,,0.0025408260733538247
2005-11,WLS,5,2433,-0.015243783962810191,0.0017692616523350287,,0.0002767704919331418
2005-12,WLS,5,2411,-0.0030168985867085616,0.009225252784715863,,-0.00015003726043563153
2006-01,WLS,5,2398,0.0070497505248060975,-0.0024240675907852816,,-0.0005400634961355125
2006-02,WLS,5,2381,-0.004658053069777787,0.0032417363553343902,,0.0017667387574792034
2006-03,WLS,5,2370,-0.019045638364162537,0.004658595945981484,,0.00019398599977155125
2006-04,WLS,5,2351,-0.027121608895622387,-0.00011807832481897073,,-0.0013873655742846099
2006-05,WLS,5,2337,0.0041879535489450495,0.0016169036852658374,,-0.002192722966731714
2006-06,WLS,5,2439,0.012748402947348237,0.000203530813888615,,-0.0043130920751690395
2006-07,WLS,5,2426,0.03028184940930077,-0.004177774558063137,,0.0010761780596450037
2006-08,WLS,5,2414,0.03848317947415566,-0.0014602866287294683,,-0.002143941406687502
2006-09,WLS,5,2397,0.027955701162366908,0.001613046616820221,,-0.0005118880583527008
2006-10,WLS,5,2381,-0.009338717337252974,0.003087387009602861,,0.0023369023002494734
2006-11,WLS,5,2360,-0.009463614682306117,0.002551063433608083,,0.0004858174012165918
2006-12,WLS,5,2330,0.015185051796996443,-0.00020508026144523247,,0.0004281129366510002
2007-01,WLS,5,2317,-0.03962191870255237,0.002059897517088546,,0.0023588089417000777
2007-02,WLS,5,2299,-0.00436382482925191,0.0017613130914497202,,0.0007556136407336601
2007-03,WLS,5,2278,0.04453423196418774,-0.0029351660356300596,,0.000866558029784369
2007-04,WLS,5,2259,0.009866861863235116,0.004310396087167469,,0.0013592909228739118
2007-05,WLS,5,2235,-0.020811723484220366,0.001396734902885576,,0.00040958184035087884
2007-06,WLS,5,2367,-0.04172438035514881,-0.0029164401289933674,,0.004778684737488872
2007-07,WLS,5,2342,0.018492652444001348,-0.003642951101522929,,0.0006332167843650494
2007-08,WLS,5,2324,0.0071191041146216796,-0.002111233432154683,,0.006133544515665074
2007-09,WLS,5,2300,-0.0028759006136553486,-0.002477619061570258,,0.005875996935079638
2007-10,WLS,5,2275,0.0001743564040687346,-0.004331442378610814,,-0.004841932189522547
2007-11,WLS,5,2250,-0.028909887113450453,0.0034791385497441227,,0.0024318290107845993
2007-12,WLS,5,2240,-0.048246017430951395,0.0014217159014412962,,-0.004696180701060928
2008-01,WLS,5,2228,0.005794211314229491,0.0010185388136909105,,-0.004003878969185044
2008-02,WLS,5,2212,-0.01394118906370685,-0.00028327065023728683,,0.00292106004123695
2008-03,WLS,5,2196,0.04926483970718852,0.002855922139480689,,-0.0034281138338199246
2008-04,WLS,5,2174,0.0016497858192851497,0.004480146296622282,,0.0015448623183535752
2008-05,WLS,5,2167,-0.026068800517946307,-0.001823105892641447,,-0.005748962241023661
2008-06,WLS,5,2323,0.05999313680468806,-0.006117389444933547,,-0.008459297567066018
2008-07,WLS,5,2306,0.05572595305308426,0.001138448109317829,,-0.006264759688195566
2008-08,WLS,5,2292,0.029196028519650537,-0.006107398110970578,,-0.017670203966797953
2008-09,WLS,5,2274,-0.05487824959900066,-0.012383851160814328,,-0.011774118168042157
2008-10,WLS,5,2258,-0.007034640977016039,-0.004789022306110867,,-0.007116794178796555
2008-11,WLS,5,2242,0.05579130224347824,0.00026633332066293544,,-0.005615026673876067
2008-12,WLS,5,2228,-0.04022205162737243,-0.007561862852269511,,0.0007012916268223745
2009-01,WLS,5,2215,-0.013571220248468137,-0.010039911825392316,,-0.0065562104727339915
2009-02,WLS,5,2198,0.09279477366099798,-0.0019917003463432482,,0.00016631212600682499
2009-03,WLS,5,2180,-0.03381926061386445,0.017229285288054876,,0.011066389115083678
2009-04,WLS,5,2167,-0.023771191470539903,0.00012984594092368338,,0.010092325536458979
2009-05,WLS,5,2153,0.051478777539792395,-0.006062076700566129,,-0.003501258138383035
2009-06,WLS,5,2286,0.026037352114501092,0.008601515312923521,,0.004109410806813412
2009-07,WLS,5,2276,0.0006812863874030227,0.0051818606054294105,,0.0010653839832737537
2009-08,WLS,5,2267,-0.0027857682291391995,0.007076879932057331,,0.004266940045508871
2009-09,WLS,5,2252,0.03116924609501016,-0.008863588918116672,,-0.0038600676344523323
2009-10,WLS,5,2232,0.04159398061986607,-0.004049659630629075,,0.004831139513286776
2009-11,WLS,5,2221,0.003736451037217491,0.008602631967583802,,-0.00012622630420933132
2009-12,WLS,5,2209,-0.03565404306009621,-0.0008163623915686478,,-0.0006207232840909562
2010-01,WLS,5,2190,0.04124905412996933,0.004357812489313757,,-0.0027089272339041143
2010-02,WLS,5,2178,0.030614516170460657,0.0041709842852411,,0.0027555491356897636
2010-03,WLS,5,2164,-0.01261019081679739,0.006924206863891146,,0.0021844452263855723
2010-04,WLS,5,2157,-0.06774855243285015,-0.002033081412455828,,-0.0005335878646885622
2010-05,WLS,5,2151,-0.05490011497494449,-0.008501954714956007,,0.003914020800890884
2010-06,WLS,5,2273,0.041726702855643456,0.001651056020397245,,0.003661597650507784
2010-07,WLS,5,2257,-0.048103512178897315,-0.000760223729262723,,0.0012857261512268419
2010-08,WLS,5,2246,0.09270576607227674,-0.00034247851273023274,,0.0020990186768740145
2010-09,WLS,5,2230,0.017685392456193647,9.887858215786885e-05,,0.004233887515855279
2010-10,WLS,5,2212,-0.005919996208377152,0.0017914050319215308,,0.001867514457467402
2010-11,WLS,5,2188,0.011878842512096352,0.005407287723038839,,0.004723858516567911
2010-12,WLS,5,2171,-0.016824716087360893,0.001148641082051587,,0.005220372057463339
2011-01,WLS,5,2159,-0.006067209140607703,0.005575805016041675,,0.0032036488210880174
2011-02,WLS,5,2148,-0.010349327120872788,0.0025037088593822796,,0.001845391771227713
2011-03,WLS,5,2134,0.0745514063280266,-0.002498749047394026,,-0.00479351252528518
2011-04,WLS,5,2120,0.019390557080783626,-0.0018239681262620046,,-0.0037095181267044293
2011-05,WLS,5,2094,0.003067001220360996,-0.0018582559542654766,,-0.001511807206281566
2011-06,WLS,5,2152,0.00039828090637747534,-0.006344752785866623,,0.0010817868947384924
2011-07,WLS,5,2142,0.010370486029191968,-0.00657966895144164,,-0.006787007151100728
2011-08,WLS,5,2134,0.021030496389404026,-0.006301441112217982,,-0.011260949062618384
2011-09,WLS,5,2121,0.039259700976844586,0.006696354152935494,,0.007901495775066185
2011-10,WLS,5,2108,0.01060796076666983,0.0018498618438185024,,-0.002285200915490435
2011-11,WLS,5,2094,0.021452238920745617,0.0026411997824665966,,-0.004903111247299295
2011-12,WLS,5,2082,0.03937167591500817,-0.00389978926053386,,0.004756284849277437
2012-01,WLS,5,2072,0.023863169531408723,-0.0016213896847635531,,0.0038961404781752626
2012-02,WLS,5,2065,0.0739336868798689,-0.006779589449903662,,-0.00337439474136143
2012-03,WLS,5,2053,-0.0038986236825694007,-0.00035763284944756376,,0.00010922067945310102
2012-04,WLS,5,2045,-0.017778227162728442,0.00031582058720792814,,-0.007440987820145793
2012-05,WLS,5,2035,0.02384580831030841,0.0033010438768102035,,-6.515138834957388e-05
2012-06,WLS,5,2090,0.0087603393413202,0.0013961038993683518,,-0.000748118407755184
2012-07,WLS,5,2076,0.025790824347510226,-0.00042295245948632587,,0.00030854212039585423
2012-08,WLS,5,2067,-0.010811380293551187,0.0026896672091194294,,0.0035417099901840637
2012-09,WLS,5,2052,-0.03002200994924763,0.00383398479089596,,-0.00131525923837176
2012-10,WLS,5,2039,0.003361099298808303,-0.0012395877717295565,,0.0021078923867181667
2012-11,WLS,5,2022,-0.03479198706273564,0.005608415906759467,,0.0032780406778168737
2012-12,WLS,5,2015,0.03207872737530172,0.0054956779572770485,,-9.306803756916219e-05
2013-01,WLS,5,2006,0.01088200984594054,0.0010784170249886677,,-0.0007257240662226498
2013-02,WLS,5,1998,0.0329541420936197,0.0013960378024735643,,9.586602087829912e-05
2013-03,WLS,5,1989,0.05132770890296897,-0.0012442064693228526,,-0.005356243111870413
2013-04,WLS,5,1978,0.026973975997880574,0.001398899116747854,,-0.001459461665868128
2013-05,WLS,5,1965,-0.017312383476238667,0.0017429728115783915,,-0.0007644379857560979
2013-06,WLS,5,2057,0.04882372763921288,-0.0009050472809197393,,0.0015960840389980956
2013-07,WLS,5,2043,-0.02667475071384845,-0.001626628935690415,,0.0015683996399725032
2013-08,WLS,5,2034,0.017128195132719584,0.0006489092162572258,,0.0032174904444758437
2013-09,WLS,5,2018,0.023920117511422992,0.003132379054147367,,0.001259284394955673
2013-10,WLS,5,2001,0.051160926027963016,-0.0025626953727191757,,-0.0019729077136986664
2013-11,WLS,5,1993,-0.0014800666974076407,0.0027287111480481883,,0.002698784357034016
2013-12,WLS,5,1981,-0.06167907119462182,6.162465746332075e-07,,0.003982686151532144
2014-01,WLS,5,1962,0.07076470256308208,-0.0012145240606679932,,-0.0024760208596363684
2014-02,WLS,5,1956,0.0032121236314889565,0.005375081107253086,,-0.0032798784882034538
2014-03,WLS,5,1949,0.0056536077363997135,0.0012422830554286103,,-0.0007691766640789493
2014-04,WLS,5,1940,0.006104994097903561,0.0008697190107583374,,0.0020382772780825203
2014-05,WLS,5,1934,0.004981704721281317,0.0029488658134877886,,0.0009116132740308772
2014-06,WLS,5,1990,-0.0025337369321745467,-0.0003884577005529745,,-0.0021160568018158644
2014-07,WLS,5,1984,0.05930957308739039,-0.004452618037520347,,0.0002711331836432286
2014-08,WLS,5,1977,0.026306753870326174,-0.0055905835803441925,,-0.0040964567130881676
2014-09,WLS,5,1965,0.052357751666526404,-0.005760868047646166,,-0.0010007421258504364
2014-10,WLS,5,1958,0.08943752104304797,-0.00543907520191348,,-0.006144536321403557
2014-11,WLS,5,1949,0.010727210789940034,0.0013430756611676289,,-0.003870615002697483
2014-12,WLS,5,1933,-0.0034296876040810697,-0.0064744954276796055,,0.0013953978550296038
2015-01,WLS,5,1921,0.04108188684345254,-0.00016094002850239954,,0.004317939239019684
2015-02,WLS,5,1911,-0.005538463685484345,-0.0015085501860308964,,-0.0008619026806315917
2015-03,WLS,5,1905,-0.04115646446815632,0.004223222701142019,,0.0054518552320396525
2015-04,WLS,5,1899,0.028853035927687527,-0.0033925683979470346,,-0.0003846092394724126
2015-05,WLS,5,1888,-0.0036972135912795865,-0.003277631213202015,,-0.0005186199492254531
2015-06,WLS,5,1942,0.04759357775419123,-0.011540483469454823,,0.001200911155906815
2015-07,WLS,5,1932,-0.06053040490642565,0.0018786344079882139,,-0.0009880228927052967
2015-08,WLS,5,1923,-0.0006051628710165114,-0.0038121210693591737,,-0.002139963635465752
2015-09,WLS,5,1905,0.035966717858276806,0.0009962684056465047,,0.00726699642077432
2015-10,WLS,5,1901,-0.006058406455081207,-0.0004063098043342892,,0.0020062222346159124
2015-11,WLS,5,1888,-8.315250026187006e-05,-0.006217037437618976,,0.00013153851468088233
2015-12,WLS,5,1868,-0.004730170517741196,0.002349835842321606,,-0.009826807432111737
2016-01,WLS,5,1854,8.022756796356807e-05,0.002274580196209279,,-0.00027125667652058835
2016-02,WLS,5,1844,0.04758819204615823,0.0025349225919625313,,0.002123009203267326
2016-03,WLS,5,1829,-0.05259609638953863,0.006614765292574064,,0.005164025009564073
2016-04,WLS,5,1813,0.025818994084229174,-0.0029060470676054643,,0.0003800033940206467
2016-05,WLS,5,1804,0.007113361104968002,0.002987916547235937,,-0.0017153162343866183
2016-06,WLS,5,1883,0.05790380588787528,-0.0028398632580909607,,-0.0007601550910911044
2016-07,WLS,5,1868,-0.0037887600548083024,0.0013390722726923693,,-0.0006840993329821103
2016-08,WLS,5,1854,-0.015948571599679714,0.002309879084917803,,0.002145014335137037
2016-09,WLS,5,1848,-0.022885384702944715,-0.0012959017748146078,,9.485178032461398e-05
2016-10,WLS,5,1833,-0.012395957401585805,0.0100373142574878,,0.0021613904415464422
2016-11,WLS,5,1825,0.017133474262320526,0.0012077628377449854,,-0.0014890300197556037
2016-12,WLS,5,1815,-0.002739411052620939,-0.003587293401839175,,0.006650114503402603
2017-01,WLS,5,1804,0.0731838240553677,-0.006189304343481157,,-0.002953905024702439
2017-02,WLS,5,1791,0.028615618884291313,-0.0026554658767102067,,-0.0017652554578594251
2017-03,WLS,5,1778,0.026536953797482304,-0.0036205051657136286,,0.00012452034435100255
2017-04,WLS,5,1767,0.031534753668299234,-0.006184985195833106,,0.0010553144671890476
2017-05,WLS,5,1755,-0.003659455449201395,-0.0014149033059679447,,0.0012090094593846545
2017-06,WLS,5,1864,0.0021435897000192257,-0.001078976090129162,,0.0036233566401332115
2017-07,WLS,5,1853,0.025510007574422598,-0.004652527878138359,,-0.0007238024421540627
2017-08,WLS,5,1836,-0.006881248367638588,0.005233260507824321,,0.001849805234689196
2017-09,WLS,5,1828,0.053333249436806715,-0.007535436122663985,,-0.0002872126884944405
2017-10,WLS,5,1815,0.0683645598645651,0.00046488567431188796,,-0.0063526404852493916
2017-11,WLS,5,1803,-0.009099621901141705,0.003116708121550079,,0.0019200602872650567
2017-12,WLS,5,1798,0.04982294485333455,-0.008780638038543457,,0.0072569554744241135
2018-01,WLS,5,1787,-0.025353792502138452,-0.006791747811518528,,0.002525631678480409
2018-02,WLS,5,1779,-0.02726245555281258,0.004002302471210176,,-0.0016177006690156247
2018-03,WLS,5,1772,-0.010971778216447165,-0.00024370339325494424,,0.0026003989876232474
2018-04,WLS,5,1770,0.02075522443887596,-0.002125082730931647,,0.003483990704873074
2018-05,WLS,5,1759,0.0294082626194643,-0.00214769992471946,,-0.002667444614670276
2018-06,WLS,5,1825,0.046927775845775184,-0.001033271546633222,,-0.002469933138100957
2018-07,WLS,5,1816,0.07974456094176643,-0.008724326025694513,,-0.0011169238440828183
2018-08,WLS,5,1816,-0.005442471347485994,1.8810436720950444e-05,,0.0020373912102901225
2018-09,WLS,5,1805,-0.04277530930453711,0.005751274996769898,,-0.010322675421382469
2018-10,WLS,5,1791,0.023357833775019026,-0.003352741211228179,,-0.00025519694076899646
2018-11,WLS,5,1778,-0.05509723287532516,-0.0058997010077908385,,-0.0032227805623388068
2018-12,WLS,5,1770,0.036475586505349156,0.0019105646110634082,,0.006615919922328389
2019-01,WLS,5,1761,0.032750513021746676,-0.0015878720907321793,,0.0013787133752859759
2019-02,WLS,5,1748,0.025827879829763187,-0.004928409957349943,,0.001803292023615643
2019-03,WLS,5,1739,0.0301886205418366,-0.004055872140939962,,0.0035758941351859176
2019-04,WLS,5,1734,-0.06799370857549414,-0.0018767326648005914,,-0.0002454679845396007
2019-05,WLS,5,1728,0.06766033123031921,0.0013286563460683425,,0.0010809302279851116
2019-06,WLS,5,1820,0.018182732796192022,-0.0014900644977939987,,-0.001059732425229547
2019-07,WLS,5,1810,0.016411343386309313,-0.005977500960298275,,-0.0038325493040351224
2019-08,WLS,5,1801,0.013484455210025031,0.006772818529379428,,-0.003747940472643563
2019-09,WLS,5,1790,0.03486143459192893,-0.0027917343952904065,,-0.00044930357809607233
2019-10,WLS,5,1779,0.0292355971436914,-0.003997953974382458,,0.003947149576145056
2019-11,WLS,5,1763,0.03975747470098164,6.380141943061357e-05,,-0.0015841875959403007
2019-12,WLS,5,1761,-0.02097802951761814,-0.013813856717636646,,0.010680908282429446
2020-01,WLS,5,1758,-0.057082077282790675,-0.005262255153150496,,-0.0004879162922353027
2020-02,WLS,5,1752,-0.015714379777317253,-0.025503359426397056,,-0.0031354279879106145
2020-03,WLS,5,1744,0.143364317452819,0.0006331037999332173,,2.7334968334746534e-05
2020-04,WLS,5,1735,0.06260668962910024,-0.0015254926955159545,,-0.0003120607501153145
2020-05,WLS,5,1724,0.02500559099492411,-0.011872118287556818,,0.007306966375050147
2020-06,WLS,5,1786,0.05605155778423553,-0.00919627354814473,,0.006165521918952989
2020-07,WLS,5,1779,0.052479649123731674,-0.01454108406564274,,0.012904477006417484
2020-08,WLS,5,1773,-0.020170317859078846,0.003032111866693568,,-0.004903488240344494
2020-09,WLS,5,1763,-0.033620046723478104,0.003824510984387009,,-0.001236266248897315
2020-10,WLS,5,1760,0.024755219780586278,0.01166379406949298,,0.010253959705796475
2020-11,WLS,5,1750,0.004001882404988803,-0.0032925274094698486,,0.009240405786848838
2020-12,WLS,5,1741,-0.026841406566606732,0.0039960647824728536,,0.0026030722181214464
2021-01,WLS,5,1735,-0.016909961278520597,0.016981406371648935,,-0.0023434102800950173
2021-02,WLS,5,1732,0.07407378342635614,0.005949286574327881,,-0.010662071115172464
2021-03,WLS,5,1720,0.05170761147722648,-0.006733034984114239,,0.0024051413930633704
2021-04,WLS,5,1714,-0.005932653581078298,0.009362662012362242,,-0.0038743470244820086
2021-05,WLS,5,1707,0.03979986981647641,-0.011682096672426626,,0.00551561462360754
2021-06,WLS,5,1783,0.04336695211313037,-0.008216768511473892,,-0.00020467501239803594
2021-07,WLS,5,1776,0.03990574835282779,-0.006966664308679214,,0.0019892222506392217
2021-08,WLS,5,1768,-0.10785000921976234,0.006543363327884657,,0.0071920983540246265
2021-09,WLS,5,1757,0.04671243498543853,-0.010352288060277432,,0.009493253394542097
2021-10,WLS,5,1750,0.032566730752082114,-0.008797218787468473,,-0.0009620990887905731
2021-11,WLS,5,1741,0.04641585639080011,0.00824083588074531,,-0.00703776695888753
2021-12,WLS,5,1737,-0.12050188672355898,0.015532507665478456,,0.0016495247892323779
2022-01,WLS,5,1732,-0.08931942540778048,0.007932868837695861,,0.0067402901618165475
2022-02,WLS,5,1722,0.008675837284907437,-0.002358116952871749,,0.007061256920023186
2022-03,WLS,5,1717,-0.06504570463127604,0.012462336502859994,,-0.011895619901389565
2022-04,WLS,5,1707,-0.05512755177169311,0.014487640960892653,,0.0007603289616213317
2022-05,WLS,5,1703,-0.05260484826892165,-0.004501482360999338,,-0.0036335413842750863
2022-06,WLS,5,1799,0.10021719487735764,-0.0118825472285516,,0.007278813287283753
2022-07,WLS,5,1793,-0.06888882401786937,0.005580937460867033,,0.0017821449702642772
2022-08,WLS,5,1786,-0.06696805920187482,-0.0012482068992403727,,-0.004327624731206452
2022-09,WLS,5,1776,0.0286895126613007,0.017372176780915568,,-0.0009867134512564302
2022-10,WLS,5,1771,0.07861685362373161,-0.0011367992421586492,,-0.005224548299023664
2022-11,WLS,5,1762,-0.025339187725039177,0.004159916275897428,,-0.009980372252402881
2022-12,WLS,5,1758,0.03353288351718464,-0.0033542018035818506,,0.00860523741976121
2023-01,WLS,5,1748,-0.03437970324470024,-0.006461754617924609,,0.006416860005548252
2023-02,WLS,5,1736,0.10300871484358179,-0.014701127897361676,,-0.0017815897786752984
2023-03,WLS,5,1729,0.06252878752961062,-0.002906889101820647,,-0.009308253454407904
2023-04,WLS,5,1721,0.007720135630456656,-0.019626528062662855,,0.011322031903031295
2023-05,WLS,5,1714,0.042678867359483084,-0.0006762205030153758,,0.005592927437658655
2023-06,WLS,5,1854,0.03680550003272128,0.003045846599073218,,-0.003362346870227748
2023-07,WLS,5,1844,0.01429112112025242,-0.005609285410625174,,-0.0028422329295674045
2023-08,WLS,5,1832,-0.042648489955405,0.0036344304357226027,,-0.0034325995097518676
2023-09,WLS,5,1822,0.031005280573179642,-0.007939862594839317,,-0.00789287211000729
2023-10,WLS,5,1810,0.031137737665960216,-0.0010944379321439907,,0.01109165915521674
2023-11,WLS,5,1800,0.03449747725330506,0.005221714576474676,,0.0004910153609866677
2023-12,WLS,5,1793,0.05290926282256092,-0.005984108050868438,,-0.0032324616681585513
2024-01,WLS,5,1786,0.1247369070055625,-0.0073842440899351295,,-0.0065709621627344315
2024-02,WLS,5,1781,0.04825602303972111,0.0028307358227703814,,-0.00477928823191479
2024-03,WLS,5,1772,-0.04530225422423541,-0.004430913753051326,,0.00042659641614751657
2024-04,WLS,5,1759,0.08842095293507327,-0.008478496504136505,,-0.004160584001562646
2024-05,WLS,5,1752,0.0632376056567543,-0.014885264848468503,,0.002199567834405262
2024-06,WLS,5,1969,-0.04293774321783755,0.012071556908483577,,0.0016525292269851004
2024-07,WLS,5,1955,0.03552285093896555,-0.0057172689132040195,,-0.002050867937681005
2024-08,WLS,5,1948,0.022043591521440024,-0.0029491400806928953,,0.0016766748009444743
2024-09,WLS,5,1935,-0.026771345013357498,-0.0008787484399854885,,0.0024959722253882653
2024-10,WLS,5,1922,0.03893303604160981,8.718842331831431e-05,,0.004127899204001716
2024-11,WLS,5,1911,0.00988424335322257,-0.014447849878402615,,-0.00011121804715663825
1973-06,WLS,6,1444,0.03392297229586533,,-0.0004779384892820275,0.002126268025778369
1973-07,WLS,6,1442,-0.020120973051054248,,-0.0036772921214734125,0.00048294702570964325
1973-08,WLS,6,1442,0.1848636469081604,,-0.010434697118579521,-0.00986666483539943
1973-09,WLS,6,1443,-0.014320458591387968,,-0.003679143668492063,0.004254450348142241
1973-10,WLS,6,1441,-0.15128700959381744,,-0.0037173025404654706,0.006186547968545222
1973-11,WLS,6,1443,0.1126015164695204,,-0.015461737204194135,-0.0016577902610951589
1973-12,WLS,6,1442,0.06539017458799506,,0.010069463098924786,-0.016905831555650813
1974-01,WLS,6,1439,0.04054579305141999,,-0.0038930037252778884,-0.002721291628411453
1974-02,WLS,6,1439,-0.039782922112046405,,0.004276291543635664,-0.0011588306113866978
1974-03,WLS,6,1439,-0.04268233194315255,,0.0031288514654696496,-0.001983705635099325
1974-04,WLS,6,1438,-0.08879260259573353,,0.005897508632535339,0.0027517003702985147
1974-05,WLS,6,1436,-0.008469337928647947,,-0.0020875247706044356,0.0007220055167560117
1974-06,WLS,6,1559,0.028560964968850123,,-0.00847762354985979,-0.008091583425718243
1974-07,WLS,6,1559,-0.03526543630483326,,-0.002751323058362362,-0.004346720959580797
1974-08,WLS,6,1554,0.002768333314538694,,-0.008458157004262478,-0.009687687373735626
1974-09,WLS,6,1555,-0.05725634253077298,,-0.0028935378974528133,0.028154522440852127
1974-10,WLS,6,1551,-0.0469695812496411,,-0.001662314455130663,0.0006560637632664548
1974-11,WLS,6,1550,-5.675721331249172e-05,,-0.003582719692213473,-0.0015368960007324248
1974-12,WLS,6,1553,0.3394962113769803,,0.009419148275893283,-0.03196093160879397
1975-01,WLS,6,1551,-0.06920718149242132,,0.007277531624489706,0.01131228010271296
1975-02,WLS,6,1548,0.09634332456199941,,0.000972836676680726,-0.008216420843355537
1975-03,WLS,6,1547,0.04990782159575065,,-0.003805869372743072,0.0024549346767766193
1975-04,WLS,6,1546,0.024572135139058142,,-0.0014578488883800994,0.003679802709286696
1975-05,WLS,6,1543,0.09980233850651453,,-0.004585818947346135,-0.003656721073797764
1975-06,WLS,6,1955,0.01974215242388446,,-0.007430390235810037,-0.005351207266668763
1975-07,WLS,6,1954,-0.026939531548754548,,-0.001528970226910594,0.0013879387731199732
1975-08,WLS,6,1954,-0.024230851611035685,,0.0009625314627049954,-0.002796722822117219
1975-09,WLS,6,1954,-0.0012130562691772104,,0.008662456746561237,0.0012691014652710729
1975-10,WLS,6,1954,0.028690752115748085,,0.004160417609169835,-0.003054384878512985
1975-11,WLS,6,1949,0.03177891937416129,,-0.005537388004695195,-0.0023878836546866386
1975-12,WLS,6,1897,0.26729924208241107,,0.0006124427306398923,-0.01655870994081547
1976-01,WLS,6,1896,0.14597550225846695,,-0.002546551780239054,-0.015143879548344537
1976-02,WLS,6,1911,0.006516406769313009,,-0.00031980816108709254,0.002317576455031739
1976-03,WLS,6,1903,0.025260911396742195,,-0.007321625795514475,-6.888804955183104e-05
1976-04,WLS,6,1917,-0.014573809657618243,,-0.0018953107843559548,0.0011431156151582738
1976-05,WLS,6,1911,0.059160144571776874,,0.0022890908858090404,-0.0037418325840754474
1976-06,WLS,6,2363,0.007942769572373503,,0.002370722491481072,-0.004490105232162178
1976-07,WLS,6,2168,-0.030028849735780194,,0.0018203358588911307,0.0016154447512878355
1976-08,WLS,6,2162,0.047145161213030126,,-0.0015412197197013284,-0.002082070749485145
1976-09,WLS,6,2328,-0.035127250278329705,,-0.004694422515673713,0.004007838611672874
1976-10,WLS,6,2325,0.056364092996049185,,-0.001034831887406284,-0.006276568166206571
1976-11,WLS,6,2332,0.11967354285291124,,-0.0017343688242205725,-0.007394465416804948
1976-12,WLS,6,2296,0.07547118889760097,,-0.0006996211844123338,-0.0145638041528775
1977-01,WLS,6,2285,-0.02223860595198647,,0.001194048870703958,-0.0001650589409519171
1977-02,WLS,6,2300,0.003675917037559843,,0.0009385358956233033,-0.0031758787400371956
1977-03,WLS,6,2294,0.0790953300390423,,-0.006556896832738857,-0.005952646533803068
1977-04,WLS,6,2278,0.006696996751611868,,-0.0005355108561791337,-0.002814979561645879
1977-05,WLS,6,2273,0.019007568468752185,,0.0059011731008401505,-0.000614482050383779
1977-06,WLS,6,2409,-0.03330416393865604,,0.004542643910758761,-0.0015882435062480342
1977-07,WLS,6,2396,-0.099052621656754,,0.006268733450599964,0.006405546909150233
1977-08,WLS,6,2384,0.016281605446315548,,-0.002021929886678564,-0.001426547374126277
1977-09,WLS,6,2366,-0.024894206083849662,,0.0032164924138449445,-0.004367928668784894
1977-10,WLS,6,2360,0.05781561331715236,,0.002995332828232895,-0.0044459431872140905
1977-11,WLS,6,2352,0.014717317588615846,,-0.00021788167801624187,-0.00121352207179944
1977-12,WLS,6,2330,-0.03347872008573756,,0.0031187803772486263,-0.0055497337815446565
1978-01,WLS,6,2318,0.030925468726723766,,-0.0006101618833225412,-0.0055454935517641
1978-02,WLS,6,2309,0.09076975521846618,,-0.0009503307205590501,-0.007571858336204025
1978-03,WLS,6,2297,0.026351601021215032,,0.003495564098623744,0.005616338792339417
1978-04,WLS,6,2280,0.04538561501640368,,0.0033495299460784777,-0.0056709768093743665
1978-05,WLS,6,2259,-0.03632068315482239,,0.003180066379728343,-0.0003152194982799486
1978-06,WLS,6,2353,0.039660694848682884,,0.0034451695394955625,-0.00034855251984971316
1978-07,WLS,6,2332,0.05267897760953147,,-0.0006300980371804513,-0.0016890358602069735
1978-08,WLS,6,2322,0.03559269352398663,,-0.005282230111633142,-0.0029392908832756768
1978-09,WLS,6,2324,-0.17466277642563022,,-0.0015191266173416602,0.008787305469554706
1978-10,WLS,6,2312,0.039915301480189035,,-1.3921319871300765e-05,-0.0015514985655858268
1978-11,WLS,6,2303,-0.03126732071398311,,0.002722960355193321,0.003898684842294075
1978-12,WLS,6,2283,0.0921619068945117,,-0.001205285691205379,-0.006320256424636403
1979-01,WLS,6,2257,-0.03178691817344387,,-0.004097041211432351,0.002170683657916584
1979-02,WLS,6,2256,0.09431875080624785,,-0.001694777055551381,-0.003857617625147309
1979-03,WLS,6,2249,0.026981827246300213,,0.0010771482208906068,-0.004250418063759366
1979-04,WLS,6,2242,-0.04029881621909259,,-0.0009146830193870225,0.002269324844179426
1979-05,WLS,6,2230,0.07294086310883935,,-0.005256111851730647,-0.0017979809602513255
1979-06,WLS,6,2302,0.0512053164554711,,-0.003808114850264805,-0.0033479055995810562
1979-07,WLS,6,2286,0.07230157874822792,,-0.0009645694097933138,-0.0002315085318263164
1979-08,WLS,6,2271,0.03343711227746618,,-0.0044489989680608355,-0.00225503215620308
1979-09,WLS,6,2269,-0.09800357510277409,,-0.002160237496919806,0.004154996054568605
1979-10,WLS,6,2261,0.02125644155120834,,-0.005820097994185994,0.008539739397504931
1979-11,WLS,6,2248,0.046737699661871614,,-0.006333964362045533,0.0018031192730943908
1979-12,WLS,6,2221,0.1592380595098799,,-0.014000191612647265,-0.002855465854697675
1980-01,WLS,6,2197,0.0663730574685672,,-0.010241485901948595,-0.003258661163981069
1980-02,WLS,6,2189,-0.21066222449595728,,0.01034368191665977,0.0033652260911713
1980-03,WLS,6,2177,0.0325600095254457,,-0.0043548494935858415,0.0021994021369604656
1980-04,WLS,6,2169,0.0499827948524609,,0.0025994914455597018,-0.0018405075143810875
1980-05,WLS,6,2166,0.017613100635220175,,-0.005294767124425769,0.005221817109746035
1980-06,WLS,6,2255,0.050832822323544205,,0.006555127271057028,-0.0006465846738837788
1980-07,WLS,6,2250,0.009023026840756053,,-0.0038301298954875546,0.004275153246023472
1980-08,WLS,6,2233,0.005528783058328643,,-0.007752334583897281,0.009272825012274506
1980-09,WLS,6,2227,0.019693077801499072,,-0.00623612585750897,0.0038350794399468306
1980-10,WLS,6,2219,0.10825153338811344,,-0.016011002050316286,0.012485307497317579
1980-11,WLS,6,2211,-0.0970582351376106,,0.010402822720821313,-0.0012935909489235652
1980-12,WLS,6,2206,-0.013779477766403663,,0.007284532913705969,-0.011973871246848181
1981-01,WLS,6,2170,0.02374626950537858,,0.0002770323420934314,-0.001436738072091414
1981-02,WLS,6,2163,0.0455735954930506,,0.0018914153037913014,-0.002866464963346596
1981-03,WLS,6,2154,-0.02902763283272706,,0.00983176702051039,-0.007604048182330441
1981-04,WLS,6,2149,-0.034631705268255805,,0.006044183571498771,-0.0007231923387572095
1981-05,WLS,6,2139,0.025940039778268507,,-0.0033894340080693206,-0.005040842340753958
1981-06,WLS,6,2275,-0.027453637183061555,,-0.006620201687999688,0.007325209777924112
1981-07,WLS,6,2265,-0.07137848693748697,,0.0029747041332141384,-0.0035659594849321652
1981-08,WLS,6,2246,-0.0846571738063479,,0.009747678418914683,-0.00692487871979427
1981-09,WLS,6,2236,-0.029630674590513467,,-0.0038183674386624575,0.015233065097292223
1981-10,WLS,6,2241,0.04396607592068678,,-0.0020224373235926546,-7.242843727208129e-05
1981-11,WLS,6,2231,-0.024294172249110978,,0.004711287920955824,-0.0054146133063085085
1981-12,WLS,6,2222,-0.06626131111979726,,0.01184286198560157,-0.004799702770543712
1982-01,WLS,6,2199,-0.012136753401730784,,0.008937528386723964,-0.015362574248624104
1982-02,WLS,6,2182,0.023444282252900954,,0.00204900023832757,-0.00834944950722885
1982-03,WLS,6,2169,0.004237704082979736,,0.002267550957092159,0.003664396390464176
1982-04,WLS,6,2163,-0.010423342597026418,,0.0006408075515001623,-0.004864967928081924
1982-05,WLS,6,2145,-0.011120588798746821,,0.004488322539693531,-0.006203829329517974
1982-06,WLS,6,2328,-0.0767637149562226,,0.009443807036296407,-0.0011976392384564023
1982-07,WLS,6,2318,0.14033007481512486,,-0.0027579799560656848,-0.0017090236860881236
1982-08,WLS,6,2305,-0.01003488420705379,,0.003962431668703571,-0.0005419276975899434
1982-09,WLS,6,2292,0.10387139473264077,,-0.0017295642423679656,0.003280057791359739
1982-10,WLS,6,2282,0.009410323061656286,,0.008302326118034059,-0.0010080692947132196
1982-11,WLS,6,2277,0.02572399253701051,,-0.00021269518428789784,-0.0024029305156441356
1982-12,WLS,6,2249,0.05306407424350073,,-0.004362926422658796,0.0005184857659860867
1983-01,WLS,6,2235,0.038989412572597006,,0.0019102677562943691,-0.003391400918398766
1983-02,WLS,6,2227,0.049572696274466366,,0.0018492058721312524,-0.005346460849390661
1983-03,WLS,6,2217,0.09238445184200575,,-0.0007031364817013887,-0.00437880190587015
1983-04,WLS,6,2208,0.006826404028368179,,-0.004368838974787289,0.0032872764330397868
1983-05,WLS,6,2199,0.03212823005827429,,0.0012525548504971073,0.0008947532414694204
1983-06,WLS,6,2372,-0.01167506615883426,,0.00040922625197382055,-0.005805925062271104
1983-07,WLS,6,2359,0.050180834320050924,,-0.000703320747776114,-0.009062314341857787
1983-08,WLS,6,2351,-0.03077827771253796,,0.005567564277591095,0.0015666817220683985
1983-09,WLS,6,2340,-0.006237818699391437,,0.0027422058383380866,-0.00731675002078768
1983-10,WLS,6,2334,0.02905590155773719,,-0.004658816989689572,0.0036051912105379046
1983-11,WLS,6,2325,0.009612828979785173,,-0.0002113913560690445,-0.0033688240699784474
1983-12,WLS,6,2303,0.07684992333577022,,-0.004742131737355176,-0.01339484138653246
1984-01,WLS,6,2280,-0.006211913965359969,,0.00016562609776707695,-0.007528540681077914
1984-02,WLS,6,2272,0.009323293104362697,,0.00014842545867463567,0.000105341685303855
1984-03,WLS,6,2255,0.004279426803928204,,0.003015369408928152,-0.0038840090852815
1984-04,WLS,6,2246,-0.07189130164271192,,0.003560301644561579,-0.0013769951320083437
1984-05,WLS,6,2225,-0.031372226047064924,,0.003369736599280823,0.00527989268277886
1984-06,WLS,6,2495,-0.051743306128288646,,0.005748747609459788,-0.0023119988354867093
1984-07,WLS,6,2480,0.10765969278905548,,-0.0025999637175285165,0.0030882558556686915
1984-08,WLS,6,2457,0.015983811717038898,,0.001219996967326808,-0.008950235658430493
1984-09,WLS,6,2438,-0.025868142101087455,,0.0041289364456720415,-0.0020599623968156626
1984-10,WLS,6,2416,-0.008766656727128187,,0.000679576948581915,-0.003818620921920435
1984-11,WLS,6,2401,0.00106921508742209,,0.0008522276898281494,0.0012341397848551789
1984-12,WLS,6,2379,0.051444037439980446,,-0.0016562635257244666,0.008777147858486104
1985-01,WLS,6,2358,0.02116608154852911,,0.001475374679086793,-0.0038334745769109876
1985-02,WLS,6,2348,-0.016280156879553503,,0.0024994835746968464,-0.0034119587385863337
1985-03,WLS,6,2336,0.012449564265974867,,-0.0010997634220317224,-0.0048989340676194645
1985-04,WLS,6,2319,0.019420397700113445,,0.0038751235392100757,0.0018124255755303357
1985-05,WLS,6,2293,0.01132279082947507,,-0.0006391249428738338,-2.5452204705798336e-05
1985-06,WLS,6,2524,0.020325762029506502,,-0.001984124080546397,-0.0006036667239797471
1985-07,WLS,6,2503,0.0028427687961525405,,0.0003521132380122725,-0.0034942999848171542
1985-08,WLS,6,2492,-0.029034320498184173,,0.005041090908742301,-0.00755429538510808
1985-09,WLS,6,2472,0.030855914752952764,,0.003217279488786775,-0.0032626023744685324
1985-10,WLS,6,2449,0.012873872482896506,,0.0038072494264598535,0.005978552352368746
1985-11,WLS,6,2432,-0.013933118864146329,,0.0044685312284468166,0.004616175593376644
1985-12,WLS,6,2415,-0.017391661363000847,,0.001947458188475627,0.0010114035629769516
1986-01,WLS,6,2400,0.08589455229125227,,-0.0015933429007501216,-0.00044775722813612795
1986-02,WLS,6,2381,0.02154032708017125,,0.0024639817321222566,0.0020246463682281673
1986-03,WLS,6,2362,-0.057228667508559865,,0.004937133310783018,0.003587161383202119
1986-04,WLS,6,2343,0.04234860752666929,,0.0036664436647254554,-0.0028266771445895986
1986-05,WLS,6,2320,-0.023084133588996025,,0.003843522051741892,0.00036724158452664223
1986-06,WLS,6,2587,-0.06695087202134717,,0.00249915284664544,-0.004807894507705509
1986-07,WLS,6,2577,0.15215818470198242,,-0.0070350182652845605,-0.009027311709829568
1986-08,WLS,6,2561,0.015755450725166646,,-0.006261336672777977,-0.00988617212084755
1986-09,WLS,6,2533,0.04746489683844906,,-0.0024475744976115805,0.003755039743379427
1986-10,WLS,6,2502,0.01179294182487882,,0.0016714550643575257,-0.00031225371402896906
1986-11,WLS,6,2453,-0.029059266879978642,,-0.00016483144344637835,-0.0002624037883096376
1986-12,WLS,6,2427,0.1382454400868963,,-0.0018572930261180022,0.0019943971840910833
1987-01,WLS,6,2417,-0.01245644959302841,,0.004281167543830455,0.008109105908736425
1987-02,WLS,6,2396,0.10615272391258228,,-0.003644374314644912,-0.009501205036665128
1987-03,WLS,6,2376,0.003122529514137198,,-0.0003371184879021986,-0.002220591417157404
1987-04,WLS,6,2367,-0.004786218341760914,,0.0012549995646285244,0.000684565890713492
1987-05,WLS,6,2349,0.04467261356319583,,0.0016241556493331814,-0.00225718674506035
1987-06,WLS,6,2700,0.05374291028643097,,-0.002037842210911935,0.0018934808040690333
1987-07,WLS,6,2677,0.010847952675729654,,0.0028932636889423,0.0006949203743110811
1987-08,WLS,6,2657,-0.01583245894082285,,-0.004455560597702494,0.0026366383088784746
1987-09,WLS,6,2632,-0.255205222683676,,0.004678065230576276,-0.0030876042249164373
1987-10,WLS,6,2604,-0.053395483703394225,,-0.003246952904686635,-0.0022450613774999857
1987-11,WLS,6,2583,0.09483893435849994,,-0.00010055136548039669,-0.0017125072244987187
1987-12,WLS,6,2561,0.0720428489943774,,-0.0010066815220695195,-0.006665763271287751
1988-01,WLS,6,2541,0.07114795182321862,,-0.0005343889154828911,-0.0015111337356041275
1988-02,WLS,6,2523,0.026782972052415022,,-0.00425017513775506,-0.0046528947776067146
1988-03,WLS,6,2499,0.06691587172838483,,-0.0031403682912060672,-0.007191280242357853
1988-04,WLS,6,2475,0.009440589498965602,,-0.0010854500752881268,-0.002009857097187388
1988-05,WLS,6,2450,0.04016734040158321,,0.0008963964673005143,0.0010340676723899912
1988-06,WLS,6,2552,0.0008872816542873081,,-0.000657836072290618,-0.0022198196033650953
1988-07,WLS,6,2527,-0.05369224823815892,,0.0007628827224004213,0.0009251584869559888
1988-08,WLS,6,2508,0.0048024738175359285,,0.0025230357534024063,0.0027531123975412094
1988-09,WLS,6,2480,0.037945598648943764,,0.0003860698596409515,-0.003402340121998031
1988-10,WLS,6,2455,-0.003992211140942721,,-0.0012785972641226558,-0.0017456281843020863
1988-11,WLS,6,2430,-0.01132386570863391,,0.0011491070613150465,0.003800297469969062
1988-12,WLS,6,2408,0.07885906197162691,,-0.0015224666083461448,-0.0008948164564965179
1989-01,WLS,6,2385,-0.022889934137521235,,-0.0013793103776241179,0.0005261462791492856
1989-02,WLS,6,2367,0.013891839345078977,,-0.0019549988078000936,0.0017682638925998744
1989-03,WLS,6,2357,0.019980145884531973,,-0.0005308623514894153,0.004815452023888044
1989-04,WLS,6,2333,-0.0023475822780821753,,-0.0005194181656069935,0.00630121842995013
1989-05,WLS,6,2308,-0.019357435104859374,,0.0003913867327027218,-0.0007386383652927124
1989-06,WLS,6,2591,-0.016795918330789725,,0.007005740845516942,0.009349677917507512
1989-07,WLS,6,2562,0.09818525078565679,,-0.004992110091098284,-0.008539238328513589
1989-08,WLS,6,2541,-0.04635648440254199,,0.0031889486585031644,0.002869051343326608
1989-09,WLS,6,2522,-0.09635881800068627,,0.005851828844248507,0.004415903309546953
1989-10,WLS,6,2498,-0.010077919473103858,,-0.00065515109412454,0.004017470558185382
1989-11,WLS,6,2484,0.050117988927374145,,-0.0018107636770500128,-0.0036517242985546626
1989-12,WLS,6,2448,-0.05859165682431424,,-0.001684855754948771,-0.001201932954832133
1990-01,WLS,6,2436,0.0492402825169866,,-0.004209619106923726,-0.0024342957914602796
1990-02,WLS,6,2420,0.0032000520383018674,,0.0035902669880215157,0.0011958502774067812
1990-03,WLS,6,2406,-0.09056920788543639,,0.006206430571428415,0.004387005979727485
1990-04,WLS,6,2390,0.035465408468448735,,0.005756584369288113,0.002670443762734836
1990-05,WLS,6,2364,-0.08829537442129845,,0.0056453189610795864,0.007306139756403177
1990-06,WLS,6,2700,-0.005133965467492253,,-0.0012507715294654326,0.0002567680726376937
1990-07,WLS,6,2679,-0.12359113045829401,,-0.00022349622437318881,0.003474410730633596
1990-08,WLS,6,2669,-0.06498119606966718,,0.0010359710220805179,-0.0002323978421102423
1990-09,WLS,6,2653,-0.09853264860942162,,0.008194720054587535,0.005154703306664218
1990-10,WLS,6,2651,0.0513615283572995,,0.004853938071845184,-0.003323779207316291
1990-11,WLS,6,2638,0.03215557073833182,,0.0021871819759103545,-0.002547097345964761
1990-12,WLS,6,2615,0.04824540670480237,,0.0009192328141689254,-0.0006934966742959812
1991-01,WLS,6,2602,0.019018048004662412,,0.0029394301544020097,0.0055642640348332615
1991-02,WLS,6,2587,-0.024165142588840234,,0.006444162062763604,0.0023981139006811073
1991-03,WLS,6,2569,0.016611829703027613,,-0.0012718870818604578,-0.001688712937247601
1991-04,WLS,6,2555,0.05166135637910961,,-0.0006303265386078471,-0.0007511473346823189
1991-05,WLS,6,2548,-0.04264193325733557,,0.0008692087377377683,-0.001429224046921
1991-06,WLS,6,2703,-0.02834529746425662,,0.005230797637720449,0.005780345817543244
1991-07,WLS,6,2688,-0.04713749532885672,,0.004916185759744285,0.005551881887781821
1991-08,WLS,6,2681,-0.02888019436619987,,-0.0006836497552877531,0.001194337972543581
1991-09,WLS,6,2667,0.024577164815113198,,0.0013191478464014389,-0.0028435483357518066
1991-10,WLS,6,2652,-0.15308665966406151,,0.009155493863492844,0.008242075467878977
1991-11,WLS,6,2635,-0.011576551462505781,,0.00884506396215761,0.010788946882054812
1991-12,WLS,6,2613,0.11763019403121479,,-0.007376514855711538,-0.011559210374709179
1992-01,WLS,6,2603,0.08939295623991059,,-0.0021281630638879958,-0.009060359386040244
1992-02,WLS,6,2593,0.015052096172340918,,-0.00020789228642358894,-0.0055449134235960006
1992-03,WLS,6,2579,0.099676188253365,,-0.007996369355513518,-0.005574967386636354
1992-04,WLS,6,2561,-0.050162938569139094,,0.0023286694868153873,0.005176608638504064
1992-05,WLS,6,2522,-0.03387148484578994,,-0.00364998267125031,0.0032514589019978584
1992-06,WLS,6,2660,0.025037598998290767,,0.0025705758620952995,-0.0005816266570072648
1992-07,WLS,6,2637,-0.039481282582754455,,0.002718838246998334,0.0003586410476677616
1992-08,WLS,6,2629,0.03296330027145316,,-0.0031166414871736784,-0.0010725853678884795
1992-09,WLS,6,2609,-0.032550295507052976,,0.004723365645860737,0.001542139896777411
1992-10,WLS,6,2601,0.005015658526632995,,0.0009127605507110939,0.0037474293176824134
1992-11,WLS,6,2593,0.05473758804539924,,-0.004574058943083241,-0.003040233004524875
1992-12,WLS,6,2580,0.07996862790864687,,-0.008030795958140307,-0.00498788355005455
1993-01,WLS,6,2567,0.0994787911100318,,-0.0059908428887040744,-0.009466041314706799
1993-02,WLS,6,2555,0.04405086578981794,,-0.003167098956787996,-0.0011602417496575606
1993-03,WLS,6,2540,0.06997494597138987,,-0.008382539154086254,-0.00787497814026501
1993-04,WLS,6,2529,0.019922393567354264,,0.0019816645620831237,0.0006761945112223566
1993-05,WLS,6,2519,0.013205777164646326,,-0.0035126059915622674,-0.00018246154811843074
1993-06,WLS,6,2722,0.06677274518966173,,-0.009564361309888116,-0.003850534053579455
1993-07,WLS,6,2710,0.04880547472257835,,0.0006531257633442115,-0.002369889535426678
1993-08,WLS,6,2703,0.03187817809684291,,-0.0017292288069007213,-0.0044758473233715915
1993-09,WLS,6,2695,-0.04877835190193886,,0.003875178587544375,0.008195124058687775
1993-10,WLS,6,2683,-0.0734656513094237,,0.004744729062263487,0.005855769821671773
1993-11,WLS,6,2667,0.044803614945834964,,-0.004088351031271816,-0.0011492532836087142
1993-12,WLS,6,2651,0.07781093252539356,,-0.007047639264733837,-0.0010215542082111422
1994-01,WLS,6,2632,-0.009284700931388752,,0.0021806049610267973,-0.0031346568104710995
1994-02,WLS,6,2617,-0.010011263403277144,,-0.0004692153899691262,-0.004963212140896857
1994-03,WLS,6,2600,0.018785040763430592,,-0.0003420999508600539,-0.0015879270458666983
1994-04,WLS,6,2582,0.018465876730910387,,-0.0004741333045372716,-0.0016537580269019212
1994-05,WLS,6,2574,-0.011373121811901605,,-9.506441470627382e-05,-0.0025109435356167734
1994-06,WLS,6,2819,0.02475675969140918,,-0.0011359112124235272,0.0014999329205106346
1994-07,WLS,6,2801,0.008101958514871957,,0.007806329218186839,-0.0008929637812661865
1994-08,WLS,6,2785,-0.04648173125123442,,0.003594163685229712,0.0013572018081422746
1994-09,WLS,6,2773,0.03996536904845785,,0.0010905055145330066,-0.004367470451245503
1994-10,WLS,6,2759,-0.03879923775128334,,0.003949775519251981,-0.0031586670563848412
1994-11,WLS,6,2737,-0.0012752971711629626,,-0.0009257688709147526,0.002047443468319169
1994-12,WLS,6,2725,0.006043756244494881,,0.0016960092420844593,-0.0005801782349986023
1995-01,WLS,6,2711,0.04022128773962433,,-0.0015070423148328385,0.0008407695259545246
1995-02,WLS,6,2691,0.06345379800676273,,-0.0013014702452313468,-0.004183089001140334
1995-03,WLS,6,2676,0.06588965522108209,,-0.0005190387033213249,-0.005759613899515011
1995-04,WLS,6,2654,0.033616700946489005,,0.000305029512488932,-0.0016581633673323
1995-05,WLS,6,2642,-0.0037100698176584478,,0.004740893502753532,0.0009982903849742083
1995-06,WLS,6,3011,0.052290308541743095,,-0.0019034149190019596,-0.0009729946104215707
1995-07,WLS,6,2990,-0.02404242663682082,,0.001062516018899224,0.0022375867133999977
1995-08,WLS,6,2973,-0.03517472352740593,,0.005698371033590087,0.005298296004664648
1995-09,WLS,6,2952,-0.04567413902389601,,0.005328981661834857,0.0003270535230765999
1995-10,WLS,6,2934,-0.007229185799075131,,-0.001960087213130956,0.00797113819942303
1995-11,WLS,6,2921,0.07473495094891074,,-0.0074508743678026205,-0.0034978304860055483
1995-12,WLS,6,2897,-0.024785183694607412,,0.000978775685084975,0.006584020239807134
1996-01,WLS,6,2876,-0.0005747891971363422,,0.0040308044093895785,-0.0010023036057458144
1996-02,WLS,6,2860,0.04016733732662751,,-0.005544391990884012,-0.0005832679136233918
1996-03,WLS,6,2843,0.04264851214078706,,0.001869240256075204,-0.003997347067249998
1996-04,WLS,6,2822,-0.0019909999094333847,,0.005126972188151345,0.00010094660156157562
1996-05,WLS,6,2810,-0.06191879690360074,,0.00300482921802316,0.004936007978364876
1996-06,WLS,6,3200,-0.040156940667879844,,0.00041053527272239795,-0.00322914482051304
1996-07,WLS,6,3174,0.036273560355472516,,-0.0010415770196996396,-0.0011246493261800159
1996-08,WLS,6,3152,-0.03986374038816907,,0.00933737457980291,0.0049765801654446
1996-09,WLS,6,3137,0.05130872583903408,,-0.0037085874842822937,-0.0037247550895557016
1996-10,WLS,6,3125,0.05172603552940671,,0.0030446021355860736,-0.0010874906228927868
1996-11,WLS,6,3097,0.028929508419465854,,-0.0036316022580039353,-0.002985272741237028
1996-12,WLS,6,3071,-0.017918298119463875,,0.008913829344817726,0.003225286721434581
1997-01,WLS,6,3046,0.006726384636418822,,-0.000599355286507394,-0.0018406847871441012
1997-02,WLS,6,3029,0.09133657824867328,,-0.009161752601653217,-0.012133612200841937
1997-03,WLS,6,3011,-0.08853877815090726,,0.012167646162827823,0.00905715087278625
1997-04,WLS,6,2993,0.028976605017535396,,0.001977249114133422,0.0036632780676073163
1997-05,WLS,6,2967,0.002424902979134425,,0.0024179101766386613,0.0026699358490787223
1997-06,WLS,6,3231,0.06563785349145561,,0.000833018185462631,-1.5499912219287286e-05
1997-07,WLS,6,3205,0.12078460637661322,,-0.010471083414932868,-0.01475758630938346
1997-08,WLS,6,3182,0.07375808442822268,,-0.003474102833590242,-0.0017294418122247546
1997-09,WLS,6,3148,-0.07669871607819931,,0.004231564258970661,0.0005713709671012806
1997-10,WLS,6,3130,-0.038957901515190074,,0.007962629372611626,0.0028930599751506416
1997-11,WLS,6,3092,-0.027749701742032767,,-0.0006580078827007795,0.004547606005578619
1997-12,WLS,6,3055,-0.06219288219396588,,0.008139884730947058,0.0039627101843546664
1998-01,WLS,6,3032,0.010576648400286215,,0.0034838955978668163,0.006232228792986662
1998-02,WLS,6,2996,0.007741892404025686,,-0.0004983119224704558,0.005413244326453767
1998-03,WLS,6,2969,0.0007768575368535564,,-0.0013112690680120466,0.0015320865951294338
1998-04,WLS,6,2949,-0.052996108673688314,,0.0017997872795949227,0.002335029647501713
1998-05,WLS,6,2908,-0.14575313541849683,,0.015265697403272452,0.012607591188130087
1998-06,WLS,6,3143,-0.0848028280999612,,0.005325255705251151,0.003703719853532579
1998-07,WLS,6,3110,-0.16726924101365878,,0.0028429579719923886,0.001152924107115382
1998-08,WLS,6,3070,0.05956480077073433,,0.0017951797027361141,-0.00011077908640757397
1998-09,WLS,6,3025,0.1043975755147021,,-0.0018046220189745492,-0.0034435187641889907
1998-10,WLS,6,2994,0.06254164229801554,,0.004537573380515672,-0.004777818019377876
1998-11,WLS,6,2966,0.003963619755972941,,0.004816678644345085,0.0034159545683557025
1998-12,WLS,6,2917,-0.07570812058964162,,0.010007379075314305,0.007834455505885275
1999-01,WLS,6,2890,-0.023601828448513325,,-0.004581625339287855,0.0005647926219145686
1999-02,WLS,6,2853,-0.04315494912759021,,0.0019862256150816548,0.009157915492022307
1999-03,WLS,6,2827,0.2561816746944382,,-0.020757748263791953,-0.01377911137722713
1999-04,WLS,6,2799,0.09142992355147304,,-0.0038352655645698293,-0.012854912534950738
1999-05,WLS,6,2761,0.02813678427502622,,0.005014081938756535,-0.0011250572061883375
1999-06,WLS,6,3121,0.03387223015448833,,-0.003031872989280145,-0.004926532365982919
1999-07,WLS,6,3088,-0.16778160464671238,,0.012970875449880853,0.011334779672128101
1999-08,WLS,6,3051,-0.03659786943913638,,-0.00115049832339524,0.001238372580039911
1999-09,WLS,6,3025,-0.13920369807664762,,0.009854581320409355,0.01593297399252765
1999-10,WLS,6,2980,0.003584191080050334,,0.005657142971037949,-0.00018002636925642807
1999-11,WLS,6,2943,-0.02541117718452342,,0.005470882982899705,0.007913436826927394
1999-12,WLS,6,2922,0.02417182741902467,,-0.0021161105287396814,-0.007782997934755226
2000-01,WLS,6,2890,0.08955617421397254,,0.0026339880755112477,-0.010585131491856078
2000-02,WLS,6,2858,-0.003369805723948241,,0.00289167923654748,0.006379980261216345
2000-03,WLS,6,2827,0.021232196121714224,,-0.0009547014626686053,-0.007090828924693881
2000-04,WLS,6,2804,-0.04051470992476861,,0.0024146237540080572,-0.0022933016228613465
2000-05,WLS,6,2769,-0.11431717064136208,,0.0113411718909958,0.012281897810694222
2000-06,WLS,6,3057,0.0598501284264209,,-0.0050637729511777635,-0.008967094342366082
2000-07,WLS,6,3022,-0.028057384788770966,,0.0015695448145945214,0.008937368874061222
2000-08,WLS,6,2990,0.12928141889432057,,-0.006620627344052634,-0.021712660170807557
2000-09,WLS,6,2943,0.18226819678816078,,-0.006295155196995245,-0.01832213731992466
2000-10,WLS,6,2903,0.24293178666094947,,-0.0033153596133275883,-0.04012094595592896
2000-11,WLS,6,2865,0.44319854050406304,,-0.017532549501719466,-0.04583578002972494
2000-12,WLS,6,2823,-0.04982834140031831,,-0.004623904001613236,0.015246330445348705
2001-01,WLS,6,2798,0.4086737741637665,,-0.017682592296059573,-0.053129155679823556
2001-02,WLS,6,2770,0.15569120606295878,,-0.01169979063808246,-0.021330462333149395
2001-03,WLS,6,2735,-0.017314264590581177,,-0.0018868854333850024,0.013650642655784601
2001-04,WLS,6,2699,0.11507792010640698,,-0.005018153848067818,-0.010778626371000159
2001-05,WLS,6,2671,-0.03489178864357407,,0.0022385865043151663,-0.0005769921025418723
2001-06,WLS,6,2840,-0.017738873813582395,,0.004517458316482071,-0.001806632891455163
2001-07,WLS,6,2790,0.07046268126663131,,-0.0006419910433201201,-0.016712041247055182
2001-08,WLS,6,2777,-0.289810879752573,,0.008759797887930507,0.01961552814063883
2001-09,WLS,6,2759,0.04034305958291213,,0.004444793410155708,-0.00442539852866981
2001-10,WLS,6,2734,0.1192171429351243,,8.605826627550734e-05,-0.005357423598356424
2001-11,WLS,6,2712,0.16178835927121035,,-0.00669091011936,-0.01481602406209636
2001-12,WLS,6,2686,-0.017715890987812857,,0.006327542629323232,-0.0023359109904717637
2002-01,WLS,6,2659,0.015746133555497113,,-0.0009698757545541185,-0.0035728116939247666
2002-02,WLS,6,2640,0.17003348315560154,,-0.00768140187981916,-0.011651451167603074
2002-03,WLS,6,2616,0.08403375614757572,,6.013771793062645e-05,-0.01846724629307387
2002-04,WLS,6,2600,0.033421841603896135,,-0.004856940261423606,-0.001681789020937913
2002-05,WLS,6,2571,-0.06872536626218537,,0.002124803123070717,-0.0022810236928873288
2002-06,WLS,6,2765,-0.18264181307442606,,0.009698876181666604,0.0054638697737063036
2002-07,WLS,6,2743,-0.013607195627485226,,0.002760824287442935,-0.0005617124103062254
2002-08,WLS,6,2729,-0.10749643706753371,,0.003864956450859754,-0.0021461410148647156
2002-09,WLS,6,2698,-0.05332783495230071,,0.0053535549681779015,0.014826301250032377
2002-10,WLS,6,2675,0.09181421769531325,,-0.008284946760085028,0.0027181319756165263
2002-11,WLS,6,2655,0.013224382879135724,,0.0003755464469268623,-0.010597629626951491
2002-12,WLS,6,2625,-0.08212896295805994,,0.002819509560111743,0.005094915589677124
2003-01,WLS,6,2606,-0.0750631809464893,,0.0049482332722285555,0.004240987938635816
2003-02,WLS,6,2573,-0.06290055338058018,,0.005785985750843343,0.005321563018231691
2003-03,WLS,6,2557,0.06743600179327817,,-0.0042949613341606895,0.0035404865041330953
2003-04,WLS,6,2533,0.17467577944746948,,-0.008983542675899039,-0.008652565656170383
2003-05,WLS,6,2515,0.006352914377752574,,0.0013691363605425957,0.00023361638772966003
2003-06,WLS,6,2748,0.04094885098213955,,6.902072806086405e-05,-0.0024057524323195683
2003-07,WLS,6,2723,0.17195321493548626,,-0.008365953125047359,-0.012663191500640531
2003-08,WLS,6,2704,-0.08145941892939741,,0.005186201012109405,0.004118619146758673
2003-09,WLS,6,2690,0.17039943683718964,,-0.004517635869155044,-0.011350832254903052
2003-10,WLS,6,2671,0.09137107272329872,,-0.003266245266875552,-0.007753142027576277
2003-11,WLS,6,2652,0.03982028651133349,,-0.0068036972557479125,0.005830522856612386
2003-12,WLS,6,2630,0.039345319976403725,,-0.00020836475844907226,-0.0036469420628819217
2004-01,WLS,6,2616,0.04034792889179827,,0.0011728464592134463,-0.0051670241850517145
2004-02,WLS,6,2601,0.009900868625110288,,-0.0007099185549204783,-0.002604510765864809
2004-03,WLS,6,2583,-0.10775236673414493,,0.006138448286488691,0.008727498932129804
2004-04,WLS,6,2570,-0.009366208294775096,,0.0015297471695886046,0.0014803681391090788
2004-05,WLS,6,2549,0.09143478409395607,,-0.006002628827627387,-0.004840228431108586
2004-06,WLS,6,2632,0.06683474928687848,,-0.007562992506698217,-0.011024239439684159
2004-07,WLS,6,2616,0.018446055572131928,,-0.0005999479876505842,-0.004012119510658879
2004-08,WLS,6,2610,0.08826124053114784,,-0.007599048269940936,-0.004187606511579285
2004-09,WLS,6,2595,0.02186360939417997,,0.0012020599373142437,-0.001759495273391949
2004-10,WLS,6,2578,0.12056880366439043,,-0.008447035563935642,-0.004540486111280761
2004-11,WLS,6,2559,-0.0023710603228097203,,0.004013321692468239,0.00221540516688524
2004-12,WLS,6,2540,0.023201178643135516,,-0.0010385746900823778,-0.007038557326102735
2005-01,WLS,6,2529,0.13767971919379746,,-0.0096942775565637,-0.008765609540568835
2005-02,WLS,6,2513,0.0009151146762060676,,0.0004663429252145337,-0.0032123020257817498
2005-03,WLS,6,2497,-0.08815325270998829,,0.00461091991945797,0.005430463161730559
2005-04,WLS,6,2479,0.0019568416863136435,,0.002992585450368233,0.0031690959069276105
2005-05,WLS,6,2465,0.08166231183728165,,-0.00520050919745141,-0.00857299052710294
2005-06,WLS,6,2521,0.07291778255370342,,-0.0015730426939552212,-0.0028736073955652214
2005-07,WLS,6,2502,0.03871195129764597,,-0.005864213199892199,-0.003050237102560388
2005-08,WLS,6,2487,0.06124780952684939,,-0.006221315669013481,-0.004155504886780204
2005-09,WLS,6,2466,-0.10055620516617313,,0.006704884213668142,0.006208923046304359
2005-10,WLS,6,2451,0.02008441960365996,,5.62053755077496e-06,0.0025743584478871363
2005-11,WLS,6,2433,0.020786787131960378,,-0.0025576321470851555,-0.002101605900984171
2005-12,WLS,6,2411,0.13558587124254093,,-0.008419900250027583,-0.008917395837097138
2006-01,WLS,6,2398,-0.035940181557602625,,0.0028880158414828845,0.0022112501988943113
2006-02,WLS,6,2381,0.05158771299491064,,-0.0037107394108427567,-0.0018388952353405852
2006-03,WLS,6,2370,0.06970257875025203,,-0.006206401502315879,-0.005487691015505979
2006-04,WLS,6,2351,-0.012970452876407692,,-0.0015421342455378844,-0.0023610676720249467
2006-05,WLS,6,2337,0.02333490434088459,,-0.0009451084017697905,-0.003372862455496063
2006-06,WLS,6,2439,0.023043404137801097,,-0.0009277000097407789,-0.00501659907367476
2006-07,WLS,6,2426,-0.04798577572564721,,0.005470786807840188,0.00614620882569757
2006-08,WLS,6,2414,-0.005586096215953853,,0.0036031416504560825,0.0008071657762609142
2006-09,WLS,6,2397,0.04227054470139025,,-0.0004983397055993713,-0.001347752295286959
2006-10,WLS,6,2381,0.05316859765854266,,-0.0045164906265630815,-0.001728962201959754
2006-11,WLS,6,2360,0.03358080305089079,,-0.002875646411517399,-0.00226119651409243
2006-12,WLS,6,2330,-0.011000744282862122,,0.0025526175526322755,0.0022770709697640893
2007-01,WLS,6,2317,-0.007619285789014716,,-0.002083758755805588,0.00034325274620577284
2007-02,WLS,6,2299,0.03698376738397709,,-0.003202492216360007,-0.001973945969846857
2007-03,WLS,6,2278,0.003408145860335925,,0.0025488789088934476,0.003369031589922331
2007-04,WLS,6,2259,0.08401501318802478,,-0.005157844121279957,-0.0033154703817154484
2007-05,WLS,6,2235,0.0023151964084888016,,-0.0015845707626385495,-0.0010280353794003762
2007-06,WLS,6,2367,-0.06650556158788493,,0.0008691487071304392,0.006105552261721129
2007-07,WLS,6,2342,-0.03726634826124075,,0.003688458913574547,0.003985474964208683
2007-08,WLS,6,2324,0.0017782637386700535,,-0.0007264787989818884,0.006262647024117182
2007-09,WLS,6,2300,-0.058314872668291357,,0.004371972406293122,0.009333294056225384
2007-10,WLS,6,2275,-0.060988054026695125,,0.003858201829606368,-0.001201566714643948
2007-11,WLS,6,2250,0.018537671435665565,,-0.0029248898496261467,-0.00038434068982942177
2007-12,WLS,6,2240,-0.034017584016751305,,-0.0006603497176161766,-0.005486233066013562
2008-01,WLS,6,2228,0.05922753449126781,,-0.00501444442524542,-0.007475657120382245
2008-02,WLS,6,2212,-0.040645063899205705,,0.0026523285695276427,0.004673294944392197
2008-03,WLS,6,2196,0.0983934582128583,,-0.0035128005104250546,-0.006331517195696741
2008-04,WLS,6,2174,0.05066195796738399,,-0.0026114552819891776,-0.0010608843830906061
2008-05,WLS,6,2167,-0.044704437658133325,,0.0009129001226811644,-0.004773229501894179
2008-06,WLS,6,2323,-0.04619933026689762,,0.007187552464865232,-0.0015686907762631642
2008-07,WLS,6,2306,0.03369389121800956,,0.0027690647219744792,-0.0046480317436802246
2008-08,WLS,6,2292,-0.09965187336280815,,0.009390380537100096,-0.00924955152442721
2008-09,WLS,6,2274,-0.25000507900021723,,0.012601791494399323,0.00066311461472759
2008-10,WLS,6,2258,-0.04189343701712641,,0.0009386285133932043,-0.0050927025537156915
2008-11,WLS,6,2242,0.06910813116142982,,-0.0011584054181058101,-0.006507217468520753
2008-12,WLS,6,2228,-0.14020648434426708,,0.005901302096826473,0.006868686588267083
2009-01,WLS,6,2215,-0.2123170611104092,,0.014388075247269037,0.005985657448624889
2009-02,WLS,6,2198,0.043954108733054845,,0.0037944528894931473,0.0032465314856867404
2009-03,WLS,6,2180,0.19454535721139102,,-0.013672520575867429,-0.0028117660836038108
2009-04,WLS,6,2167,0.010481485259013388,,-0.003346934280443384,0.007843052564356634
2009-05,WLS,6,2153,-0.09389385758437646,,0.011258681802075083,0.005644621353380096
2009-06,WLS,6,2286,0.14758442571882424,,-0.008128503428843034,-0.0035043383505306957
2009-07,WLS,6,2276,0.05046137098331785,,-0.0028240690430856794,-0.0016780571541132954
2009-08,WLS,6,2267,0.09764450883186969,,-0.006842105175802263,-0.001832121895228956
2009-09,WLS,6,2252,-0.10547718685852817,,0.009577523104691845,0.004537044490048646
2009-10,WLS,6,2232,0.006718423765221231,,0.001880118153942073,0.006599543978523915
2009-11,WLS,6,2221,0.11126893473233326,,-0.006952581949591664,-0.006405008553523384
2009-12,WLS,6,2209,-0.0547565199093033,,0.0014754836801438944,0.0006338962830015693
2010-01,WLS,6,2190,0.09921105390880404,,-0.0038935363140459333,-0.006108672236814431
2010-02,WLS,6,2178,0.10177090871311159,,-0.005112835013543886,-0.0016762446954264418
2010-03,WLS,6,2164,0.06822640570340342,,-0.0051512580007098295,-0.00224830049383793
2010-04,WLS,6,2157,-0.11572918112607725,,0.0037594752857887663,0.0025467799257740294
2010-05,WLS,6,2151,-0.1529410672263287,,0.006220426351906752,0.00923654337865763
2010-06,WLS,6,2273,0.06870844557619933,,-0.0019429911478262385,0.002047843227860653
2010-07,WLS,6,2257,-0.08067857053905061,,0.00277882900758972,0.0035680624080308737
2010-08,WLS,6,2246,0.06488907935065494,,0.0024819017861633357,0.004126527459049134
2010-09,WLS,6,2230,0.02124072798277092,,-0.0002989436947920417,0.003990908260350363
2010-10,WLS,6,2212,0.031129142065745716,,-0.002842934390949702,-0.0004645276101791926
2010-11,WLS,6,2188,0.11125396152182439,,-0.00739570583753366,-0.001399960273378136
2010-12,WLS,6,2171,0.032912799163855436,,-0.0042980184599045014,0.0017710003904037872
2011-01,WLS,6,2159,0.07454620918734321,,-0.005530390985649707,-0.0014752294134717202
2011-02,WLS,6,2148,0.020099377097464413,,-0.0019260241031375152,0.00017554317918727476
2011-03,WLS,6,2134,0.03467413061865507,,0.0028273467457565634,-0.00240639548129153
2011-04,WLS,6,2120,-0.04044830260034181,,0.005006806114201509,0.0003567732889822467
2011-05,WLS,6,2094,-0.031658190195633255,,0.0025994324792921893,0.00062801000457776
2011-06,WLS,6,2152,-0.10976141640385208,,0.007791239092434108,0.008025195745294327
2011-07,WLS,6,2142,-0.08778675825059719,,0.006460747125811814,-0.0007603102274878729
2011-08,WLS,6,2134,-0.10667954960472642,,0.009615283630537888,-0.0030482204181803934
2011-09,WLS,6,2121,0.16281270577004964,,-0.009038087366882804,0.00010631411163839563
2011-10,WLS,6,2108,0.06368686580969968,,-0.004410750958832209,-0.005809800866775077
2011-11,WLS,6,2094,0.07306708680755843,,-0.0038484668455602924,-0.008200337426852411
2011-12,WLS,6,2082,-0.034723218541618424,,0.005539331948578472,0.009429546463183298
2012-01,WLS,6,2072,-0.016208933920846477,,0.0032491921957993357,0.006510192171801009
2012-02,WLS,6,2065,-0.07000340501801515,,0.011179043338619526,0.005838132272100926
2012-03,WLS,6,2053,-0.014526664703146971,,0.0009192501121799243,0.0007743111899855664
2012-04,WLS,6,2045,-0.05282773212439239,,0.0038109662656842145,-0.0050010267413472505
2012-05,WLS,6,2035,0.08607815914711126,,-0.004770931778452417,-0.00371663570076529
2012-06,WLS,6,2090,0.03957528136950533,,-0.002340601565473111,-0.002748276950921575
2012-07,WLS,6,2076,0.012953164271731632,,0.00104630776796937,0.001169475315717467
2012-08,WLS,6,2067,0.016653301081908982,,-0.0015226833669256172,0.002092509827626882
2012-09,WLS,6,2052,0.04069682686079987,,-0.005186740267365073,-0.005707997401923199
2012-10,WLS,6,2039,-0.02290203725868143,,0.00199121300276174,0.003788543149856669
2012-11,WLS,6,2022,0.039402494167046165,,-0.004783812067811243,-0.000994309618101735
2012-12,WLS,6,2015,0.10559069668028273,,-0.004734811154668182,-0.004338659949273651
2013-01,WLS,6,2006,0.037503145645402865,,-0.002092431562639177,-0.0024494659757700226
2013-02,WLS,6,1998,0.0468240127063837,,-0.0007347379483080524,-0.0006218971593754202
2013-03,WLS,6,1989,0.0466885097040024,,-7.830032852575699e-05,-0.005302416560877328
2013-04,WLS,6,1978,0.05082540374253045,,-0.0017021468804747726,-0.002888690423656491
2013-05,WLS,6,1965,0.018878833984034726,,-0.002748411169659836,-0.003013712760792899
2013-06,WLS,6,2057,0.03697791293990823,,0.0007517629592312743,0.0022746821200310984
2013-07,WLS,6,2043,-0.03806826619405363,,0.0003994322145272758,0.0020403959394380325
2013-08,WLS,6,2034,0.015732394852111097,,0.00041707297557777795,0.0034727100029313196
2013-09,WLS,6,2018,0.04535508605869414,,-0.0007296550627674551,0.0004058087506046325
2013-10,WLS,6,2001,0.007524848352200166,,0.003150232809470669,0.000650847685871547
2013-11,WLS,6,1993,0.058086799034413696,,-0.00463695973241695,-0.0010516697519973614
2013-12,WLS,6,1981,-0.0587803119193395,,-0.00028764133279029754,0.0037716655453095367
2014-01,WLS,6,1962,0.06329987032008463,,0.00020216941493843337,-0.0022163053305816363
2014-02,WLS,6,1956,0.0852745652777397,,-0.005731402683179246,-0.007990837155327972
2014-03,WLS,6,1949,0.05711438146853176,,-0.004559658594498165,-0.004249968713978252
2014-04,WLS,6,1940,0.01773518461602167,,-0.0007668117393627136,0.0013906805327219952
2014-05,WLS,6,1934,0.0372302091309212,,-0.0018824325406206499,-0.0007437710959720019
2014-06,WLS,6,1990,-0.01817851086571254,,0.0014227848241065199,-0.0010360577230862618
2014-07,WLS,6,1984,-0.004146000526820456,,0.004324736988401979,0.0038633872314553573
2014-08,WLS,6,1977,-0.0542343761222133,,0.0054908868023186555,0.00048554465995294903
2014-09,WLS,6,1965,-0.031149240325501284,,0.0057095101508985845,0.003771380845720295
2014-10,WLS,6,1958,-0.010875167122570611,,0.007567717023463547,-1.0023514583337017e-05
2014-11,WLS,6,1949,0.0382136333387092,,-0.0021458049239573666,-0.005590317418655828
2014-12,WLS,6,1933,-0.11605073318674536,,0.008344745734456469,0.008129700871318965
2015-01,WLS,6,1921,0.04570487435157006,,-0.0005490036406234049,0.00393059265554971
2015-02,WLS,6,1911,-0.03168714112381729,,0.0019504031460525536,0.0006917604303070307
2015-03,WLS,6,1905,-0.0009012690263340785,,-0.0020668779188669382,0.003550180122277648
2015-04,WLS,6,1899,-0.018619288352544207,,0.003205277916769324,0.0022413656148402264
2015-05,WLS,6,1888,-0.052558324276039695,,0.0033949875295019917,0.0022406617157775337
2015-06,WLS,6,1942,-0.1227579842171927,,0.012002369760640038,0.011089155046872695
2015-07,WLS,6,1932,-0.04780199437937993,,-0.0004902862867851559,-0.001487906308650449
2015-08,WLS,6,1923,-0.061745186737946746,,0.0044174478956463484,0.0015035418403563303
2015-09,WLS,6,1905,0.04833561012067459,,-0.0008080810057250468,0.006587926880710858
2015-10,WLS,6,1901,-0.021979709262993745,,0.0013883184344707967,0.0030853259607223787
2015-11,WLS,6,1888,-0.11272420991461111,,0.008569414445029426,0.006904973973070902
2015-12,WLS,6,1868,0.03200626966908389,,-0.0026683018491612575,-0.011962341541558716
2016-01,WLS,6,1854,0.04505258104019234,,-0.0035133273125386912,-0.0030085799112014268
2016-02,WLS,6,1844,0.07497797479412906,,-0.0016777567288755594,0.0007217064515690463
2016-03,WLS,6,1829,0.04134940436192889,,-0.00658490004157435,-7.213589226576453e-05
2016-04,WLS,6,1813,-0.04325581343268431,,0.005641811561074544,0.004690674051320818
2016-05,WLS,6,1804,0.04903326610059715,,-0.0029329960380660583,-0.004018033918940297
2016-06,WLS,6,1883,-0.030106394408315817,,0.007357309524853661,0.00527413510180195
2016-07,WLS,6,1868,0.026566471073102546,,-0.0024161359114056,-0.0026526287281141655
2016-08,WLS,6,1854,0.005650047087979786,,-0.0012320557872714688,0.0011017857048804295
2016-09,WLS,6,1848,-0.024070653758827706,,-0.0003654220919465384,-0.000148105204203363
2016-10,WLS,6,1833,0.14999412190770056,,-0.011983179098402701,-0.0075430095712346185
2016-11,WLS,6,1825,0.03939372862574279,,-0.0017117990209391909,-0.0028613416735904433
2016-12,WLS,6,1815,-0.06712817550640102,,0.004943164463516277,0.010598971749193354
2017-01,WLS,6,1804,-0.018339582377343067,,0.006547399288149226,0.0023771935587956696
2017-02,WLS,6,1791,-0.015841356812593178,,0.003317893784730036,0.0009139315391497541
2017-03,WLS,6,1778,-0.03430193204070914,,0.004717708332214628,0.0036990207455240356
2017-04,WLS,6,1767,-0.056982491444663226,,0.006527886489546574,0.006031565494821264
2017-05,WLS,6,1755,0.001176189579332785,,-0.0010416583092850275,0.0005416510811176653
2017-06,WLS,6,1864,-0.03648657361774483,,0.0033749699924385886,0.006297105953517958
2017-07,WLS,6,1853,-0.004676271930473166,,0.0013783412289946307,0.00020271665055032528
2017-08,WLS,6,1836,0.06836160230215185,,-0.005581424991161988,-0.002358645277281844
2017-09,WLS,6,1828,-0.06882256834095989,,0.009358680998054966,0.006859998021282122
2017-10,WLS,6,1815,0.0668214251865844,,0.0003059322434787424,-0.0061029049822259795
2017-11,WLS,6,1803,0.037302066712898325,,-0.0034556174765336713,-0.0007313075653055853
2017-12,WLS,6,1798,-0.1361511487436245,,0.015007548316755248,0.019032184290889504
2018-01,WLS,6,1787,-0.12360002056932451,,0.007190357478356379,0.008133796365665512
2018-02,WLS,6,1779,-0.005266650233885003,,-0.0007225724783423514,-0.0022349778504041095
2018-03,WLS,6,1772,-0.02660016646275165,,0.0014313994694778779,0.003713052919378175
2018-04,WLS,6,1770,-0.011024611663779361,,0.0023458912394767,0.005295208229504789
2018-05,WLS,6,1759,-0.025133776633709384,,0.004554577316472772,0.0008311915029451768
2018-06,WLS,6,1825,0.052987977863316826,,-0.0010230153692869174,-0.0030968543747228036
2018-07,WLS,6,1816,-0.08642375204521174,,0.012869279884201107,0.009208186753259382
2018-08,WLS,6,1816,0.010610289097552785,,-0.0015969263541095804,0.0009206414962584902
2018-09,WLS,6,1805,0.10423025389167646,,-0.01227918999808653,-0.019737235094679048
2018-10,WLS,6,1791,-0.04410032382600206,,0.005308568895062297,0.003968308730605283
2018-11,WLS,6,1778,-0.12007700043402805,,0.004006410698103836,0.0004367184377826834
2018-12,WLS,6,1770,0.016767541337303016,,0.002822487966774058,0.008226818366377672
2019-01,WLS,6,1761,0.030322068983510735,,-0.0004245107705201692,0.0013027964017467378
2019-02,WLS,6,1748,-0.035988210909793025,,0.00414264378779354,0.005259390603901664
2019-03,WLS,6,1739,-0.040633050378294545,,0.005445571474812072,0.007736349092069908
2019-04,WLS,6,1734,-0.07162525040536619,,-0.0004010248168420788,-0.0002614013159307832
2019-05,WLS,6,1728,0.08611396109163154,,-0.001312313756096477,3.759308054691401e-05
2019-06,WLS,6,1820,0.002549018692298904,,0.000993254956590316,-0.0002062489649139245
2019-07,WLS,6,1810,-0.032212208610327024,,0.002689803940449163,-0.0014987137302656447
2019-08,WLS,6,1801,0.10659544229832268,,-0.006613257380848543,-0.009326157581730587
2019-09,WLS,6,1790,-0.01795195279822961,,0.004065516221536985,0.002955689598272679
2019-10,WLS,6,1779,-0.00746153915419001,,0.002169573197941513,0.005837526962840266
2019-11,WLS,6,1763,0.03649619965143066,,0.0003244548591352766,-0.0013218332457195254
2019-12,WLS,6,1761,-0.22437709752213103,,0.014879155858570484,0.022788813874890117
2020-01,WLS,6,1758,-0.16376065337995827,,0.008434187297730942,0.006200412967651127
2020-02,WLS,6,1752,-0.382708370897369,,0.026867232132945798,0.018298591633898447
2020-03,WLS,6,1744,0.11166341092244027,,0.003178265650506985,0.002366394190013607
2020-04,WLS,6,1735,0.040821349044016485,,0.0015803339187718942,0.0009788184770615957
2020-05,WLS,6,1724,-0.12717247245622815,,0.010726453425640383,0.016118628088903304
2020-06,WLS,6,1786,-0.0730167369701248,,0.009125814292421633,0.013963126593685883
2020-07,WLS,6,1779,-0.1311066798095727,,0.012381840081410092,0.023826682916907913
2020-08,WLS,6,1773,0.057615052487417176,,-0.006075864569988366,-0.01007549582522289
2020-09,WLS,6,1763,0.022126412870883273,,-0.003912797216654691,-0.004663517936667532
2020-10,WLS,6,1760,0.21641766351223163,,-0.013848391663670755,-0.0017758395797166297
2020-11,WLS,6,1750,-0.018448048374577055,,0.0010675476118547438,0.010343915134674635
2020-12,WLS,6,1741,0.006884958067313871,,-0.0018473965409059137,0.0007602019877301975
2021-01,WLS,6,1735,0.23462176065880624,,-0.017408529466990813,-0.018097689996281474
2021-02,WLS,6,1732,0.16348535509181938,,-0.0063240474105602865,-0.01616694560059257
2021-03,WLS,6,1720,-0.061504024488494805,,0.008201531307653526,0.00956270160104294
2021-04,WLS,6,1714,0.11413933321575467,,-0.007994406239501574,-0.01110611599764335
2021-05,WLS,6,1707,-0.17544996639641636,,0.01593334533410543,0.019242521551936967
2021-06,WLS,6,1783,-0.06194705034760994,,0.0072891187655252385,0.005688130097146852
2021-07,WLS,6,1776,-0.09116534132225304,,0.01002903693901634,0.00991486624672554
2021-08,WLS,6,1768,-0.01006085015616877,,-0.007063434653959877,0.001502551307050772
2021-09,WLS,6,1757,-0.11494149063143783,,0.01171533181358974,0.01907191022691139
2021-10,WLS,6,1750,-0.1877434832444304,,0.01765139483406819,0.012900094975265496
2021-11,WLS,6,1741,0.17413388842453925,,-0.009257855714435556,-0.014532083067569455
2021-12,WLS,6,1737,0.07281902393728876,,-0.013253482615999616,-0.009026286766306344
2022-01,WLS,6,1732,0.00907209827608373,,-0.006784264620061896,0.0014357335119879046
2022-02,WLS,6,1722,-0.014024420604883481,,0.0014122758945733593,0.008168816920047173
2022-03,WLS,6,1717,0.12299231066634317,,-0.01382316267331376,-0.02215296425144062
2022-04,WLS,6,1707,0.1375394921059941,,-0.013707285345717166,-0.009320691226079106
2022-05,WLS,6,1703,-0.11493434764163557,,0.004511101810715434,-0.00039700250139981525
2022-06,WLS,6,1799,-0.08129701807031461,,0.012886965255268938,0.01781012896495301
2022-07,WLS,6,1793,0.013926335042447441,,-0.005985823483325403,-0.002887047881175708
2022-08,WLS,6,1786,-0.06324102283712024,,-0.0010473729390219823,-0.004391566499747782
2022-09,WLS,6,1776,0.27151079104336584,,-0.01701233395741871,-0.014848503877565354
2022-10,WLS,6,1771,0.0714759081349096,,0.0001563237701875588,-0.00474759798624931
2022-11,WLS,6,1762,0.06322048075298355,,-0.0074032869050508435,-0.014771066477585068
2022-12,WLS,6,1758,-0.0552895398007603,,0.00783207028602361,0.013401043570959123
2023-01,WLS,6,1748,-0.14137284358952693,,0.008087294597302699,0.012429231148013078
2023-02,WLS,6,1736,-0.1448930358727002,,0.01891206443867216,0.012047659990028275
2023-03,WLS,6,1729,0.01520642048968766,,0.003564739261792241,-0.006692014561816176
2023-04,WLS,6,1721,-0.2973777243170904,,0.022620195945664504,0.028145074056039002
2023-05,WLS,6,1714,0.03402501354138279,,0.0005805561792552245,0.00608382215838364
2023-06,WLS,6,1854,0.06070360717207153,,-0.0010124262649074307,-0.004956439014798066
2023-07,WLS,6,1844,-0.06721774634384818,,0.0057556977164233015,0.002221828994589984
2023-08,WLS,6,1832,-0.004399067556128398,,-0.0022188097491156575,-0.0058840326237108035
2023-09,WLS,6,1822,-0.09859066585415112,,0.009643058401971556,-2.239079139634989e-06
2023-10,WLS,6,1810,-0.04364752292325564,,0.00720188072144058,0.01535286226958338
2023-11,WLS,6,1800,0.1142980960157525,,-0.005735367454235772,-0.004409253979136871
2023-12,WLS,6,1793,-0.07425281801148663,,0.010310928383496553,0.004302983283814122
2024-01,WLS,6,1786,-0.015797771083221033,,0.011037705996514494,0.0017414466919044103
2024-02,WLS,6,1781,0.12047849245126382,,-0.006181975878403838,-0.008878221240680287
2024-03,WLS,6,1772,-0.06567829248943674,,2.2827744806561343e-06,0.001939511156645424
2024-04,WLS,6,1759,-0.03535214584059108,,0.008971737769983749,0.0031136708524583103
2024-05,WLS,6,1752,-0.18794055769471624,,0.019633243009868993,0.01606207862303396
2024-06,WLS,6,1969,0.15567258044549606,,-0.016440102647399975,-0.008543325852647573
2024-07,WLS,6,1955,-0.03126295411741803,,0.004687566271350252,0.0014362442244811732
2024-08,WLS,6,1948,0.012050784771385537,,-0.00039202277398693553,0.0025397285859047754
2024-09,WLS,6,1935,-0.0871266290720034,,0.0064085538416581815,0.005015757769783007
2024-10,WLS,6,1922,0.050814986947152564,,-0.001311016606706131,0.003653715952473456
2024-11,WLS,6,1911,-0.12435996537384174,,0.007891572518075258,0.007336247912599173
1973-06,WLS,7,1444,0.09678084672756775,-0.005749564970332754,-0.0013370953869997963,-0.0028952486179491775
1973-07,WLS,7,1442,-0.026922192396241666,0.0006231176277363294,-0.0035883573640265345,0.0010296457937079967
1973-08,WLS,7,1442,0.16263241334474332,0.002032732001764237,-0.01014319488245542,-0.008079468705714235
1973-09,WLS,7,1443,-0.14834607047178958,0.012224861337605909,-0.0019458982491015347,0.015067128186362721
1973-10,WLS,7,1441,-0.3719894220634566,0.020079792499289498,-0.0008604953743452168,0.02399232072640634
1973-11,WLS,7,1443,0.02614710971131806,0.007849467666252665,-0.014341380126145789,0.0053098812956478714
1973-12,WLS,7,1442,0.12198942604216549,-0.005142087300062798,0.00934669112178801,-0.021486459924918388
1974-01,WLS,7,1439,0.002757571757110825,0.0034441287256812697,-0.0034014921047428436,0.00033090422094422817
1974-02,WLS,7,1439,0.0060594290725971,-0.004174050799301022,0.003689896697162812,-0.004868876782281929
1974-03,WLS,7,1439,-0.020097679319131624,-0.002066701300057087,0.0028296593620520337,-0.0038033560021818766
1974-04,WLS,7,1438,0.010014029754251658,-0.009057881362796064,0.004555251278334936,-0.005168444636477279
1974-05,WLS,7,1436,-0.07410380975654123,0.006045880480750131,-0.0011949155939176086,0.005979400749759309
1974-06,WLS,7,1559,0.007290105579181385,0.0019451286319403015,-0.00830034706548295,-0.006300784219427304
1974-07,WLS,7,1559,-0.21379202741136052,0.016309377301967885,-0.0012960938016438723,0.010716337142770035
1974-08,WLS,7,1554,-0.10686310745651972,0.010015711820808983,-0.007558235276999625,-0.000443502505652355
1974-09,WLS,7,1555,-0.14498429668905224,0.00800400938310031,-0.002161564134847351,0.03554214189061395
1974-10,WLS,7,1551,-0.048199326961691935,0.00011209893468924424,-0.0016523370089564745,0.0007598443156745085
1974-11,WLS,7,1550,0.03109294919704492,-0.0028390359177229933,-0.003831139372575688,-0.004170028951321376
1974-12,WLS,7,1553,0.3600851620399864,-0.0018801089231759826,0.009255052947707723,-0.033701171027731194
1975-01,WLS,7,1551,-0.1495913236571178,0.007325525490389693,0.007916336722458457,0.01811319454916853
1975-02,WLS,7,1548,0.3751817943439828,-0.025344635987770352,-0.0011692615063994673,-0.03187001076695405
1975-03,WLS,7,1547,0.33611323218896233,-0.026054245027580122,-0.00591940262148505,-0.021931648683801028
1975-04,WLS,7,1546,-0.06287592204563809,0.007959694211493075,-0.0008112133126854751,0.011134998856525356
1975-05,WLS,7,1543,0.29029706944675576,-0.01739580610467814,-0.006001297271887878,-0.019860341606254737
1975-06,WLS,7,1955,0.06475241753971399,-0.004068872025043251,-0.007809926011308754,-0.00913729782046478
1975-07,WLS,7,1954,0.07432906883738104,-0.009195779620812819,-0.002270211065835403,-0.007218390110028977
1975-08,WLS,7,1954,0.009706598080941821,-0.0030892726081943505,0.0007133486525337117,-0.005679845582267192
1975-09,WLS,7,1954,0.04346289291715556,-0.004072368749246995,0.008347939856411336,-0.0025336539413041833
1975-10,WLS,7,1954,-0.030283873447988757,0.005384226689883675,0.004576113056292657,0.00196336278604136
1975-11,WLS,7,1949,0.03563904424057429,-0.00035284127615491367,-0.005564364184935562,-0.00271643101590441
1975-12,WLS,7,1897,0.2471224992425358,0.0018416349028557585,0.0007433721316099206,-0.01483435250096621
1976-01,WLS,7,1896,0.0253989806385276,0.01103879848221136,-0.001730943942108832,-0.004855158672777221
1976-02,WLS,7,1911,0.04908652418660779,-0.0038905024462580497,-0.0006095011696083942,-0.0013126114192802511
1976-03,WLS,7,1903,0.03840297458204709,-0.0012008214886993457,-0.007409698122435638,-0.001191843609897385
1976-04,WLS,7,1917,-0.018926198903284217,0.00039799996727168246,-0.0018652719525565048,0.0015141401599930231
1976-05,WLS,7,1911,-0.0430392010610574,0.009367340852344285,0.002992852595214031,0.004967081072030055
1976-06,WLS,7,2363,-0.06382524401943857,0.006437885236997741,0.0032511081521710604,0.0013655346262697625
1976-07,WLS,7,2168,-0.18070434092989665,0.013539205842251396,0.0036285247118916426,0.013907041555590496
1976-08,WLS,7,2162,0.12509883694977306,-0.007008384623363427,-0.0024876856520626004,-0.008427497880372463
1976-09,WLS,7,2328,-0.044134108202474154,0.0008125727712563276,-0.00458809500865895,0.004743848924964405
1976-10,WLS,7,2325,-0.03640016347562768,0.008375337646879586,3.226560469665259e-05,0.0013299362356733312
1976-11,WLS,7,2332,0.1910825948588624,-0.006511186652126228,-0.002367239493892621,-0.013393661271261133
1976-12,WLS,7,2296,0.014936600313327804,0.005549071061521078,-0.00016020359194985248,-0.009456645888421768
1977-01,WLS,7,2285,-0.10222770781570971,0.0073199689248766185,0.00193868860751779,0.006569325963303832
1977-02,WLS,7,2300,-0.0557632941690372,0.0054433373511875525,0.00149807241211964,0.0018161615785912625
1977-03,WLS,7,2294,0.15231084226679872,-0.006732580498752285,-0.007231407640044275,-0.012124838532204084
1977-04,WLS,7,2278,-0.027111735671812815,0.0031194287629618127,-0.0002287292707970208,3.500074999265211e-05
1977-05,WLS,7,2273,0.025487979462199887,-0.0005973600882638971,0.005842736925497869,-0.0011611398043242498
1977-06,WLS,7,2409,-0.03687227856441557,0.00031914689458191475,0.00460476714976212,-0.0013104203201567354
1977-07,WLS,7,2396,-0.12914864568804083,0.0026964201210965292,0.006782939438554762,0.00875593889633289
1977-08,WLS,7,2384,0.028804208301306207,-0.0011241432130565507,-0.0022329637468819,-0.002405567689836698
1977-09,WLS,7,2366,-0.01729749927999923,-0.000691374735899634,0.003091051100299288,-0.004963771507028656
1977-10,WLS,7,2360,0.001735849727731182,0.005108628605651668,0.0039135828295016025,-4.4265925486851466e-05
1977-11,WLS,7,2352,0.009977736840878998,0.00043144259497068023,-0.00014102162571506824,-0.0008408900733645739
1977-12,WLS,7,2330,-0.1311106242996182,0.008948875164761134,0.004742484524136289,0.0021018273087241783
1978-01,WLS,7,2318,-0.04710550454000745,0.007142227294214122,0.000715365357064955,0.0005422880529532816
1978-02,WLS,7,2309,0.11584491034791965,-0.0022976608590152695,-0.0013816597352969556,-0.009521810232047926
1978-03,WLS,7,2297,0.11177544074798676,-0.00781449284152062,0.002007563802033253,-0.0010203156661798556
1978-04,WLS,7,2280,0.06054211209095917,-0.0013990375765942373,0.003100006366971725,-0.006856811192751657
1978-05,WLS,7,2259,-0.08588904842446055,0.0045795193510282505,0.003989882421604609,0.0035688953470767804
1978-06,WLS,7,2353,0.16322720782542652,-0.010970519843671754,0.00038810554289185113,-0.009152913068658891
1978-07,WLS,7,2332,0.06777498950054411,-0.0013421346964438473,-0.0009827431850301062,-0.002780088367520036
1978-08,WLS,7,2322,-0.03526843222749509,0.0063121370305745505,-0.0036425191781318087,0.0021932509472866344
1978-09,WLS,7,2324,-0.23436448022162043,0.005274034618264316,-0.0001443449160370428,0.013136331905092169
1978-10,WLS,7,2312,0.009669522712342752,0.0026964492297929096,0.0007065055085510693,0.000623731294118849
1978-11,WLS,7,2303,0.01605080963650135,-0.004230865271340132,0.0016076371005510379,0.0004923917737495767
1978-12,WLS,7,2283,0.07629883911357005,0.0014396713120712373,-0.0008332808067529965,-0.005174291703458917
1979-01,WLS,7,2257,-0.10111686541401699,0.006297752985186855,-0.002484702204158106,0.0072032961957457725
1979-02,WLS,7,2256,0.1602014462404218,-0.0059539000606632355,-0.0032103018540747094,-0.008662130913628507
1979-03,WLS,7,2249,0.0810721231192653,-0.004919158993992709,-0.00017146586882478405,-0.008206805713226255
1979-04,WLS,7,2242,-0.07492955619393131,0.00316765310189398,-0.00011401903707130342,0.004800132891666204
1979-05,WLS,7,2230,0.1287007887215598,-0.005062338302927816,-0.006547494313271985,-0.005882699451457413
1979-06,WLS,7,2302,0.09550596355309082,-0.004007586652868048,-0.004593496494840054,-0.006783349378874923
1979-07,WLS,7,2286,0.0361613583206985,0.003274700385514284,-0.0003590237268592442,0.0025968675920029585
1979-08,WLS,7,2271,0.0930284988423354,-0.005395019107920888,-0.005460437006437408,-0.006923414048734559
1979-09,WLS,7,2269,-0.03212473235333486,-0.005970286952562353,-0.0032776153442065315,-0.0010067501575067583
1979-10,WLS,7,2261,-0.12211942062513112,0.013099481264265361,-0.0034121498434231366,0.01978353897005506
1979-11,WLS,7,2248,0.016438618130624225,0.0027676401830101123,-0.005824598652980676,0.004182317847696332
1979-12,WLS,7,2221,0.21405511091273438,-0.005006956354793767,-0.014875696050947861,-0.007206866696893332
1980-01,WLS,7,2197,0.17024204567317205,-0.009547015592724858,-0.011850166119126414,-0.011506409451839186
1980-02,WLS,7,2189,-0.09747490506924338,-0.010463475495549698,0.008576774180281937,-0.005580818090274116
1980-03,WLS,7,2177,-0.04340426098918239,0.0070316566901592985,-0.003170667961801004,0.008204731869888722
1980-04,WLS,7,2169,-0.010706082845971245,0.0055995544818010145,0.003531252535297039,0.0029730101872867737
1980-05,WLS,7,2166,-0.04474149926136835,0.005741713353267385,-0.004345182802421554,0.010177861260454522
1980-06,WLS,7,2255,0.020666671921914796,0.002752287991974252,0.006965993132045463,0.0017981008816284757
1980-07,WLS,7,2250,0.025118568968309666,-0.0014694742549717084,-0.004033059848528816,0.0029581835945547757
1980-08,WLS,7,2233,0.008411636736831556,-0.00026463732464182944,-0.007790132063136301,0.009037556494828663
1980-09,WLS,7,2227,-0.03023634511905869,0.004573664007680107,-0.005586229893881925,0.0079261430235869
1980-10,WLS,7,2219,0.31308992839177907,-0.018795688162861507,-0.01864459929181221,-0.004324512910755939
1980-11,WLS,7,2211,-0.06735308458944624,-0.0027466626751889516,0.010032028656706446,-0.0037346520708088503
1980-12,WLS,7,2206,-0.1190752085696666,0.009809616356883119,0.008579612565204545,-0.0033079061436881536
1981-01,WLS,7,2170,0.06243892405909446,-0.0035481418081695416,-0.00025514445873677633,-0.004630792658685207
1981-02,WLS,7,2163,-0.20651741650614086,0.023134437775822355,0.005434215673734048,0.017877110332906853
1981-03,WLS,7,2154,-0.11342172432410845,0.007727993984639076,0.011080158021821987,-0.0007432581165665293
1981-04,WLS,7,2149,-0.12371168447857508,0.008151173476244052,0.0073594066135260474,0.00651843224050406
1981-05,WLS,7,2139,0.04839166552980229,-0.0020563138117027143,-0.003722466029040981,-0.006862951506819349
1981-06,WLS,7,2275,0.22610624803218338,-0.022141913777617216,-0.010501102679134233,-0.013731523785047293
1981-07,WLS,7,2265,0.07731018833158522,-0.012977015740829413,0.0007463140389853497,-0.01596735577147889
1981-08,WLS,7,2246,-0.07777437472224542,-0.0006027339606583868,0.009648431970876059,-0.0075018993993503985
1981-09,WLS,7,2236,-0.08369644691553633,0.004736846563368462,-0.003013167449504854,0.019755498391115223
1981-10,WLS,7,2241,0.00969353880689836,0.003001880511778099,-0.0015167855181316078,0.0028003504434981953
1981-11,WLS,7,2231,0.012397461482325631,-0.003208076449339265,0.004162259296668117,-0.008479568567205841
1981-12,WLS,7,2222,-0.019191277085737965,-0.004136493770247634,0.011189532205330496,-0.008794912438294009
1982-01,WLS,7,2199,-0.09538194364198388,0.007303114986237836,0.010102102631139542,-0.008295742836597678
1982-02,WLS,7,2182,-0.022397200487854402,0.004023169762581706,0.002702261608166645,-0.004463792820545502
1982-03,WLS,7,2169,-0.1350194752734577,0.01221357685872832,0.004260407887089188,0.015467049622093526
1982-04,WLS,7,2163,0.20658306114269415,-0.01904358007788863,-0.0025703815877068294,-0.023158321722547916
1982-05,WLS,7,2145,-0.07124415002683483,0.005301746323518566,0.005378331749671325,-0.0011324966219242974
1982-06,WLS,7,2328,0.02983082638415143,-0.009111572739735082,0.007319603153757021,-0.00976829384584065
1982-07,WLS,7,2318,0.04643611109478547,0.008046471333458418,-0.0009259959874474219,0.00587657700579437
1982-08,WLS,7,2305,-0.0031511636398671794,-0.0005913559575544577,0.0038292233378581083,-0.0010970713010303526
1982-09,WLS,7,2292,-0.038402227649357454,0.012258191534727788,0.0010149350229119061,0.014788023319444496
1982-10,WLS,7,2282,-0.05884937303997688,0.005862290656084847,0.009622900682756957,0.004514913916032554
1982-11,WLS,7,2277,0.06699500535967712,-0.0035378804224460722,-0.0010084043678252443,-0.0057508881410452874
1982-12,WLS,7,2249,0.02740832571085341,0.002194813384430028,-0.003854540462831961,0.0025817746933792076
1983-01,WLS,7,2235,0.06735553773464793,-0.0024291973795169844,0.0013529830389463905,-0.0056797197780464985
1983-02,WLS,7,2227,-0.01967305180157094,0.005922789298491423,0.003246692793916484,0.0002063892062873493
1983-03,WLS,7,2217,-0.009057651859492765,0.00869722361502216,0.001308689496022806,0.003771649118112868
1983-04,WLS,7,2208,-0.17702187849474588,0.01571679240185484,-0.0006490804194562965,0.01794126936673967
1983-05,WLS,7,2199,0.0805735332385413,-0.004145409497848966,0.00028484183606141816,-0.0029743634226984646
1983-06,WLS,7,2372,-0.03634219422642671,0.0021290439993548902,0.001031923140206985,-0.003916611915988285
1983-07,WLS,7,2359,-0.017557797406740117,0.005841863063397451,0.001011136789171571,-0.0038815212088479036
1983-08,WLS,7,2351,0.01598125858236511,-0.004025363277683366,0.0043813890525272155,-0.0020087209466329112
1983-09,WLS,7,2340,0.019893623390619623,-0.0022448581527258126,0.002081479527008658,-0.00932237881313925
1983-10,WLS,7,2334,-0.09243174825266556,0.010476908888755552,-0.0016076566783306049,0.012922695647108077
1983-11,WLS,7,2325,0.09308537941975396,-0.007194163744895843,-0.002301949661181242,-0.009767820262905324
1983-12,WLS,7,2303,0.04577531767718281,0.002673434612323954,-0.003956612046070997,-0.011008841541240155
1984-01,WLS,7,2280,0.04831870212880377,-0.004700112209314888,-0.0012259653898816839,-0.011702115585475766
1984-02,WLS,7,2272,-0.07311309175798344,0.0070651436021741745,0.00228813686274164,0.006426355603700639
1984-03,WLS,7,2255,0.051191451185232,-0.004014850234970836,0.0017900357331152106,-0.007468589211461812
1984-04,WLS,7,2246,0.038500029531302105,-0.009475456124467761,0.0007356245533712424,-0.009848933488965254
1984-05,WLS,7,2225,-0.0007549681055495043,-0.0026449165877539178,0.002587344787682345,0.002935905510199216
1984-06,WLS,7,2495,0.09778005948279991,-0.012273158236251499,0.0003398476437807085,-0.012827278051904376
1984-07,WLS,7,2480,0.0745128397112459,0.0027315700523829946,-0.0014280933305639133,0.00543870232664709
1984-08,WLS,7,2457,-0.006558464739769372,0.0018582696033713215,0.002016032611873235,-0.007351663043612743
1984-09,WLS,7,2438,0.06401064103633626,-0.0074110184413877225,0.0009805133779985861,-0.008468027966030776
1984-10,WLS,7,2416,-0.02084648116837436,0.00099710025977624,0.0011037337547718036,-0.002960171917646984
1984-11,WLS,7,2401,0.037412311877432235,-0.0030061572788049047,-0.00043309391467826163,-0.0013326785420658437
1984-12,WLS,7,2379,0.10534198338268437,-0.004453306966478418,-0.003543668041170069,0.004918244639291712
1985-01,WLS,7,2358,0.03778425416473562,-0.0013739497177071604,0.0008929308773728379,-0.005022602396165651
1985-02,WLS,7,2348,-0.09010203546817058,0.0061173112400261034,0.0051019766543678,0.0018274083692342874
1985-03,WLS,7,2336,0.03904359912561571,-0.0022043713009846366,-0.0020277231548405357,-0.006775251839494443
1985-04,WLS,7,2319,-0.03187978588753373,0.004261755187989672,0.005670624999824964,0.005453013028810928
1985-05,WLS,7,2293,0.02527180992352451,-0.0011594911328532762,-0.0011221332046054077,-0.0010113822559759563
1985-06,WLS,7,2524,0.009844647520507928,0.0008756051528558042,-0.0016182085472172005,0.00014359470700134615
1985-07,WLS,7,2503,0.012697088199150728,-0.0008201505249728306,1.1618897204304904e-05,-0.004200031687124801
1985-08,WLS,7,2492,-0.0307536248068825,0.0001429240517612383,0.00510050090620177,-0.007431198725231165
1985-09,WLS,7,2472,0.01853140612543173,0.001024442405646815,0.003646624834913264,-0.0023863673382566414
1985-10,WLS,7,2449,0.06249020786262495,-0.004121654198097156,0.002096033714966681,0.0024346205126483025
1985-11,WLS,7,2432,0.05032347930931956,-0.005335899638092249,0.0022071444030952085,5.698510578792852e-05
1985-12,WLS,7,2415,-0.08419555871847537,0.0055393531641221225,0.00426676350868724,0.005777461794582315
1986-01,WLS,7,2400,0.15030097176177182,-0.005339630877051684,-0.0038204134529556673,-0.005052179174304338
1986-02,WLS,7,2381,0.07234842653926753,-0.004224773692835919,0.0007175925290457899,-0.0016005258148894046
1986-03,WLS,7,2362,-0.008487805092481447,-0.004071606877599086,0.0032600708725404434,0.00014165922075576483
1986-04,WLS,7,2343,-0.014649387386349468,0.004769161198937916,0.005599077148480366,0.0012173549160366178
1986-05,WLS,7,2320,0.03138659642709535,-0.0045287678700457,0.002008097238647418,-0.0035211251288573093
1986-06,WLS,7,2587,-0.04080519735358531,-0.0021374154094779534,0.0014379901248737486,-0.006583683701806503
1986-07,WLS,7,2577,0.12872317793644492,0.0019040987643279218,-0.006089997208247691,-0.00741801679167309
1986-08,WLS,7,2561,-0.07984723342229112,0.007761767589871036,-0.0024119873126391164,-0.0033231162313410697
1986-09,WLS,7,2533,-0.024999299374865183,0.005849533323602387,0.00048626723594686635,0.00872031142585806
1986-10,WLS,7,2502,0.035359220160649026,-0.0018977690266100851,0.0007221402126070874,-0.001931003294012313
1986-11,WLS,7,2453,0.0274740080052539,-0.004561822055930704,-0.0024804549336512336,-0.004101998764039083
1986-12,WLS,7,2427,0.05482552117849571,0.006715528071094066,0.0014522481723710425,0.007733012439361968
1987-01,WLS,7,2417,0.004047246783013478,-0.0013201273615556254,0.0036236003604935884,0.006978307991856965
1987-02,WLS,7,2396,0.055912232724188306,0.004018470828852026,-0.0016367308108595116,-0.0060668107607097016
1987-03,WLS,7,2376,-0.04887020835099745,0.0041515352401899535,0.0017393010192953383,0.0013210859323518262
1987-04,WLS,7,2367,-0.03721524512538205,0.002580325017733329,0.0025417764092948926,0.0029017519047461597
1987-05,WLS,7,2349,0.04070446340947781,0.00031778028480538325,0.0017809916392448927,-0.001986683516075243
1987-06,WLS,7,2700,-0.03942564825017604,0.007372238363172596,0.002475124635114644,0.007668417149775431
1987-07,WLS,7,2677,0.04294072578902334,-0.0025512650571090016,0.001379345362375911,-0.001313958299733059
1987-08,WLS,7,2657,-0.0248169643596296,0.0007144749557169896,-0.004031431830350075,0.00319902856376005
1987-09,WLS,7,2632,-0.22121091595630163,-0.002688988251566844,0.00305134231024331,-0.005213339499757853
1987-10,WLS,7,2604,-0.0768638418262977,0.001851163296471582,-0.0021154827385016007,-0.000782584451078744
1987-11,WLS,7,2583,0.1290063656071438,-0.0026990855788003054,-0.001751641596440413,-0.0038344806368885887
1987-12,WLS,7,2561,-0.017150793307040054,0.00702198138784591,0.003265943264211533,-0.001106012433587675
1988-01,WLS,7,2541,0.011603979031013456,0.00472208665288981,0.0023068203375595088,0.0021706738994046815
1988-02,WLS,7,2523,-0.023935781875419098,0.004005188829764546,-0.0018159126896235304,-0.0015063579767782519
1988-03,WLS,7,2499,0.0080081711667605,0.004656278793524594,-0.00029396717731658417,-0.003582721181339574
1988-04,WLS,7,2475,0.03507171769675239,-0.002043184935958886,-0.0023237547829654784,-0.0035696633095957594
1988-05,WLS,7,2450,0.06215973705527166,-0.0017531743975456714,-0.00016303475315077146,-0.0003102208903024333
1988-06,WLS,7,2552,-0.061666108908139346,0.005099272563612535,0.0019987543741591322,0.0020939324991060544
1988-07,WLS,7,2527,-0.08510381417275077,0.0025833441346617787,0.002086871776021385,0.0030787601533117043
1988-08,WLS,7,2508,0.04470461271067624,-0.003276648542898448,0.0008362564946729625,2.6929963161430196e-05
1988-09,WLS,7,2480,-0.043355080910281625,0.006636621613002558,0.003834743781561698,0.0021689445855414403
1988-10,WLS,7,2455,-0.00802803913638632,0.0003298169069603558,-0.0011066995634075008,-0.001469968995076089
1988-11,WLS,7,2430,-0.047026300038431584,0.002903958926189842,0.002675718192337921,0.006243972891698681
1988-12,WLS,7,2408,0.062466424050879175,0.001328534775061993,-0.0008276648590737018,0.00023413762437855356
1989-01,WLS,7,2385,-0.08623003109328463,0.00513770869968715,0.001312264369948048,0.004878232734996806
1989-02,WLS,7,2367,-0.032061301404896804,0.003743709109885597,1.833446641646968e-05,0.0048895501457127
1989-03,WLS,7,2357,0.06318548079021298,-0.0035174126898445466,-0.0023710791797527313,0.0018688330745945383
1989-04,WLS,7,2333,0.04348876874975759,-0.0037379596305365903,-0.0024938066050522443,0.0031905601420709217
1989-05,WLS,7,2308,-0.043278457353379624,0.0019523763068062501,0.001412296525362059,0.0008882658445579933
1989-06,WLS,7,2591,0.03178409158721839,-0.003756500011235305,0.004588572964650819,0.006339970363060274
1989-07,WLS,7,2562,0.0841513380845405,0.0010946657001320904,-0.004298702869302275,-0.0076788368656459955
1989-08,WLS,7,2541,-0.001255163499193505,-0.0035416742609361996,0.0009575114722150451,0.00012040067719910109
1989-09,WLS,7,2522,-0.09022799644162319,-0.000484117004804892,0.005546509131644169,0.004048027862554222
1989-10,WLS,7,2498,0.012575743074600328,-0.001777109246332743,-0.001782580918221171,0.0026482620408953216
1989-11,WLS,7,2484,0.036712147302162344,0.00104702131298911,-0.001145951096650689,-0.002836636192991237
1989-12,WLS,7,2448,-0.06722008421767806,0.0006687611422720062,-0.0012621609798251553,-0.0006697651302937396
1990-01,WLS,7,2436,-0.0034545980697562144,0.00407253097574572,-0.0016023848161242288,0.0007900196256684627
1990-02,WLS,7,2420,0.03333544021881167,-0.002350145142677065,0.0021022015589248753,-0.0006397743958935537
1990-03,WLS,7,2406,-0.06272329131698952,-0.0021661351253718666,0.004811482225384045,0.0027191863534146063
1990-04,WLS,7,2390,0.10885214978991047,-0.005798769546215171,0.0021023848605398725,-0.0016544629863531398
1990-05,WLS,7,2364,0.027329162475712137,-0.009143389239652674,-0.00016181873685545698,0.0005075039072971111
1990-06,WLS,7,2700,0.06046282276012229,-0.005014535784147741,-0.004196367741283736,-0.004297665139296002
1990-07,WLS,7,2679,-0.09307899969500935,-0.0023427430391128683,-0.001597964438846777,0.0013679415806478294
1990-08,WLS,7,2669,0.05848781765047604,-0.009514681316452741,-0.004507175039969209,-0.008753828220032409
1990-09,WLS,7,2653,-0.10718532195882308,0.0006736844716077965,0.008583189283377807,0.005746113735714904
1990-10,WLS,7,2651,0.009515788344869285,0.0032333508081429656,0.0067538683679270505,-0.00046256629488637517
1990-11,WLS,7,2638,0.11048081002560772,-0.0061223900605442555,-0.001343326762000079,-0.007841190417297854
1990-12,WLS,7,2615,-0.023355728781246567,0.005640158309792681,0.004131020437147418,0.004131914888830699
1991-01,WLS,7,2602,-0.01804547891279302,0.002913778072131899,0.0046008192258115786,0.008067467229953761
1991-02,WLS,7,2587,-0.08330630405705193,0.004653776402166654,0.009107962181521842,0.0063722882966077855
1991-03,WLS,7,2569,0.016085272790665177,4.1386272975294285e-05,-0.001248232023599496,-0.0016533898217420402
1991-04,WLS,7,2555,-0.023538888853797745,0.0058309849135896475,0.0027449416557053575,0.004326289583925905
1991-05,WLS,7,2548,-0.012229142347197177,-0.002352574743537334,-0.0004939960508971558,-0.0034847164514092096
1991-06,WLS,7,2703,-0.02079586958869351,-0.0006293028651095708,0.004912134948482136,0.005269214242726475
1991-07,WLS,7,2688,-0.011306342987363924,-0.002991418337884892,0.0034076141722369085,0.003135731484451377
1991-08,WLS,7,2681,0.01774218835101424,-0.003884568214147569,-0.0026234585060462834,-0.0019581130392652872
1991-09,WLS,7,2667,0.01568956879764167,0.0007395075095380682,0.0016899988133477952,-0.0022412183686465665
1991-10,WLS,7,2652,-0.09204034804899695,-0.005062671579916187,0.006624164104926023,0.004091373441777366
1991-11,WLS,7,2635,0.09170311695613095,-0.008611443913566103,0.004573857441734861,0.003773335983134369
1991-12,WLS,7,2613,-0.05572210678670381,0.0144134397082401,-0.0002811955064388985,0.0002942133814341929
1992-01,WLS,7,2603,-0.08297453339503287,0.01420319122404946,0.004946955655970578,0.002690454797944015
1992-02,WLS,7,2593,-0.06695525269626647,0.006729836098407901,0.0031873970967040404,1.428132289182727e-05
1992-03,WLS,7,2579,0.07162064433779813,0.0023044838971,-0.006839087630087692,-0.0036818209364387717
1992-04,WLS,7,2561,-0.020863747157926826,-0.002389322988613882,0.0011244958050547977,0.003191050716096318
1992-05,WLS,7,2522,-0.05492553946708493,0.001722397848307342,-0.0027868429434808766,0.004681811940760165
1992-06,WLS,7,2660,0.09019404032497857,-0.005374589015524272,-0.0007000257566882054,-0.004407093618510491
1992-07,WLS,7,2637,0.05221395457548577,-0.0074776218575228065,-0.0019006095440265572,-0.005075591135458375
1992-08,WLS,7,2629,0.08982629874988865,-0.004657357452170546,-0.005969850274740299,-0.004434065069997219
1992-09,WLS,7,2609,0.019242544597678303,-0.0042213734613038185,0.0021259552789098723,-0.0015405125521911534
1992-10,WLS,7,2601,-0.01841922389814001,0.0019086273433348204,0.00208481862020165,0.005145683670854384
1992-11,WLS,7,2593,0.07926254871348355,-0.0019928801397107055,-0.0058038398176809124,-0.004501594778047618
1992-12,WLS,7,2580,-0.1254154442336212,0.016988224957050237,0.002324035479659143,0.007081853842914174
1993-01,WLS,7,2567,-0.01822182119441522,0.009821837086953488,-0.00011154688383165727,-0.002602317837093025
1993-02,WLS,7,2555,0.05143853181873352,-0.000618294171547667,-0.0035380995160996195,-0.0015868223045017824
1993-03,WLS,7,2540,0.024860785832568306,0.0037969936584863894,-0.0060980007867958465,-0.005302670399971123
1993-04,WLS,7,2529,-0.006616236685037196,0.0022441022296615554,0.0033348155334223233,0.002173405898341082
1993-05,WLS,7,2519,-0.10131000865914953,0.009671073172523711,0.002307792850932741,0.006300017751568305
1993-06,WLS,7,2722,0.007394370928770237,0.004378373069538809,-0.00627477306415863,-0.00018353434886235354
1993-07,WLS,7,2710,0.045816748998402906,0.00022041444848103068,0.0008152635875589846,-0.002181630922086447
1993-08,WLS,7,2703,-0.02495330509695537,0.00419483862063738,0.0013315196727430455,-0.0008667727854436797
1993-09,WLS,7,2695,-0.09920779215827341,0.0038344862121242494,0.006592451007759032,0.011341712946809478
1993-10,WLS,7,2683,-0.051936982442423237,-0.0016414536174926895,0.0035815871280946835,0.004520499998505698
1993-11,WLS,7,2667,0.07246992011263652,-0.0020972506392580104,-0.005581858127560815,-0.0028779825444641754
1993-12,WLS,7,2651,0.07985869799788255,-0.00015611558702009374,-0.00715823035984955,-0.0011490363899546822
1994-01,WLS,7,2632,-0.02307319668559355,0.001054571714172625,0.0029258344794705505,-0.002278355819390159
1994-02,WLS,7,2617,-0.02341029631668143,0.001029646232675386,0.00025467405937086134,-0.004134019483302748
1994-03,WLS,7,2600,0.02227849512758502,-0.0002684430015184017,-0.0005312198625337978,-0.0018036830356599031
1994-04,WLS,7,2582,0.03107925729286701,-0.0009667484785264398,-0.001157983860207672,-0.0024340994699754517
1994-05,WLS,7,2574,-0.07281003532683929,0.004711141415954306,0.0032396746740522013,0.00129753342148173
1994-06,WLS,7,2819,-0.010846253213258772,0.0025583365366423764,0.0009241044964920334,0.0036991244062980887
1994-07,WLS,7,2801,0.00828691815555691,-1.3430666436183449e-05,0.00779566708143223,-0.0009042767437611887
1994-08,WLS,7,2785,-0.05501594947722674,0.0006235603965801265,0.004090453122182944,0.0018726442604729415
1994-09,WLS,7,2773,0.05914305050134469,-0.0014025211518241295,-2.774074113546523e-05,-0.005526273455596007
1994-10,WLS,7,2759,-0.009344205594251899,-0.002144773031132157,0.0022265577947463556,-0.004941336375628396
1994-11,WLS,7,2737,0.06841111598904553,-0.00514432629182302,-0.004996573232682029,-0.002149903024797943
1994-12,WLS,7,2725,0.0759384240929329,-0.005188197672531246,-0.002378650929140586,-0.0047933975152956556
1995-01,WLS,7,2711,0.04733227017060078,-0.0005305034873048875,-0.001920848687538771,0.00041284245644948294
1995-02,WLS,7,2691,0.039403965469081786,0.0018045342519577528,9.412512422881868e-05,-0.002734273233981958
1995-03,WLS,7,2676,0.09713453971987492,-0.002400661870271774,-0.002363039633475588,-0.007585437001422434
1995-04,WLS,7,2654,0.06350027684313345,-0.0022903523827868667,-0.001444836458630766,-0.0034110101305670397
1995-05,WLS,7,2642,-0.02929164469067172,0.0019709451490413747,0.006249022491064278,0.002487847422988358
1995-06,WLS,7,3011,0.0930788846705435,-0.002911761430170785,-0.004158454079002671,-0.0036382154814772567
1995-07,WLS,7,2990,-0.07017747997517704,0.003317445284825432,0.0036087206775210303,0.005248154969602066
1995-08,WLS,7,2973,0.0330615425851247,-0.004952323060173213,0.0019398185060821697,0.0008569895637824675
1995-09,WLS,7,2952,0.04703268066252208,-0.006755055327211332,0.00020858364355192999,-0.0056981803484330434
1995-10,WLS,7,2934,-0.006022858543760971,-8.858865119046112e-05,-0.002026568051287998,0.007893026060336721
1995-11,WLS,7,2921,0.13838247421777347,-0.004651461514856808,-0.010981288486511464,-0.007615195839576086
1995-12,WLS,7,2897,0.026025644966272684,-0.003754140072510916,-0.001839653120009697,0.003288176765432726
1996-01,WLS,7,2876,-0.08529201334512419,0.006307144561201276,0.008688462795415375,0.004514357580939876
1996-02,WLS,7,2860,-0.020691267892548375,0.0045609311193138815,-0.002196439787980581,0.0033572418692281066
1996-03,WLS,7,2843,-0.06060676428700503,0.007716111478452399,0.007544780542822486,0.0026801681263934366
1996-04,WLS,7,2822,0.0005720932274521507,-0.00019207560351547413,0.004986382862156246,-6.413651696610996e-05
1996-05,WLS,7,2810,0.0669035788281248,-0.009667560047688428,-0.004030248899312796,-0.003401635126528217
1996-06,WLS,7,3200,0.020952784807947804,-0.004361931700210931,-0.0030146024841067854,-0.00716529297020726
1996-07,WLS,7,3174,-0.08058643071860393,0.008468981413514716,0.0055041816584924345,0.006322369226823168
1996-08,WLS,7,3152,0.02235690485121358,-0.004461773597760427,0.005856494220640051,0.00099747818128115
1996-09,WLS,7,3137,0.0930633378049381,-0.0029875021891578642,-0.006047022362319552,-0.006417198531880819
1996-10,WLS,7,3125,0.05519425138829917,-0.00024802910014806967,0.002850328798648811,-0.0013109979594288707
1996-11,WLS,7,3097,0.03856397208088066,-0.0006896255313999861,-0.0041719938499182735,-0.0036037872061188934
1996-12,WLS,7,3071,0.08082064415879842,-0.00719197406943326,0.003398872204009779,-0.003066408044123103
1997-01,WLS,7,3046,0.04185130930881223,-0.002572777140928345,-0.002566848001060536,-0.004066790874718438
1997-02,WLS,7,3029,0.0033045370980326117,0.006422390662644219,-0.004264784810106731,-0.006502489476830018
1997-03,WLS,7,3011,-0.10408525327070405,0.0011409593166184996,0.0130399945339146,0.010034145527074058
1997-04,WLS,7,2993,-0.05414104955126625,0.006153637595900383,0.006692989932488626,0.008824217383152567
1997-05,WLS,7,2967,0.07620219048010898,-0.005452789088096897,-0.0017465138748525455,-0.0019242600119090739
1997-06,WLS,7,3231,0.011492606814548967,0.003884341079515475,0.004011747088113484,0.0033413498096224303
1997-07,WLS,7,3205,0.09909768872966912,0.0015700825753724532,-0.009191967327949222,-0.013426556690971612
1997-08,WLS,7,3182,0.030376099588409547,0.0031041409915706915,-0.0009184351571146729,0.0009466916786601248
1997-09,WLS,7,3148,-0.18908319032307058,0.008044982399233253,0.010979760956681397,0.007468904383738817
1997-10,WLS,7,3130,-0.0343434245642111,-0.000331209048339557,0.007685416802171422,0.0026107865177609968
1997-11,WLS,7,3092,-0.03462957045505196,0.0004946621389530231,-0.0002462471913720366,0.00496970490545865
1997-12,WLS,7,3055,-0.08785200787834237,0.001865383161426129,0.009687565293881144,0.005520839620581638
1998-01,WLS,7,3032,-0.006276124958684805,0.001255580269312221,0.004497014980680079,0.007235534172741129
1998-02,WLS,7,2996,-0.09859845182095453,0.007909422907712418,0.005897823704233348,0.011732240138776018
1998-03,WLS,7,2969,-0.013200237602831346,0.0010453370549897538,-0.0004684843090669221,0.0023542616408630066
1998-04,WLS,7,2949,-0.15694853316635116,0.007804920180848866,0.008036965477245792,0.008443656995124144
1998-05,WLS,7,2908,-0.18200403271197962,0.0027223726039052477,0.01744294379990534,0.014729948213305187
1998-06,WLS,7,3143,-0.08104773918902351,-0.00029122969780111686,0.005108309504749958,0.003472602688904751
1998-07,WLS,7,3110,0.008419793884994331,-0.0139375684186499,-0.007326606349649626,-0.009499615206138711
1998-08,WLS,7,3070,0.07590655853555776,-0.001315987006143976,0.0008504025871607381,-0.0010994782436350675
1998-09,WLS,7,3025,0.10217341685326625,0.00018267080642363087,-0.001673952859100616,-0.0033129617315168715
1998-10,WLS,7,2994,0.0659991775506368,-0.00028274215064618487,0.004334396439717272,-0.0049806721339900415
1998-11,WLS,7,2966,0.02398937262854332,-0.0016292440974430807,0.0036394011117472187,0.0022387852290582516
1998-12,WLS,7,2917,-0.11598073001242527,0.003282385966096729,0.012387383024249488,0.010170804963929577
1999-01,WLS,7,2890,-0.030052851841244656,0.0005331609240130437,-0.0041920714941026315,0.0009330080609010015
1999-02,WLS,7,2853,-0.05377701571731013,0.0008713837816028145,0.0026254265588837875,0.009770958989264377
1999-03,WLS,7,2827,0.23521266838522453,0.001736667120867121,-0.019495725319566698,-0.012573895155479676
1999-04,WLS,7,2799,0.03876489955091351,0.004351080560942285,-0.0006917109281117323,-0.00980009967850117
1999-05,WLS,7,2761,0.12959391336007595,-0.008244431152562024,-0.0010213177994649845,-0.007048598527205505
1999-06,WLS,7,3121,0.15238492705490927,-0.010006359287855057,-0.008732490703605227,-0.012863997858045787
1999-07,WLS,7,3088,-0.24241884795784155,0.00631590010096082,0.016520344662671046,0.016349013208765476
1999-08,WLS,7,3051,0.04060258098369344,-0.006623171034766699,-0.004843299760743618,-0.0038932730966728902
1999-09,WLS,7,3025,-0.02539201232192289,-0.009774933263194684,0.004414809720950952,0.008395238953076192
1999-10,WLS,7,2980,0.05485443477802661,-0.004401040025709937,0.0032663815049109174,-0.0036448919540530123
1999-11,WLS,7,2943,-0.09049797701540356,0.0056074757179660605,0.008511389711601378,0.01229125164511737
1999-12,WLS,7,2922,0.1351649658164121,-0.009485342914052284,-0.007395985807910606,-0.015241277538688222
2000-01,WLS,7,2890,0.07645394327353455,0.0011061023524135025,0.0032763219444151767,-0.00971292493591664
2000-02,WLS,7,2858,0.02143340128497138,-0.0021046780738019277,0.001673389318173345,0.004738640646339234
2000-03,WLS,7,2827,-0.07437229890220577,0.00813110263131191,0.0037552019491866647,-0.0007750645961164075
2000-04,WLS,7,2804,-0.04724105697982594,0.0005862633753106797,0.0027485507476140243,-0.0018550429123569234
2000-05,WLS,7,2769,0.029646549116967454,-0.012438774304438549,0.004191207959270784,0.002858823165211378
2000-06,WLS,7,3057,-0.11348214184749615,0.014944485883451014,0.0029800973960957453,0.0027131158978952337
2000-07,WLS,7,3022,-0.05848701507649643,0.002585290118347208,0.0029541294300950787,0.011025284612495955
2000-08,WLS,7,2990,0.18572075078926345,-0.0048278723842897515,-0.009164543180963141,-0.02559382879565182
2000-09,WLS,7,2943,0.3523120318874932,-0.01442713410410572,-0.01398767349273873,-0.03005243643041293
2000-10,WLS,7,2903,0.30575457061116584,-0.005294214013450724,-0.0061620424296098065,-0.04445184817427322
2000-11,WLS,7,2865,0.4113386175877682,0.0026026868236164926,-0.016025573085358076,-0.04366044123472684
2000-12,WLS,7,2823,-0.18531522736945158,0.01088342371135975,0.002162840299862101,0.024288553621242423
2001-01,WLS,7,2798,0.5243620915684378,-0.008913055267458253,-0.023471747385411967,-0.061004829126439675
2001-02,WLS,7,2770,0.10035935402137033,0.004198808977841774,-0.008900840069059064,-0.017578419983454736
2001-03,WLS,7,2735,-0.0032094914263243656,-0.0010459407223967557,-0.002600655101002062,0.012684359365577548
2001-04,WLS,7,2699,0.1989349193457903,-0.0063313393779464286,-0.009220637992361209,-0.016519767912359384
2001-05,WLS,7,2671,-0.11899719087981446,0.006277417695690494,0.006453040649708314,0.005212387518853457
2001-06,WLS,7,2840,-0.13947334491426186,0.009825376850741948,0.010343657460874834,0.006423413955657537
2001-07,WLS,7,2790,0.10789784363381459,-0.003024041876975595,-0.002405698005860183,-0.019255672089238157
2001-08,WLS,7,2777,-0.3335208392256987,0.0035568027956130125,0.0108401160394759,0.022570214599966953
2001-09,WLS,7,2759,0.2574682773407469,-0.01767776345187769,-0.00571652934274205,-0.0191910465469104
2001-10,WLS,7,2734,0.05776667226463576,0.005110698152798386,0.0029383024515828504,-0.0011832134979078766
2001-11,WLS,7,2712,0.1962840142346194,-0.00289558778848994,-0.00830826156526637,-0.017129656356808378
2001-12,WLS,7,2686,-0.022780061157041884,0.00041944772211511015,0.006560709959315633,-0.0019956991298822097
2002-01,WLS,7,2659,-0.07119030284856777,0.007261155591635085,0.003066181475059966,0.0022625290368949607
2002-02,WLS,7,2640,0.26830116851603114,-0.008262929596904904,-0.01226157038162046,-0.018201141100028816
2002-03,WLS,7,2616,0.06923482174996375,0.0012420026383873125,0.0007466543576603962,-0.017481067555617624
2002-04,WLS,7,2600,0.08560279221628136,-0.004347968598444907,-0.007288224398975905,-0.005162034373548902
2002-05,WLS,7,2571,-0.13943052686963342,0.005918702850512901,0.0054496479683913196,0.0023990983693710855
2002-06,WLS,7,2765,-0.006189966064913406,-0.013462758623734701,-0.00012262473496312128,-0.00608813287265474
2002-07,WLS,7,2743,-0.17824913891792202,0.012709864852070159,0.011789865236630597,0.010261605952960383
2002-08,WLS,7,2729,-0.13002112785864567,0.0017353179818860756,0.005105608691650928,-0.0006702747745383231
2002-09,WLS,7,2698,0.1833971025585461,-0.01847078143006011,-0.007476400048390569,-0.0005800787444408676
2002-10,WLS,7,2675,0.05998742488837193,0.002471972688190613,-0.006578134231665739,0.004828152155345806
2002-11,WLS,7,2655,-0.040671639315196385,0.0041291197086373126,0.003285580712211428,-0.0070347283196688275
2002-12,WLS,7,2625,-0.17068969986047688,0.006705465146067618,0.007650259339881681,0.010924899461970132
2003-01,WLS,7,2606,-0.05227178437494431,-0.0017381802905549904,0.003706237287161591,0.002750529250865104
2003-02,WLS,7,2573,-0.058089291944103144,-0.00036876427979740204,0.005524782041392662,0.005006887997862255
2003-03,WLS,7,2557,0.06785509031158499,-3.23105713147646e-05,-0.004317616672293907,0.0035131898743886282
2003-04,WLS,7,2533,0.17944170433379092,-0.00036349878389114744,-0.009239490144275305,-0.00896412981206107
2003-05,WLS,7,2515,-0.08408129240917422,0.006932871365066587,0.00620494266533499,0.006145617704776758
2003-06,WLS,7,2748,0.04330614946758604,-0.00017237203412751633,-6.425569437612416e-05,-0.002557866364875817
2003-07,WLS,7,2723,0.1338771909274719,0.0027537866887611096,-0.006248590878282136,-0.01016955025697756
2003-08,WLS,7,2704,-0.06312631922289132,-0.0013205024768213746,0.004163840160582299,0.002921611850889841
2003-09,WLS,7,2690,0.07354477514152756,0.006981160915383856,0.0008888308304857799,-0.005035886336147989
2003-10,WLS,7,2671,0.06359276108694112,0.0020016346546660145,-0.0017115429423072723,-0.005948400944837944
2003-11,WLS,7,2652,0.01502067625606819,0.0017897781141067615,-0.0054109945880953005,0.007433389379279364
2003-12,WLS,7,2630,-0.006671819421726191,0.003309953653405628,0.0023903531261986336,-0.0006809215043555831
2004-01,WLS,7,2616,0.035455281713718895,0.00035133413521722893,0.0014487142426801228,-0.0048519356610411445
2004-02,WLS,7,2601,-0.0415798470569612,0.0036961272525165238,0.002174414734783576,0.0007287820052941078
2004-03,WLS,7,2583,-0.040595985317892956,-0.004815510733961431,0.002381676095498754,0.004389337232765558
2004-04,WLS,7,2570,-0.03906830070672934,0.002135670881637964,0.003189946797383789,0.003399775584411544
2004-05,WLS,7,2549,0.1157950646557177,-0.0017428794736709815,-0.0073617502828190445,-0.006417830927443639
2004-06,WLS,7,2632,0.09035626533483718,-0.0014882963943050422,-0.009023653484335288,-0.012545431474961148
2004-07,WLS,7,2616,0.05600222409966873,-0.002387205471165886,-0.0029218690380330746,-0.006436774522256544
2004-08,WLS,7,2610,0.08828863312831961,-1.7351529239696354e-06,-0.0076007684105206304,-0.004189360687953219
2004-09,WLS,7,2595,-0.029800107501150662,0.003306703928074901,0.0044280520766688015,0.0015558362765479793
2004-10,WLS,7,2578,0.04194941389703511,0.005048951726775251,-0.0035465571905140235,0.0005034498370107046
2004-11,WLS,7,2559,0.00614237665733508,-0.000546439830303695,0.003482604829326168,0.0016680091475248001
2004-12,WLS,7,2540,0.09028973600871833,-0.004300403854007876,-0.0052526054400097565,-0.011361901948866084
2005-01,WLS,7,2529,0.25470423472286075,-0.007564736600431728,-0.017037468319214537,-0.016251539038358877
2005-02,WLS,7,2513,0.01127380259176374,-0.000672067364015692,-0.00017961118595381613,-0.0038741927442223116
2005-03,WLS,7,2497,0.041331871166859255,-0.008273819142282047,-0.003508597806067111,-0.002893394666990312
2005-04,WLS,7,2479,-0.1348871773371393,0.008778369532711253,0.011602742995862732,0.011912630276582032
2005-05,WLS,7,2465,0.02706349573650928,0.00351651640156551,-0.00177939381977362,-0.005089901959600152
2005-06,WLS,7,2521,0.055390313195598985,0.0011367299713149661,-0.0004798322529299668,-0.001771923887359216
2005-07,WLS,7,2502,0.02099308266974683,0.0011375418201855733,-0.00476827854620548,-0.0019245183096207044
2005-08,WLS,7,2487,0.10963337316506865,-0.0031159678499277587,-0.009210119637313082,-0.007223386382416533
2005-09,WLS,7,2466,-0.045806183532412614,-0.0035209279575101953,0.0033269500862200007,0.0027296730166761545
2005-10,WLS,7,2451,0.025692637011121542,-0.0003602653031452139,-0.00034167662413891374,0.002216735435854178
2005-11,WLS,7,2433,0.032833073474893226,-0.0007646504757303185,-0.003309939768330635,-0.002874734781634901
2005-12,WLS,7,2411,-0.026559216299990654,0.010492121442550644,0.0016137936765583626,0.001368534110795287
2006-01,WLS,7,2398,-0.027365230367385862,-0.0005582576199827901,0.002360209889366921,0.0016683436482498085
2006-02,WLS,7,2381,0.03260719371378525,0.0012314392547035583,-0.002545996358894154,-0.0006334361426866119
2006-03,WLS,7,2370,0.0832441873044971,-0.0008937312998783028,-0.007036818285813699,-0.006340634713134076
2006-04,WLS,7,2351,0.06103120070957778,-0.004900496733986011,-0.00606521806014267,-0.0070333163142174355
2006-05,WLS,7,2337,-0.025232970350156498,0.003217394328302929,0.002017771467220633,-0.0003068568324536837
2006-06,WLS,7,2439,0.055238555343824707,-0.0022191870609781675,-0.0028900556971556707,-0.007031522572928842
2006-07,WLS,7,2426,-0.0717882819512442,0.0016233078182880374,0.0069195644787425695,0.007652812696186466
2006-08,WLS,7,2414,-0.0968095529959669,0.006214820757056747,0.009137858279330165,0.0065991447214560186
2006-09,WLS,7,2397,-0.026881195346434628,0.004710742942970401,0.003717132280186781,0.0030306589657397554
2006-10,WLS,7,2381,0.09037483325564778,-0.0025318346098152124,-0.006796157645409045,-0.004072941097024309
2006-11,WLS,7,2360,0.02440049971131739,0.0006302444095956466,-0.002314968694865216,-0.0016836894383589237
2006-12,WLS,7,2330,-0.10242752981102782,0.006382438076313094,0.008199154777368222,0.007996012113787433
2007-01,WLS,7,2317,-0.02807424598808106,0.00141729187060593,-0.0008091953792712124,0.0016170287947099471
2007-02,WLS,7,2299,0.07590247812861264,-0.002696054990110074,-0.005627680942582087,-0.004389667521930593
2007-03,WLS,7,2278,0.0506927329221797,-0.0032778091998191938,-0.0004357969445451508,0.00047675119331345447
2007-04,WLS,7,2259,0.07372371547651764,0.0007227134568891688,-0.004515580913204084,-0.0026827762029310036
2007-05,WLS,7,2235,-0.0054303019858358646,0.0005371660253536341,-0.0010946116808015832,-0.0005562375017722928
2007-06,WLS,7,2367,0.04484122906733514,-0.007521014456974933,-0.00637527768224094,-0.0006037630818927184
2007-07,WLS,7,2342,0.011627459574217361,-0.003278107290746494,0.0005055907043006704,0.001055304431801177
2007-08,WLS,7,2324,0.12324623797714737,-0.008262900382659368,-0.008482695938347107,-0.001153179361826082
2007-09,WLS,7,2300,-0.08742699255768191,0.0019611834092809386,0.006261010276006632,0.011081804569280998
2007-10,WLS,7,2275,0.006256079917527793,-0.004650173444525998,-0.0004501474991063287,-0.005217077026664837
2007-11,WLS,7,2250,-0.039282657789955856,0.00402721262678717,0.0007640188164907145,0.0030716397159218983
2007-12,WLS,7,2240,-0.07156966477485796,0.002676674866268793,0.0017235659223593012,-0.0032866876874423252
2008-01,WLS,7,2228,0.1633616070450962,-0.0074629789336712405,-0.011620778512939281,-0.013536797525765712
2008-02,WLS,7,2212,-0.10640735596165217,0.004708372568636677,0.006854085330515045,0.008474261136618004
2008-03,WLS,7,2196,0.08610608029222737,0.0008828195583453187,-0.002728704392753787,-0.005630444970036388
2008-04,WLS,7,2174,-0.05744269256153321,0.007667382719351371,0.00443631522811829,0.004974988082018724
2008-05,WLS,7,2167,0.003250613480660124,-0.003404462542468009,-0.002203934171477349,-0.007439634985381809
2008-06,WLS,7,2323,-0.01986440184548729,-0.0018585968068112705,0.005591237536466828,-0.0032519857372852934
2008-07,WLS,7,2306,-0.10006758834181648,0.009452178539232714,0.010864972659228313,0.0038893821424208267
2008-08,WLS,7,2292,-0.1427382593618536,0.003035377693195667,0.01200407125516387,-0.006512591185714846
2008-09,WLS,7,2274,-0.13505153569233533,-0.00811725420135072,0.005609182856027181,-0.00660003734109179
2008-10,WLS,7,2258,0.13426857457532698,-0.012453291377270172,-0.009815097550813246,-0.01620751311222794
2008-11,WLS,7,2242,0.09776513718879361,-0.002022014126111811,-0.0029191205201061143,-0.008306369800392437
2008-12,WLS,7,2228,-0.021876016403777725,-0.008566151844249208,-0.0012788540054516078,-0.00046045771339417685
2009-01,WLS,7,2215,-0.26521222815554385,0.0038809963520310734,0.017599982585537355,0.009238464320456084
2009-02,WLS,7,2198,0.007600337184511664,0.0027008456658392985,0.005985682946448414,0.005468676822944001
2009-03,WLS,7,2180,-0.04505210811450935,0.017845389384363163,0.0007926389041919186,0.011762439962119715
2009-04,WLS,7,2167,0.0962702757784285,-0.006326307352814156,-0.008500672423153822,0.002571000400126241
2009-05,WLS,7,2153,-0.18214638825289042,0.006513263161079576,0.01656506780568339,0.011022398229891435
2009-06,WLS,7,2286,0.05376502068704218,0.00726643041665785,-0.0020591693122806406,0.002259773222857744
2009-07,WLS,7,2276,-0.043301770615527604,0.007276976294985849,0.003301941566293727,0.003971564046442876
2009-08,WLS,7,2267,0.024495095526967128,0.005766264406290314,-0.002055023047235456,0.0024867593151316433
2009-09,WLS,7,2252,-0.030083376019853576,-0.005954827702747281,0.004634344749162871,0.0001285555314186442
2009-10,WLS,7,2232,0.08309334510164174,-0.00603830645172768,-0.0031264132767268625,0.0021307505656497482
2009-11,WLS,7,2221,-0.001982531128316992,0.008878611595030086,0.0004250097913135521,0.0002472253762284649
2009-12,WLS,7,2209,-0.05797463589534805,0.0002552941577208678,0.0016872121159298382,0.000819311137129813
2010-01,WLS,7,2190,0.050026885689678495,0.00394167855809746,-0.0006674572095985077,-0.003276075513322404
2010-02,WLS,7,2178,0.07582093626552631,0.0020388656993163127,-0.003417850807707608,-0.0001704866623258645
2010-03,WLS,7,2164,-0.02582844883231817,0.007549303571588287,0.0010102587640178893,0.0030200968040326034
2010-04,WLS,7,2157,-0.12157529240634286,0.00047555272213231013,0.00414132214227309,0.002871374955288383
2010-05,WLS,7,2151,-0.04033357985746232,-0.009184018892654999,-0.0011225416859334252,0.0029971489713064283
2010-06,WLS,7,2273,0.050237824140701194,0.0012484165563131481,-0.0006548365162918918,0.0031215798137858527
2010-07,WLS,7,2257,-0.11694379058365763,0.0024475479255787326,0.00529748172236183,0.005697361609588964
2010-08,WLS,7,2246,0.01887499012791074,0.0031190495276144743,0.005676793247018375,0.006815974875413134
2010-09,WLS,7,2230,0.024410495354593026,-0.00021608765357378752,-0.0005189522129530091,0.0038066521453933343
2010-10,WLS,7,2212,0.028420805492466592,0.00018497752370980408,-0.0026550546646405306,-0.0003073822355754172
2010-11,WLS,7,2188,0.0769617148017673,0.002369820668216816,-0.0050334603477396956,0.0005893572202372077
2010-12,WLS,7,2171,0.0845742020825526,-0.003578967947809076,-0.007850580446790668,-0.0012217950402840635
2011-01,WLS,7,2159,-0.0062353406323920274,0.0055837352274820794,1.2962784045948453e-05,0.0032143246933296924
2011-02,WLS,7,2148,-0.028806102431098282,0.003366053300491817,0.0014254830253006255,0.003020835681845833
2011-03,WLS,7,2134,0.06297577547275768,-0.0019689241906935065,0.0008966308999854055,-0.004048849483145969
2011-04,WLS,7,2120,-0.08101529362101807,0.0028260113782117,0.007787560142068701,0.0026918982329668683
2011-05,WLS,7,2094,-0.020699656676287873,-0.0007612792580825003,0.0018461429406305431,-1.207958208955149e-06
2011-06,WLS,7,2152,-0.04614712533936366,-0.004161125333333948,0.003554394819868218,0.004102452637336026
2011-07,WLS,7,2142,0.013777818149321424,-0.006740368447390468,-0.0002598681576878897,-0.0070075685684178645
2011-08,WLS,7,2134,-0.09188791937832426,-0.0009818051098586715,0.008633460099753685,-0.003958613080287545
2011-09,WLS,7,2121,0.12006891275717269,0.00285765486764045,-0.00619465787251332,0.002721962960306895
2011-10,WLS,7,2108,0.09821503626103799,-0.002300530783561564,-0.0067078257606514495,-0.007927174477260542
2011-11,WLS,7,2094,0.06283091702383105,0.0006809628393230926,-0.0031669246347790477,-0.007572369513799361
2011-12,WLS,7,2082,-0.013623757913586568,-0.0014071408628229863,0.004119157985480588,0.008147587172493169
2012-01,WLS,7,2072,-0.02857426109975086,0.000811317217456059,0.004086328147141296,0.0072675390292051105
2012-02,WLS,7,2065,-0.0654661144449356,-0.0002970463925880724,0.010871194737707491,0.005560418677628277
2012-03,WLS,7,2053,-0.021201891208353748,0.0004801581091582895,0.0013634667411906195,0.0011488953708884044
2012-04,WLS,7,2045,-0.137844809201518,0.006137582784990255,0.009477663682941236,-0.00025853869038173274
2012-05,WLS,7,2035,0.07368220369148444,0.0008951988268821877,-0.003942933546715096,-0.0030299577768205335
2012-06,WLS,7,2090,0.045400616989407915,-0.00041012747018613627,-0.0027233934070937504,-0.0030954758035901734
2012-07,WLS,7,2076,0.0030476687664308085,0.0007051055583665422,0.0017058870151388432,0.0017485157573567235
2012-08,WLS,7,2067,-0.04513446636123436,0.0043839616316961325,0.0025703707790737944,0.005717773542292008
2012-09,WLS,7,2052,0.025440308158500728,0.0010892512676668113,-0.004171782867717518,-0.0048187830365923855
2012-10,WLS,7,2039,-0.024996461256688456,0.0001492115645361832,0.002129889486130623,0.003911175748710403
2012-11,WLS,7,2022,-0.04882070412399508,0.0062972199493051655,0.0010533153698357204,0.004169137825801403
2012-12,WLS,7,2015,0.02035599938774111,0.006078815993863763,0.0008765031973090984,0.0006484447466832753
2013-01,WLS,7,2006,0.05003353281497227,-0.0008982431585038043,-0.0029114839349133064,-0.0031766722490135565
2013-02,WLS,7,1998,0.01391234738541515,0.002357462782438855,0.0014160947712122016,0.001286902800824003
2013-03,WLS,7,1989,0.091554581393887,-0.003280892324519008,-0.0030018337605721064,-0.007838783080675689
2013-04,WLS,7,1978,0.042100033369915864,0.0006401625281244686,-0.0011323872976954238,-0.002396232062942829
2013-05,WLS,7,1965,0.02243733606287893,-0.0002612361423944491,-0.002981161651115519,-0.0032137046830466283
2013-06,WLS,7,2057,0.05004254204023609,-0.0009661249697956321,-9.134018822497619e-05,0.0015187044534943504
2013-07,WLS,7,2043,0.00600943453457435,-0.0032713762718795114,-0.0024667433368113878,-0.00048410239974905437
2013-08,WLS,7,2034,-0.014733213921055541,0.0022518099070058654,0.0023968058918242855,0.0052257212826436784
2013-09,WLS,7,2018,-0.03999434908559,0.0063449746048600516,0.004825695168437017,0.005248457702722228
2013-10,WLS,7,2001,0.023137249023266575,-0.0011610383846943568,0.0021285341884820963,-0.00022936339835963248
2013-11,WLS,7,1993,0.067681900257521,-0.000709980754622782,-0.005265736894736214,-0.0015921836962448138
2013-12,WLS,7,1981,-0.0529240233078755,-0.0004374519529351183,-0.0006768944669122162,0.003448531013061189
2014-01,WLS,7,1962,0.09735812632992855,-0.002534382360421623,-0.0020574980098778143,-0.004102096311597961
2014-02,WLS,7,1956,0.032044304959680386,0.003959818713198112,-0.002225007516039517,-0.005046515927201137
2014-03,WLS,7,1949,0.10769540931236785,-0.0037202453360811764,-0.007882902695882677,-0.007104684173651817
2014-04,WLS,7,1940,0.005650111248258234,0.0008914793752732912,3.552411754793032e-05,0.0020665173274424693
2014-05,WLS,7,1934,-0.01682561131705244,0.003985893641307795,0.0017067203041946303,0.002261696247415596
2014-06,WLS,7,1990,-0.037492559552802236,0.0013456490376797569,0.0027533757239122424,5.563747026881021e-05
2014-07,WLS,7,1984,0.06492023659263498,-0.0047321120584466895,-0.0004391572864231537,-7.757715891598075e-05
2014-08,WLS,7,1977,0.030751454130841262,-0.005814401439073512,-0.00034463377355746895,-0.004372224594642261
2014-09,WLS,7,1965,0.05542347133661559,-0.005912766070299904,-0.0002382384980233801,-0.001191973962267835
2014-10,WLS,7,1958,0.013173281772786868,-0.0016475899021068717,0.005916498566893401,-0.0013884965552156158
2014-11,WLS,7,1949,0.039673134227049336,-0.00010118214169090067,-0.002245681847672421,-0.005673685046343712
2014-12,WLS,7,1933,-0.07044495942509928,-0.0031612086156263693,0.005221769954695376,0.005545927467071773
2015-01,WLS,7,1921,0.06426068036820895,-0.0013105565646952461,-0.0018280514528551672,0.002890440182941676
2015-02,WLS,7,1911,-0.021664802624203713,-0.0007117432104739381,0.001265741376513476,0.0001314381030482362
2015-03,WLS,7,1905,-0.10748214052372523,0.007526278141916053,0.00516094997613068,0.00948811394546135
2015-04,WLS,7,1899,0.02921092966364243,-0.0034105701812203455,-2.7876712667912357e-05,-0.0004062250279296499
2015-05,WLS,7,1888,-0.012933388094778281,-0.0028151723291393333,0.0007193362961385844,3.968611729563874e-05
2015-06,WLS,7,1942,0.012887492404884923,-0.009788601777825994,0.0026844535488382668,0.003364488056760495
2015-07,WLS,7,1932,-0.10347433634764563,0.0040629932308191025,0.0032983203253513713,0.0016975678755391155
2015-08,WLS,7,1923,-0.029028267271387884,-0.0023720103806428917,0.0021852784770176052,-0.00036564670804686784
2015-09,WLS,7,1905,0.03209250350708216,0.0011945364439949998,0.00029790283147028586,0.007506970361606812
2015-10,WLS,7,1901,-0.0406540257594704,0.0013763942569659376,0.002659533710832093,0.004136179351192032
2015-11,WLS,7,1888,-0.09689048255548209,-0.001185037264734331,0.007489157962101373,0.006025565970605636
2015-12,WLS,7,1868,0.013602588773618921,0.001393561722728391,-0.0014177392548072106,-0.010942480200324529
2016-01,WLS,7,1854,0.04774420785125483,-0.0002033426006350372,-0.003696907514466039,-0.003156386268769978
2016-02,WLS,7,1844,0.026184089560744528,0.0036398383147951846,0.0016606648305455265,0.003425912307161537
2016-03,WLS,7,1829,-0.0360110101561802,0.005750498900049203,-0.001286273783766267,0.004167774530725662
2016-04,WLS,7,1813,-0.07251607475908098,0.002169424212451156,0.007650756445917449,0.006287677475505348
2016-05,WLS,7,1804,0.013389160935559863,0.0026607715317689827,-0.00048827156309606275,-0.0020884678801471345
2016-06,WLS,7,1883,-0.0916351507940966,0.004519232997904398,0.011582506136850251,0.008822115597145155
2016-07,WLS,7,1868,0.03297349307631985,-0.0004750261245263403,-0.0028558555658634325,-0.0030182279988094805
2016-08,WLS,7,1854,-0.044329295899331614,0.003719169284293384,0.002211988428118401,0.003936921555899113
2016-09,WLS,7,1848,0.025809279723833754,-0.0037488996308431078,-0.0038298331350508437,-0.0029338607057310465
2016-10,WLS,7,1833,0.07111960550302537,0.0058842525302059325,-0.006539646670034474,-0.003084933183139438
2016-11,WLS,7,1825,0.03498430636528538,0.000326320656882186,-0.0014050931295217285,-0.0026127628577835354
2016-12,WLS,7,1815,-0.05010351890790559,-0.0012873551288314776,0.0037634060235493894,0.009646173346614637
2017-01,WLS,7,1804,0.04828532508437702,-0.004983927502780364,0.001957701322238043,-0.0013754000837756918
2017-02,WLS,7,1791,0.002265290739760352,-0.001370741338647629,0.0020731576401807434,-0.00010159349373662999
2017-03,WLS,7,1778,-0.015910026642542582,-0.001489168731904696,0.0034445183397273874,0.0027151757218075202
2017-04,WLS,7,1767,-0.0025143871265499848,-0.004461195293788775,0.002765422089407868,0.003125960095979386
2017-05,WLS,7,1755,0.05225635869315607,-0.00425440305163797,-0.004545104281815513,-0.0021703916485070877
2017-06,WLS,7,1864,-0.0591648239852868,0.0017056236963390813,0.005005843251242114,0.007537629011395858
2017-07,WLS,7,1853,0.10259688669140522,-0.008178777912530868,-0.006294979982839723,-0.005603170578134397
2017-08,WLS,7,1836,0.011755158738998985,0.004374396236555029,-0.0015279350896495593,0.000678264814939822
2017-09,WLS,7,1828,-0.005752963727344788,-0.004801006918477737,0.004829454068278559,0.0034402186077675248
2017-10,WLS,7,1815,0.048808269554868465,0.0013815674565725482,0.001594419306415989,-0.005122843250141905
2017-11,WLS,7,1803,0.006051837483005961,0.0024042900414179193,-0.0012337390036790802,0.0009696079612683452
2017-12,WLS,7,1798,-0.1272931365926393,-0.0006782362483266197,0.014381532750006722,0.018545991205775724
2018-01,WLS,7,1787,-0.05160505014151196,-0.005568476118669272,0.002127815186435499,0.004184812955298726
2018-02,WLS,7,1779,-0.09374917643409054,0.007028252684702216,0.005380773972033357,0.0025996609017984048
2018-03,WLS,7,1772,-0.04025287402247835,0.001092028576074463,0.002371704502442481,0.004452449102204916
2018-04,WLS,7,1770,0.008386184243101733,-0.0015537937629222392,0.0010028265018593606,0.004257433864795567
2018-05,WLS,7,1759,-0.036072424432304996,0.0008817365255423382,0.005310311957325237,0.00141290751963791
2018-06,WLS,7,1825,0.10859474459678037,-0.004222335811976402,-0.004801554008228595,-0.006340793024624166
2018-07,WLS,7,1816,-0.0901166928815278,0.00028025581765584985,0.01311849575310265,0.009423366841187759
2018-08,WLS,7,1816,0.04690062466494579,-0.0027827331442870193,-0.004027816291645117,-0.0011941595927796326
2018-09,WLS,7,1805,0.18497545945932303,-0.006331788161816165,-0.017725834855102932,-0.024370695360853064
2018-10,WLS,7,1791,-0.052727493134803974,0.0006562025178828262,0.005890500008743702,0.004472287083109482
2018-11,WLS,7,1778,-0.02146282368821983,-0.007640650066373833,-0.002625015257062875,-0.0053263425936644435
2018-12,WLS,7,1770,-0.11917181974006893,0.010618250188910086,0.011998149264665437,0.01588789841444624
2019-01,WLS,7,1761,0.09375645388400912,-0.004998454292457148,-0.004715279664750955,-0.002227791998545837
2019-02,WLS,7,1748,0.02698948682788136,-0.004992727414374286,-8.983726870549022e-05,0.0017342301231091247
2019-03,WLS,7,1739,-0.035308569981185735,-0.0004238202128449993,0.005084632985242783,0.007440407438556695
2019-04,WLS,7,1734,-0.003334676222947226,-0.005513483147654134,-0.005015950146941725,-0.004031988260368023
2019-05,WLS,7,1728,0.07434951452374415,0.0009505260219217848,-0.0005179737944344997,0.0006887816990282795
2019-06,WLS,7,1820,0.0272298855432696,-0.0019403532747901782,-0.0007004742366312003,-0.0016521074619238604
2019-07,WLS,7,1810,0.0898870228960933,-0.009627301445043424,-0.005737310195860276,-0.008613405177323974
2019-08,WLS,7,1801,0.03203892844632307,0.005859384912355582,-0.0014493387168108844,-0.004962351505331975
2019-09,WLS,7,1790,-0.01152781129197624,-0.0005045043978981182,0.003620953829505909,0.0025813224919246495
2019-10,WLS,7,1779,0.06261760598002802,-0.005686362036634145,-0.0026135941017758632,0.0018157468509460986
2019-11,WLS,7,1763,0.028720248764293365,0.0006103752439986353,0.0008607051753967206,-0.0008651097146698941
2019-12,WLS,7,1761,-0.11414208067728802,-0.00904266368718419,0.007330753182443192,0.016534605928555296
2020-01,WLS,7,1758,-0.16788804647791186,0.000343481415789312,0.008717048508268894,0.006430809895843916
2020-02,WLS,7,1752,-0.17344245450229026,-0.01745424917248267,0.012455194046212634,0.006643263377658965
2020-03,WLS,7,1744,0.04686956044718779,0.005660353955376084,0.007582526587022124,0.006002786837725445
2020-04,WLS,7,1735,0.05197668817603623,-0.0009687101264662165,0.0008296841662690624,0.0003469652475837922
2020-05,WLS,7,1724,-0.01873621704882475,-0.009578733948950419,0.003428822733726419,0.01001423744682357
2020-06,WLS,7,1786,0.019615994550732714,-0.007246367169861205,0.002766275131851254,0.008469036526214996
2020-07,WLS,7,1779,0.04564103027482048,-0.01417108465780772,0.0005087588149636652,0.01334034090922327
2020-08,WLS,7,1773,0.09857074511026875,-0.003295272475126204,-0.008798600935576502,-0.012538220344157946
2020-09,WLS,7,1763,-0.008458623852825076,0.002471752304538226,-0.0018712053477757471,-0.0028407630594516936
2020-10,WLS,7,1760,0.16372044139684036,0.00424281705140867,-0.010332225471251162,0.0013682048617800623
2020-11,WLS,7,1750,0.059078493482674646,-0.006193553454952567,-0.004113359391066242,0.005708504711081702
2020-12,WLS,7,1741,-0.07599138736977717,0.006551015645339056,0.0036425265034771455,0.005788859544230314
2021-01,WLS,7,1735,0.0831164275587058,0.011858395998207785,-0.007421929692711398,-0.008840219205106548
2021-02,WLS,7,1732,0.11503033428188272,0.0038121738407124513,-0.0030786622061687004,-0.013275866390626714
2021-03,WLS,7,1720,-0.028012673028075766,-0.00261177579233397,0.005968076244306859,0.007545888355858886
2021-04,WLS,7,1714,-0.004873543926063906,0.009308346689784811,-7.914815305613665e-05,-0.003942721821651549
2021-05,WLS,7,1707,-0.1492928168130106,-0.00202649375353315,0.014182431202288164,0.01767712415264391
2021-06,WLS,7,1783,0.05968884211240277,-0.009002992129699182,-0.0012663767986623154,-0.0012183475993464209
2021-07,WLS,7,1776,-0.06831445011168845,-0.0017027149025536678,0.008422308342294658,0.008623213372360891
2021-08,WLS,7,1768,-0.07879474468680485,0.005123000989226101,-0.002252844069056715,0.0054126982852292374
2021-09,WLS,7,1757,-0.012315849129583528,-0.007514607398899869,0.004561563410564801,0.0131532624464572
2021-10,WLS,7,1750,-0.26367085323335837,0.005691542459081314,0.0229575751640794,0.017232616380573336
2021-11,WLS,7,1741,0.09629481941419693,0.0058059082311813425,-0.003855183616624068,-0.010074652130097313
2021-12,WLS,7,1737,-0.15654978741173722,0.017306083769778897,0.0028125494443592483,0.003810901418353382
2022-01,WLS,7,1732,-0.11442105329356456,0.009162833238287937,0.001967189083959537,0.00823694698146602
2022-02,WLS,7,1722,0.0364075862932328,-0.003713097753649669,-0.0021736449452043317,0.005412104252470587
2022-03,WLS,7,1717,0.017521626271689454,0.008259187642524755,-0.006445532793896201,-0.016631304085476938
2022-04,WLS,7,1707,-0.045174726580966655,0.013984099049144943,-0.0007806980205870357,0.00018959462695211535
2022-05,WLS,7,1703,-0.06137683893476921,-0.00405770884757767,0.0006894779953536256,-0.003133471584889469
2022-06,WLS,7,1799,-0.006134597888268139,-0.005634340394134739,0.007921036134462444,0.01338162935895384
2022-07,WLS,7,1793,-0.025798369959861227,0.003033269229287945,-0.0033002791444645204,-0.0006091458381690811
2022-08,WLS,7,1786,0.021637067418423056,-0.006457449273690009,-0.006765658718362879,-0.009294871388940067
2022-09,WLS,7,1776,0.09685293651134089,0.013342767701460064,-0.005219012436472067,-0.004789265662242778
2022-10,WLS,7,1771,0.11386589247839711,-0.0032107829236234673,-0.00270697812702382,-0.007189451484960933
2022-11,WLS,7,1762,0.128217232617699,-0.004959174318373035,-0.011797671283545539,-0.018495748223851645
2022-12,WLS,7,1758,-0.1610398250934655,0.00805806737041803,0.014942805619796986,0.019522120772579882
2023-01,WLS,7,1748,-0.12983071132285479,-0.0008756501743390304,0.0073105724389633565,0.011763069190360752
2023-02,WLS,7,1736,-0.13907830602121019,-0.00044398056904222395,0.018521292761241055,0.011712676366164689
2023-03,WLS,7,1729,0.02072569355098469,-0.0004223036744714435,0.0031927446632183274,-0.007007332420260299
2023-04,WLS,7,1721,-0.21943767328678548,-0.005975283878137076,0.01734948531346351,0.023720304578613943
2023-05,WLS,7,1714,0.04291670375937228,-0.0006906256835273566,-1.81105844757298e-05,0.005580052882308386
2023-06,WLS,7,1854,-0.002967303329211464,0.005209571368208653,0.003044875204335486,-0.0008940815750844919
2023-07,WLS,7,1844,-0.026803228295339047,-0.0033465060397120947,0.0031661832664335757,-0.0003244081351428742
2023-08,WLS,7,1832,-0.06006577787242635,0.004598504913852007,0.0013363089580040398,-0.0023672156856648563
2023-09,WLS,7,1822,-0.07134537329044228,-0.0022563892306771763,0.007900567458060406,-0.0017119211511646341
2023-10,WLS,7,1810,-0.157672538740626,0.009401822050422264,0.014472761406850998,0.02254984685690203
2023-11,WLS,7,1800,0.08384391168060626,0.002500260308148163,-0.003787436940694946,-0.002494960717550947
2023-12,WLS,7,1793,-0.111418472272641,0.0030400835454028508,0.012708726898185847,0.006610958668021905
2024-01,WLS,7,1786,-0.0296065504961867,0.0011315945087257144,0.01192991101149299,0.0025929768768207444
2024-02,WLS,7,1781,0.16534747503489583,-0.0037656990565473666,-0.009071912492134123,-0.011616647912297783
2024-03,WLS,7,1772,0.05453247549504338,-0.010113649828135285,-0.007776185670272624,-0.005334903047098325
2024-04,WLS,7,1759,0.014172353406602944,-0.004179659499484623,0.005757520548570933,0.00012352668441324984
2024-05,WLS,7,1752,-0.19088413811103938,0.0002538700785401906,0.019822885098478592,0.01623612992875477
2024-06,WLS,7,1969,0.2056378589241717,-0.004482453373897806,-0.0198500255699184,-0.011301079026768041
2024-07,WLS,7,1955,0.007723175330317908,-0.0037901335865482637,0.0021930631381231846,-0.000676307167864085
2024-08,WLS,7,1948,0.09372243421117447,-0.007964707391962865,-0.00564628064875417,-0.0018209267294060278
2024-09,WLS,7,1935,-0.2044858978242395,0.011370281148559676,0.013959505036999217,0.011332393585179856
2024-10,WLS,7,1922,0.0762388011540614,-0.0024922432259676264,-0.002941078423714273,0.0022929330840040624
2024-11,WLS,7,1911,0.05782669823533509,-0.01773391199691101,-0.003762435898628642,-0.002500463387651755
